{"type":"FeatureCollection","attribution":"© OpenStreetMap contributors","source":"https://osmdata.openstreetmap.de/download/simplified-land-polygons-complete-3857.zip","built_at":"2026-09-05T14:40:41Z","bbox":[135.0,40.97989806962013,180.0,66.51326044311186],"features":[{"type":"Feature","properties":{"kind":"ocean","land_share":0.3427},"geometry":{"type":"MultiPolygon","coordinates":[[[[180.0,40.97989806962013],[180.0,65.0388028],[179.95603319999998,65.0242131],[179.91183039999999,65.01891689999998],[179.8478222,64.9978213],[179.7723126,64.95490800000002],[179.7520566,64.9384978],[179.7488808,64.9302707],[179.6107363,64.8612733],[179.55460309999998,64.8282551],[179.52310319999998,64.8069359],[179.5223522,64.8010256],[179.5112586,64.796471],[179.49705359999996,64.7964071],[179.4856596,64.7927016],[179.4733349,64.7938744],[179.4665188,64.7988461],[179.45287009999998,64.799373],[179.34858799999998,64.7888539],[179.2908079,64.78695829999998],[179.20563689999997,64.76794260000001],[179.1403627,64.7612827],[179.0234184,64.7252468],[178.8960779,64.66877109999999],[178.7869561,64.6286659],[178.7150698,64.61026389999999],[178.6631724,64.5898981],[178.60903549999998,64.5738175],[178.55136569999996,64.5608424],[178.5225642,64.5658768],[178.529098,64.5766522],[178.51798559999997,64.5831159],[178.54551309999997,64.5793742],[178.56637539999997,64.5885697],[178.618319,64.5822156],[178.64878619999996,64.588419],[178.7105924,64.61072739999999],[178.7051931,64.61089299999999],[178.71041,64.6133919],[178.7497553,64.6224897],[178.7577563,64.6293689],[178.78798479999998,64.6324395],[178.8011706,64.6417849],[178.8171729,64.6414994],[178.8202924,64.65245429999999],[178.8102485,64.6539851],[178.7945496,64.6628454],[178.7904417,64.6720481],[178.767861,64.6766583],[178.65877749999999,64.6709606],[178.64088179999996,64.6656265],[178.60362049999998,64.6609412],[178.57946449999997,64.6505115],[178.53703199999998,64.6514393],[178.41232539999996,64.6423133],[178.3799082,64.6370218],[178.3086419,64.6369759],[178.26753439999996,64.6328141],[178.23813959999998,64.637151],[178.3373362,64.6371229],[178.318138,64.64557880000001],[178.32328549999997,64.6410203],[178.3188975,64.6379535],[178.3172222,64.6463393],[178.30795599999996,64.6529872],[178.180389,64.6659759],[178.1374283,64.6663515],[178.10472839999997,64.66187059999999],[178.02923129999996,64.6396122],[178.01126159999998,64.6370119],[178.02858979999996,64.6437243],[178.03364659999997,64.65905389999999],[178.02098929999997,64.6723542],[177.9938364,64.67938650000002],[177.93587919999996,64.68358929999998],[177.83218499999998,64.678432],[177.71446379999998,64.6886284],[177.67751029999997,64.6967361],[177.6318133,64.6966477],[177.63410919999998,64.699619],[177.66832079999998,64.7118943],[177.65218979999997,64.7053358],[177.6469376,64.6992609],[177.6706173,64.6976378],[177.67355979999996,64.70322539999998],[177.6779533,64.7011473],[177.68121940000003,64.7068165],[177.6759012,64.71456129999999],[177.6460246,64.72471719999999],[177.63723079999997,64.7447062],[177.6177005,64.7565812],[177.5909113,64.7611653],[177.5325494,64.7600243],[177.541314,64.7684142],[177.56375879999996,64.7753399],[177.56846699999997,64.7848854],[177.56203109999998,64.79358589999998],[177.54681,64.8001123],[177.51487889999999,64.8039675],[177.4809325,64.798453],[177.46440139999999,64.79240769999998],[177.4535258,64.7952518],[177.4526606,64.8018566],[177.4252832,64.8038496],[177.42627559999997,64.80626],[177.4182585,64.8117947],[177.40590689999996,64.815041],[177.4361703,64.819863],[177.49655479999998,64.8198755],[177.5388372,64.8430157],[177.51830219999997,64.8458638],[177.4923277,64.8551379],[177.5030994,64.8711982],[177.5096284,64.898378],[177.5170791,64.9052149],[177.5057236,64.9115571],[177.4740996,64.9178713],[177.4169498,64.9123322],[177.4066636,64.9164014],[177.30872220000003,64.91350279999999],[177.2503861,64.9217718],[177.23204479999998,64.9349986],[177.24311019999996,64.94205659999999],[177.25021879999997,64.9514096],[177.2491809,64.9579767],[177.2441858,64.9597205],[177.25350039999998,64.9693046],[177.2550556,64.9809164],[177.23391429999998,64.9895444],[177.227204,64.9956653],[177.2257546,65.0036754],[177.2185852,65.0084674],[177.1791583,65.0168575],[177.1230465,65.020147],[177.1083678,65.0244324],[177.1152332,65.0258926],[177.1057436,65.0270997],[177.1020019,65.0308183],[177.07275779999998,65.0380184],[177.01534509999996,65.0389997],[177.0178717,65.05234369999998],[176.9780087,65.0653011],[176.9472384,65.0690821],[176.87966819999997,65.0682681],[176.76568499999996,65.0438438],[176.71094649999998,65.0217984],[176.6040713,65.00569899999999],[176.59771439999997,65.0210464],[176.5805054,65.0365457],[176.5607214,65.0413947],[176.51648639999996,65.0419742],[176.49311899999998,65.0497053],[176.48767949999998,65.0583391],[176.4767253,65.0641748],[176.45460779999996,65.06551589999998],[176.451652,65.07534949999999],[176.4362132,65.0740677],[176.4163542,65.0677118],[176.4133705,65.0585791],[176.4251947,65.0507191],[176.4209991,65.0410774],[176.4806413,65.0267634],[176.47506239999998,65.01386889999999],[176.48189659999997,65.0044908],[176.49761969999997,65.00049200000001],[176.49735689999997,64.9971502],[176.52067719999997,64.984431],[176.55001399999998,64.9792685],[176.58813709999998,64.9828509],[176.61299229999997,64.9770086],[176.6751551,64.9762643],[176.8449834,65.0005453],[176.8672199,65.0054934],[176.89399819999997,65.02114939999998],[176.99464379999998,65.0281789],[176.99874759999997,65.0328619],[177.0091116,65.0361563],[177.02433179999997,64.9947027],[177.0409528,64.9822016],[177.05220309999999,64.9797357],[177.07352719999997,64.98256869999999],[177.08613060000002,64.9670837],[177.1042,64.95939249999999],[177.120028,64.9556589],[177.1333434,64.9566668],[177.146057,64.9507478],[177.2126691,64.9334086],[177.2194015,64.9178198],[177.2351934,64.9106536],[177.257058,64.907825],[177.2792737,64.91064859999999],[177.2621252,64.876896],[177.26261839999998,64.870384],[177.2722034,64.8620123],[177.2615781,64.8458371],[177.2666736,64.8400895],[177.26617819999998,64.8330132],[177.27940739999997,64.8258394],[177.3174727,64.82107119999999],[177.32624959999998,64.8147463],[177.3424244,64.811539],[177.3429286,64.8083745],[177.3137754,64.7917971],[177.29425429999998,64.7950032],[177.27377829999998,64.7925061],[177.24352579999996,64.7854085],[177.22327939999997,64.77496819999999],[177.172434,64.7648232],[177.15123949999997,64.77222430000002],[177.1369432,64.7714364],[177.1049168,64.7645636],[177.0691492,64.7516048],[177.0779205,64.7548385],[177.07438939999997,64.7631113],[177.03862239999998,64.7797739],[177.0098448,64.7820283],[176.9710809,64.7795446],[176.96552869999996,64.7941693],[176.96977990000002,64.804572],[176.9682306,64.81878560000001],[176.9157554,64.83743810000001],[176.8316056,64.8221251],[176.8141719,64.83603169999999],[176.7914054,64.8437588],[176.75091409999996,64.8481438],[176.72281559999996,64.84432609999999],[176.6836005,64.8548629],[176.64946610000004,64.84494119999998],[176.6228563,64.82959499999998],[176.60286179999997,64.82692269999998],[176.55288469999996,64.7989055],[176.48387639999999,64.8000879],[176.4479814,64.79522819999998],[176.4623535,64.8113924],[176.4650802,64.8252121],[176.45853379999997,64.8368994],[176.44272209999997,64.8466118],[176.40038629999998,64.8587227],[176.37714589999996,64.8598386],[176.27865939999998,64.8855944],[176.2486035,64.8862176],[176.2213804,64.879822],[176.22182969999997,64.8766034],[176.2316928,64.87023409999999],[176.2285902,64.8638132],[176.2390141,64.8567061],[176.24156629999996,64.8301217],[176.24811519999997,64.8214597],[176.2642601,64.8142199],[176.28622629999998,64.8106506],[176.28544019999998,64.8062992],[176.30710569999997,64.7688075],[176.32955129999996,64.7521088],[176.3355309,64.7511131],[176.3428187,64.7444129],[176.3407749,64.7427626],[176.3726127,64.719621],[176.40788909999998,64.7069954],[176.42782059999996,64.694372],[176.436004,64.6842751],[176.42724389999998,64.6802996],[176.4161061,64.6633264],[176.38914049999997,64.658395],[176.3857314,64.656131],[176.388596,64.65311119999998],[176.3754988,64.6503576],[176.3769498,64.6488693],[176.357139,64.64114959999999],[176.3252422,64.6382264],[176.30616899999998,64.6396826],[176.2561887,64.6339218],[176.23953489999997,64.6245864],[176.2515619,64.6092288],[176.2978005,64.5924586],[176.30099500000003,64.5928671],[176.2980419,64.5947383],[176.30980879999998,64.5923263],[176.3520791,64.5930812],[176.43423979999997,64.6167028],[176.4533257,64.6331462],[176.4583482,64.6461083],[176.47265639999998,64.6640702],[176.4883058,64.6676757],[176.53708039999998,64.6681973],[176.64243529999996,64.638021],[176.6900586,64.6168496],[176.70881159999996,64.60148319999999],[176.7252017,64.5932288],[176.7596235,64.5476316],[176.7617683,64.5398569],[176.77195789999996,64.5386048],[176.8302369,64.5542539],[176.84262679999998,64.5655981],[176.8650625,64.5734343],[176.8658132,64.5794798],[176.85958759999997,64.582154],[176.8645139,64.5842253],[176.8644952,64.59377139999998],[176.91008529999996,64.6199845],[176.9296771,64.6260998],[176.93731869999996,64.6342923],[177.0056033,64.6636868],[177.0441735,64.6860803],[177.0463246,64.690532],[177.0870459,64.7052673],[177.13113069999997,64.69911000000002],[177.1517622,64.701226],[177.1817172,64.6976015],[177.2226396,64.70392059999999],[177.25586679999998,64.7135553],[177.2983899,64.73304339999999],[177.33390569999997,64.7420988],[177.34317349999998,64.74942469999999],[177.35604879999997,64.7514611],[177.4306127,64.7391368],[177.50748179999997,64.7413674],[177.53919,64.7328813],[177.50117569999998,64.6873113],[177.4857671,64.6631434],[177.4817634,64.64052799999999],[177.48752389999999,64.6346055],[177.49927749999998,64.6301731],[177.4902001,64.6280283],[177.4838746,64.6169253],[177.45488529999997,64.60698199999999],[177.43449819999998,64.5751827],[177.412606,64.5169947],[177.41531299999997,64.4963971],[177.42122769999997,64.48001939999999],[177.4291026,64.4756787],[177.4536689,64.44565110000002],[177.46519929999997,64.4378558],[177.48634499999997,64.40874369999999],[177.5098866,64.39667209999999],[177.5473107,64.3831065],[177.5830398,64.35902569999999],[177.60976659999997,64.34834409999999],[177.6184084,64.3371432],[177.64240319999996,64.3375969],[177.700245,64.3136166],[177.70505539999996,64.3141989],[177.7828303,64.2670777],[177.85736799999998,64.23262529999998],[177.9307582,64.2176378],[177.97999309999997,64.2025852],[177.9954242,64.2031652],[178.0062389,64.2074603],[178.00332070000002,64.2130243],[177.99134729999997,64.21709390000001],[177.99400799999998,64.2198565],[178.0575325,64.2133363],[178.06937200000002,64.2097756],[178.0622005,64.20098],[178.0647325,64.1991122],[178.0879611,64.1913929],[178.1246694,64.1847188],[178.16380129999996,64.1840847],[178.16889579999997,64.19332159999999],[178.14412539999998,64.2192398],[178.1259971,64.2258803],[178.12208929999997,64.2227599],[178.12358659999998,64.23225299999999],[178.1685639,64.249622],[178.2544154,64.2729361],[178.3051048,64.3004401],[178.3318811,64.3230927],[178.32958459999998,64.33969420000001],[178.30815719999998,64.352026],[178.2960743,64.3816872],[178.2868765,64.3910785],[178.27213889999996,64.3974535],[178.2753422,64.3993398],[178.26391149999998,64.4065264],[178.24617019999997,64.4021352],[178.24835409999997,64.3991516],[178.24941259999997,64.4021035],[178.24980399999998,64.3990787],[178.24153869999998,64.3874841],[178.2435741,64.3791314],[178.24016859999998,64.3800498],[178.23960889999998,64.3865727],[178.24728339999996,64.3987577],[178.2331616,64.41606829999999],[178.22878719999997,64.4332299],[178.2332231,64.4328939],[178.25296449999996,64.4159149],[178.2810285,64.4014208],[178.35545089999997,64.3224503],[178.5015142,64.155552],[178.6102488,64.0509199],[178.63275639999998,64.0333501],[178.64539009999996,64.0272552],[178.648578,64.0194086],[178.6566105,64.01675079999998],[178.68657619999996,63.9735902],[178.78337599999998,63.739835],[178.8042788,63.61371329999999],[178.7995861,63.605455000000006],[178.8144356,63.5940852],[178.8270114,63.53378309999999],[178.84721409999997,63.49247400000001],[178.8710295,63.459656599999995],[178.9222287,63.40448589999999],[178.9669814,63.3636552],[179.0561898,63.293743400000004],[179.1106803,63.262911599999995],[179.18577699999997,63.230257900000005],[179.2447972,63.2276257],[179.2703084,63.2154905],[179.29907069999996,63.2079452],[179.32754389999997,63.1957369],[179.38299329999998,63.1583469],[179.3931543,63.14749109999999],[179.42971750000004,63.1309671],[179.4460129,63.1213641],[179.44907810000004,63.1156552],[179.45331219999997,63.115503200000006],[179.45716549999997,63.08130190000001],[179.4665726,63.0593144],[179.46084549999998,63.0545594],[179.455581,63.0553544],[179.43770739999997,63.04869199999999],[179.40163660000002,63.0623493],[179.3806457,63.06456429999998],[179.3678248,63.06244040000001],[179.37011,63.0649385],[179.34453249999999,63.057881],[179.32766669999998,63.0493387],[179.3008661,63.02731279999999],[179.2843008,63.0017831],[179.27956999999998,62.98533339999999],[179.2871042,62.95005019999999],[179.29460170000002,62.938156299999996],[179.3200123,62.9185468],[179.3202613,62.9060484],[179.32778989999997,62.896662],[179.36352639999998,62.87814710000001],[179.37429479999997,62.875713000000005],[179.403459,62.8799059],[179.42356789999997,62.8727632],[179.4779727,62.8671061],[179.51298889999998,62.86776299999999],[179.5654707,62.83881089999999],[179.5814649,62.8208316],[179.5757389,62.7981524],[179.57970859999998,62.773836],[179.5831632,62.76888779999999],[179.59850549999996,62.7655885],[179.6153225,62.755550899999996],[179.62643280000003,62.7333921],[179.61772329999997,62.7066299],[179.62866109999996,62.69752009999999],[179.63256169999997,62.68759169999999],[179.6250624,62.67898120000001],[179.6228308,62.66095629999999],[179.60786099999999,62.65599379999998],[179.59968559999996,62.6486106],[179.5946002,62.6358606],[179.5965743,62.626163799999986],[179.58932159999998,62.619789600000004],[179.56767079999997,62.6129107],[179.550612,62.6152203],[179.5107865,62.6136213],[179.4756818,62.59902949999999],[179.4569921,62.5877302],[179.4443965,62.5765056],[179.45643419999996,62.55467679999999],[179.4488382,62.5440729],[179.44576979999997,62.53060490000001],[179.4368863,62.5228341],[179.4237327,62.5172596],[179.41834689999996,62.5035417],[179.4098067,62.4969232],[179.38901419999996,62.49135379999999],[179.3847012,62.4856049],[179.361763,62.4773166],[179.3521499,62.4800036],[179.3245983,62.47775289999999],[179.3027329,62.484930799999994],[179.27681209999997,62.484008899999985],[179.24417489999996,62.491006899999995],[179.21323299999997,62.492602600000005],[179.1580439,62.4709849],[179.1354918,62.45467080000001],[179.1175961,62.4333483],[179.1172099,62.41887659999999],[179.16455239999996,62.4009235],[179.17737109999996,62.3929025],[179.1881365,62.391118000000006],[179.1594812,62.3687047],[179.1488294,62.3492683],[179.1584695,62.3314846],[179.18376009999997,62.32098200000001],[179.1796799,62.31386949999999],[179.1605838,62.30106620000001],[179.1610247,62.29509489999999],[179.1546297,62.2872263],[179.1125969,62.2753584],[179.095339,62.2744841],[179.08492679999998,62.2806759],[179.084472,62.291674599999986],[179.0667477,62.2966886],[179.0607098,62.30225780000001],[179.0568379,62.3142692],[179.0417692,62.327104000000006],[179.03923979999996,62.33418230000001],[179.0065179,62.34418170000001],[178.9144269,62.3545311],[178.8762713,62.36413180000001],[178.81724229999998,62.3718028],[178.7800763,62.384506800000004],[178.73655579999996,62.391849300000004],[178.67394029999997,62.39681650000001],[178.6215146,62.410298700000006],[178.5688256,62.41550760000002],[178.53070029999998,62.42527110000001],[178.4367495,62.4393723],[178.38728259999996,62.45236859999999],[178.32444139999998,62.45921810000001],[178.28180519999998,62.471664],[178.1657961,62.4937176],[178.1525298,62.502820099999994],[178.1376705,62.508033999999995],[178.13508539999998,62.51239460000001],[178.11316789999998,62.51847070000001],[178.1110444,62.52273529999999],[178.08947339999997,62.5312262],[177.89453969999997,62.54247459999999],[177.764141,62.55382170000001],[177.6018626,62.559862499999994],[177.3610496,62.555853600000006],[177.12506479999996,62.54052730000001],[177.0306103,62.52896030000001],[176.9143262,62.5094204],[176.54469249999997,62.4162834],[176.4444227,62.3780631],[176.38770809999997,62.3491856],[176.3398349,62.31653850000001],[176.2786922,62.292259200000004],[176.22755869999997,62.282476],[176.1303088,62.27383960000001],[175.9807101,62.249701900000005],[175.7887953,62.21008979999999],[175.5659714,62.153228600000006],[175.3996871,62.0982916],[175.29877539999998,62.0540599],[175.2819247,62.04342590000001],[175.27422669999999,62.04325239999999],[175.28021589999997,62.039263999999996],[175.21281859999996,62.0076688],[175.1526517,61.9930943],[175.13610959999997,61.991985699999994],[175.0653974,61.9727249],[174.9707736,61.9603488],[174.8207193,61.9175737],[174.76945789999996,61.8943935],[174.7607627,61.89485620000001],[174.7617106,61.89086679999999],[174.73895609999997,61.8793906],[174.72636629999997,61.8570952],[174.71731349999996,61.8529901],[174.6448601,61.839426100000004],[174.58232909999998,61.821221],[174.5606737,61.82208750000001],[174.52156949999997,61.81693839999999],[174.505698,61.8086128],[174.46367539999997,61.80696859999999],[174.4495014,61.8116208],[174.4378197,61.820616199999996],[174.40526939999998,61.82043699999999],[174.32434499999997,61.80856129999999],[174.2999623,61.7996252],[174.28745989999996,61.80375299999999],[174.27743559999996,61.80177320000001],[174.2713366,61.8053976],[174.25016139999997,61.803516399999985],[174.204786,61.795675499999994],[174.1320224,61.7777136],[174.13061859999996,61.7738434],[174.02444599999998,61.7402133],[174.01810529999997,61.73461489999998],[174.02550279999997,61.729889499999985],[174.01725769999996,61.7160342],[174.0072799,61.715520699999985],[173.9970675,61.7094673],[173.99530089999996,61.7020046],[173.9894753,61.698649299999985],[173.95074109999996,61.700531799999986],[173.9138226,61.6928213],[173.9063272,61.688100899999995],[173.90495919999998,61.6832089],[173.88730399999997,61.67614549999999],[173.8731157,61.663206900000006],[173.86299589999996,61.664129900000006],[173.85589719999996,61.66123960000001],[173.8380515,61.649205800000004],[173.8367941,61.64432999999999],[173.83089879999997,61.644972300000006],[173.8317218,61.649339600000005],[173.8161216,61.6733029],[173.7953803,61.6759687],[173.76163800000003,61.68613950000001],[173.73801519999998,61.6969602],[173.70334189999997,61.70247079999999],[173.6837974,61.717241300000005],[173.66912009999996,61.7194247],[173.6709346,61.723238800000004],[173.6459749,61.7392559],[173.59055879999997,61.739071299999985],[173.5198429,61.7234591],[173.518199,61.719415600000005],[173.4911924,61.70682320000001],[173.5093357,61.6802767],[173.50795689999998,61.66700560000001],[173.51361989999998,61.653108700000004],[173.49944889999998,61.6427757],[173.48735409999998,61.64689140000001],[173.4828308,61.6455048],[173.4721413,61.6349256],[173.4788833,61.631639999999976],[173.4991677,61.59600470000001],[173.49818579999996,61.57529089999999],[173.50703159999998,61.5651455],[173.5071018,61.5555735],[173.4927753,61.54236489999999],[173.4662435,61.535794199999984],[173.4579153,61.527141300000004],[173.45662759999996,61.53294099999999],[173.45054359999997,61.536606000000006],[173.437563,61.537221399999986],[173.43108269999996,61.541192399999986],[173.38604,61.53758399999999],[173.3751365,61.54161169999998],[173.333076,61.5252263],[173.31919899999997,61.52289520000001],[173.30799449999998,61.5156857],[173.3035686,61.508904300000005],[173.3205734,61.48847869999999],[173.3336119,61.4825234],[173.32826419999998,61.47148289999999],[173.30639179999997,61.4511809],[173.28539529999998,61.4430217],[173.2632031,61.4289749],[173.2403622,61.425649899999996],[173.2193525,61.41265109999999],[173.1955067,61.40390550000001],[173.18203399999996,61.403741],[173.17060439999997,61.3937887],[173.12302639999996,61.38513460000001],[173.11642639999997,61.388227499999985],[173.081908,61.381596900000005],[173.0716147,61.3825669],[173.0282382,61.401383200000005],[173.00353099999998,61.4064903],[172.99385929999997,61.4188757],[172.97123599999998,61.4370574],[172.9546184,61.437733400000006],[172.9254675,61.4331249],[172.93811739999998,61.4396625],[172.93851289999998,61.44241129999999],[172.9333333,61.449584],[172.9108005,61.4636235],[172.8759142,61.4619682],[172.8375726,61.4541244],[172.79049209999997,61.43873399999999],[172.7574547,61.42071299999999],[172.7389056,61.40258269999999],[172.74116669999998,61.39846339999999],[172.7872543,61.3859265],[172.7880019,61.3830068],[172.8086932,61.381247800000004],[172.8712037,61.367005199999994],[172.87910569999997,61.3605895],[172.87968069999997,61.3554067],[172.9000501,61.35804730000001],[172.910155,61.35034720000001],[172.94588459999997,61.3374426],[172.95739989999998,61.3227449],[172.9506931,61.318522599999994],[172.93225779999997,61.31952269999999],[172.93010599999997,61.311698199999995],[172.96949439999997,61.3032111],[172.96438359999996,61.29308290000001],[172.9704771,61.284515999999996],[172.96087689999996,61.2835926],[172.93720219999997,61.267398099999994],[172.91891039999996,61.260817499999995],[172.90030869999998,61.25954079999999],[172.87117129999996,61.267527900000005],[172.8340173,61.2712333],[172.7904796,61.2634143],[172.77706859999998,61.2559546],[172.7765536,61.24630489999999],[172.7420282,61.234824599999996],[172.71955069999998,61.230991800000005],[172.68546579999997,61.2156126],[172.67847819999997,61.2058018],[172.6686291,61.2004314],[172.67319049999998,61.188708000000005],[172.6666646,61.1822985],[172.6639004,61.17177140000001],[172.6503066,61.16617149999999],[172.584102,61.164999999999985],[172.57433019999996,61.166528099999994],[172.5657292,61.1729907],[172.5450423,61.170943400000006],[172.5275529,61.175003800000006],[172.50806279999998,61.17356290000001],[172.5029829,61.1834893],[172.4799906,61.186365600000016],[172.47720459999996,61.190920599999984],[172.45291289999997,61.195086200000006],[172.43770569999998,61.2101622],[172.404951,61.2140871],[172.38550189999998,61.2203693],[172.36622329999997,61.217860599999995],[172.34314549999996,61.208336499999994],[172.3398303,61.1989524],[172.3564504,61.193761099999996],[172.37206389999997,61.1777137],[172.37456179999998,61.170698499999986],[172.36949599999997,61.16469329999999],[172.3710427,61.159378299999986],[172.402585,61.1484322],[172.43793789999998,61.1419103],[172.4443709,61.138066],[172.4399487,61.1354081],[172.4414705,61.12916450000001],[172.434673,61.127559100000006],[172.42581149999998,61.12000630000001],[172.3860071,61.1246852],[172.36176179999998,61.113319],[172.2980497,61.1104974],[172.2561876,61.130865199999995],[172.24615249999997,61.1334047],[172.2413754,61.13107540000001],[172.2753656,61.112637],[172.27830599999996,61.10780309999999],[172.3076212,61.100552],[172.3532484,61.0982675],[172.37288189999998,61.101621099999996],[172.3828969,61.1080601],[172.4062715,61.1098943],[172.4101431,61.104758099999984],[172.4183031,61.1032866],[172.426853,61.0964038],[172.4227372,61.08700850000001],[172.4105077,61.0852391],[172.4135403,61.0715659],[172.3988829,61.057096300000005],[172.4052165,61.05161919999999],[172.3988576,61.0476028],[172.40366899999998,61.04425520000002],[172.4112592,61.045299299999996],[172.4180591,61.0533372],[172.44379609999996,61.06741710000001],[172.4530636,61.0663158],[172.4546215,61.068463300000005],[172.4506146,61.069835000000005],[172.46295129999996,61.073602],[172.4719,61.07226370000001],[172.4615719,61.0698616],[172.46115899999998,61.066424],[172.48189309999998,61.061651999999995],[172.483984,61.050139300000005],[172.4588194,61.0294698],[172.4237987,61.01805900000001],[172.42325749999998,61.012012199999994],[172.40288909999998,61.00867800000001],[172.3905435,61.0103858],[172.3832516,61.0088583],[172.3833203,61.0047949],[172.37480159999998,61.0055334],[172.37000579999997,61.00967279999998],[172.3546636,61.0127197],[172.35466019999998,61.01676080000001],[172.3460591,61.0177315],[172.318097,61.0073934],[172.27779879999997,61.004797299999986],[172.26792099999997,61.008825200000004],[172.26982,61.0140455],[172.2524206,61.01424500000001],[172.25275039999997,61.01706089999999],[172.2408092,61.023833999999994],[172.2183292,61.0322992],[172.2197592,61.04150070000001],[172.1938169,61.04217080000001],[172.1846437,61.0530515],[172.15391629999996,61.06704289999998],[172.1470897,61.0661983],[172.14682709999997,61.06100229999999],[172.1401004,61.0648173],[172.11378509999997,61.068882900000006],[172.0487523,61.0951705],[172.02226280000002,61.0829425],[172.00745610000004,61.0868007],[172.00257059999998,61.08172259999999],[172.0052339,61.0781969],[172.0273483,61.08051450000001],[172.05626909999998,61.07598500000001],[172.0641977,61.069801700000006],[172.1505952,61.04108219999999],[172.1486726,61.035182],[172.144397,61.034852499999985],[172.1376322,61.027549799999996],[172.10004199999997,61.01571229999998],[172.10441449999996,61.0136972],[172.1234588,61.0199844],[172.13755469999998,61.0208996],[172.1507912,61.028905399999985],[172.1654897,61.02665],[172.16433230000004,61.01795669999999],[172.17416339999997,61.005965800000006],[172.1859828,60.99957630000001],[172.19735039999998,60.9784626],[172.20478339999997,60.97284890000001],[172.21651619999997,60.9699752],[172.2121029,60.953942000000005],[172.2148148,60.947744799999995],[172.1972966,60.94362569999999],[172.1978687,60.9374107],[172.1879242,60.93814739999999],[172.17474039999996,60.931734],[172.1488387,60.931680500000006],[172.1321163,60.92157910000001],[172.1140373,60.9013574],[172.094323,60.888417799999985],[172.0920436,60.8784457],[172.10146840000002,60.87372609999999],[172.10192979999997,60.86906509999999],[172.0974099,60.866955699999984],[172.1113657,60.8594864],[172.1007289,60.85978],[172.0951762,60.8653135],[172.07877389999996,60.861962799999986],[172.0702017,60.85459269999998],[172.07626859999996,60.84276760000001],[172.07156459999996,60.8364114],[172.0424804,60.838257199999994],[172.03969719999998,60.8474376],[172.0349604,60.849543799999985],[172.0330046,60.8545041],[172.0361727,60.8570345],[172.03084589999997,60.86733180000001],[172.01477049999997,60.885911899999996],[172.0072544,60.8871438],[171.96604249999996,60.88222009999999],[171.95780709999997,60.85717420000001],[171.96364029999998,60.848355600000005],[171.9750926,60.84856619999999],[171.9801293,60.842561700000005],[171.9645981,60.8384115],[171.9449056,60.8281102],[171.89936999999998,60.823718500000005],[171.8854383,60.8190583],[171.8696034,60.8257806],[171.8424128,60.821859700000005],[171.8159915,60.82523930000001],[171.80101129999997,60.8438809],[171.7826715,60.84675339999998],[171.7535778,60.8440649],[171.7126917,60.83418669999998],[171.7027145,60.8282812],[171.7022585,60.8128193],[171.683744,60.808073300000004],[171.6577822,60.8087844],[171.6236415,60.7809861],[171.6207974,60.77060519999999],[171.633255,60.7664816],[171.65564189999998,60.74846139999999],[171.65242359999996,60.73555689999999],[171.6364539,60.72396020000001],[171.6344245,60.7187508],[171.621532,60.71492049999999],[171.5841116,60.7147869],[171.55946739999996,60.7190187],[171.5278603,60.715013099999986],[171.47547719999997,60.696758800000005],[171.4301933,60.6678356],[171.4159939,60.654610000000005],[171.42043939999996,60.65025139999999],[171.4144642,60.653393699999995],[171.4149159,60.657781],[171.4130448,60.65430369999999],[171.41593839999996,60.6513908],[171.4033564,60.6418325],[171.3981406,60.629873],[171.4041893,60.624246500000005],[171.40035209999996,60.6230052],[171.40230369999998,60.6170416],[171.3949076,60.61395879999999],[171.3421014,60.609636899999984],[171.2944329,60.5947168],[171.2855925,60.588312],[171.21528289999998,60.559172499999995],[171.18824999999998,60.55191199999999],[171.15536330000003,60.545120299999994],[171.1286922,60.5539963],[171.08321209999997,60.5463165],[171.03088759999997,60.52682749999999],[171.01140299999997,60.51215460000001],[170.98515030000002,60.50162149999999],[170.96528629999997,60.5062408],[170.9452334,60.4992945],[170.9422371,60.494325399999994],[170.9251302,60.4896817],[170.87988849999996,60.48948199999999],[170.8509725,60.47795990000001],[170.8348124,60.46735360000001],[170.8152567,60.45096379999999],[170.81532659999996,60.4376465],[170.7938215,60.425333299999984],[170.7880795,60.4183356],[170.7692442,60.4225311],[170.75071699999998,60.4208432],[170.7305638,60.4107502],[170.7347403,60.403647199999995],[170.71378080000002,60.40627229999999],[170.7041374,60.4039438],[170.6492554,60.41189],[170.6428309,60.40964169999999],[170.6250759,60.3917581],[170.6367964,60.385803399999986],[170.6373377,60.381470300000004],[170.66132279999997,60.37565029999999],[170.61860809999996,60.3692682],[170.61694799999998,60.35530090000001],[170.6232057,60.35088009999999],[170.65150559999998,60.3527274],[170.65886090000004,60.349805],[170.6820321,60.349685099999995],[170.6858691,60.34538600000001],[170.6915676,60.3455231],[170.69459159999997,60.34261730000001],[170.6861844,60.3403019],[170.68063559999996,60.3265713],[170.6821506,60.32237670000001],[170.69112429999998,60.317761799999985],[170.6906906,60.31323840000001],[170.67728549999998,60.2986741],[170.6715787,60.3000646],[170.6402714,60.28815999999999],[170.5704996,60.2813256],[170.5557029,60.2753256],[170.54860159999998,60.2673298],[170.5361072,60.2640699],[170.5181008,60.2493726],[170.49528269999996,60.22069079999999],[170.4807804,60.1911171],[170.46771280000002,60.1388231],[170.45894149999998,60.12178050000001],[170.4627362,60.0963334],[170.45348240000004,60.07011239999999],[170.4614605,60.0595441],[170.4578215,60.05686489999999],[170.4640688,60.0581361],[170.4431722,60.04064700000001],[170.43974879999996,60.03428769999999],[170.44220349999998,60.0275677],[170.4333056,60.0227526],[170.43190529999998,59.9945213],[170.42473469999996,59.979202300000004],[170.4271407,59.9709094],[170.39126189999996,59.945395],[170.360174,59.9428274],[170.3231036,59.93083740000001],[170.294889,59.9261678],[170.25757139999996,59.930257699999984],[170.25202629999998,59.9364469],[170.24054999999998,59.93973019999999],[170.23368359999998,59.949832900000004],[170.2141572,59.960090099999995],[170.1590678,59.96394000000001],[170.1265699,59.971569399999986],[170.13230649999997,59.975219999999986],[170.1306667,59.982168200000004],[170.1515771,59.993003],[170.15343329999996,60.00327449999999],[170.1589595,60.006657],[170.15081329999998,60.0164648],[170.13045059999996,60.0271976],[170.07798509999998,60.04452090000001],[169.9751127,60.064995200000006],[169.9581091,60.0723693],[169.94513529999998,60.09139940000001],[169.9428715,60.1099259],[169.92970569999997,60.1388626],[169.91784689999997,60.15009440000001],[169.8836669,60.168190700000004],[169.8814942,60.19392630000001],[169.87258939999998,60.1996393],[169.87063660000004,60.20500950000001],[169.8701157,60.21822980000001],[169.8776693,60.22533980000001],[169.8733914,60.227149700000005],[169.87392899999998,60.233674399999984],[169.84185019999998,60.25101999999999],[169.79107730000004,60.26352690000001],[169.7810155,60.2698677],[169.7845882,60.28138239999999],[169.77131299999996,60.296383500000005],[169.780858,60.30510689999999],[169.78053369999998,60.30921010000001],[169.7702599,60.31703559999998],[169.7360716,60.3329063],[169.74124989999999,60.339506899999996],[169.73441039999997,60.3505992],[169.74313299999997,60.3548909],[169.74277759999998,60.3655321],[169.75111099999998,60.375548899999984],[169.74716949999998,60.38716039999999],[169.7250806,60.40218269999998],[169.66805829999998,60.42452769999999],[169.6215308,60.4385652],[169.5080515,60.46191859999999],[169.4717784,60.481865699999986],[169.4340046,60.4922692],[169.43152359999996,60.497307600000006],[169.41985549999998,60.50170580000001],[169.42238149999997,60.510444299999996],[169.4123492,60.5152409],[169.27290199999996,60.5373379],[169.2305231,60.54775310000001],[169.04103019999997,60.559604299999975],[168.76531539999996,60.56449199999999],[168.7414109,60.563419700000004],[168.7196201,60.5572508],[168.7135116,60.54753169999999],[168.7198463,60.542974],[168.71501620000004,60.54109360000001],[168.69367209999996,60.544176099999994],[168.68681119999997,60.550582],[168.6735577,60.55420049999999],[168.6398343,60.5528539],[168.62702249999998,60.562532899999994],[168.62088899999998,60.5739485],[168.6002378,60.5777449],[168.57305539999996,60.57539979999999],[168.5714896,60.5873431],[168.56108009999997,60.5937489],[168.4929289,60.596481],[168.3231881,60.59058430000001],[168.1342802,60.56619310000001],[168.03840119999998,60.54720219999999],[167.9816908,60.5239799],[167.96069080000004,60.52234059999999],[167.9113957,60.507528],[167.87278059999997,60.5018843],[167.8350936,60.50679470000001],[167.83015269999999,60.514417400000006],[167.8237622,60.515841800000004],[167.8262018,60.5269639],[167.79873129999996,60.5313591],[167.7789885,60.522964],[167.7753405,60.5182696],[167.776743,60.50585589999999],[167.80691609999997,60.4867666],[167.78686430000002,60.46954219999999],[167.7639366,60.467216199999996],[167.7641011,60.4705964],[167.75703659999996,60.473700199999996],[167.7347126,60.47843129999999],[167.72004069999997,60.476683200000004],[167.71213499999996,60.4742636],[167.71426889999998,60.4699789],[167.708607,60.46313139999999],[167.6699597,60.4479958],[167.6413176,60.4445473],[167.57985399999998,60.429289],[167.5431056,60.427382400000006],[167.52068209999996,60.42951589999999],[167.4867868,60.42064259999999],[167.4794939,60.4130869],[167.4625289,60.40647649999998],[167.43239009999996,60.4160174],[167.4082732,60.4115268],[167.39484,60.40758410000001],[167.39812769999997,60.39174220000001],[167.3782486,60.377086500000004],[167.36374629999997,60.377451900000004],[167.3505044,60.386563299999985],[167.32050249999998,60.3822786],[167.3202609,60.373942400000004],[167.3062132,60.3609646],[167.2282008,60.33861439999998],[167.19887879999996,60.338555099999994],[167.1853044,60.3458546],[167.1689335,60.3467152],[167.12924439999998,60.3574833],[167.08186939999996,60.38071240000001],[167.0759584,60.3895791],[167.0788656,60.39715840000001],[167.067325,60.405065799999996],[167.08713769999997,60.405383699999994],[167.0912654,60.40164060000001],[167.1184561,60.4025196],[167.11774709999997,60.40868460000001],[167.07612209999996,60.4074949],[167.0655057,60.413602000000004],[167.0484805,60.416227],[167.0030234,60.41506719999999],[167.0013889,60.4129467],[167.00647919999997,60.4113867],[167.04923139999997,60.4082474],[167.05493329999996,60.4109174],[167.05111849999997,60.40726589999999],[167.04816519999997,60.38530269999999],[167.0417537,60.380746800000004],[167.0654836,60.3641362],[167.0579168,60.350502],[167.0788193,60.33994469999998],[167.084007,60.3338692],[167.0880947,60.320678900000004],[167.0806924,60.3175296],[167.0737206,60.30680300000001],[167.05595859999997,60.3014564],[167.0097584,60.29945029999998],[166.9958889,60.30169599999999],[166.98267759999996,60.2984329],[166.97933469999998,60.2955297],[166.98186869999998,60.2894319],[166.9705206,60.289178400000004],[166.9598422,60.283733399999996],[166.95872709999998,60.27768939999999],[166.9680241,60.27350899999998],[166.96688380000003,60.2717364],[166.94997419999999,60.266664999999996],[166.9456426,60.260269699999995],[166.9334344,60.25206989999999],[166.9229233,60.2495847],[166.91321819999996,60.24214400000001],[166.91360349999997,60.23827389999999],[166.9082191,60.23754430000001],[166.88681389999996,60.2227365],[166.86869809999996,60.22428869999999],[166.83918609999998,60.22101729999999],[166.7874849,60.227216600000006],[166.78839119999998,60.2233812],[166.8158944,60.21619580000001],[166.8611048,60.214290500000004],[166.8548983,60.2050659],[166.83723389999997,60.1974204],[166.8155842,60.1747658],[166.78799919999997,60.15817319999999],[166.7704815,60.13854499999999],[166.77194039999998,60.1310591],[166.7416399,60.101126400000005],[166.70359779999998,60.07858130000001],[166.6770288,60.0685837],[166.6514118,60.04742590000001],[166.6077268,60.0251982],[166.5850818,60.004843699999995],[166.48673099999996,59.9607099],[166.4665604,59.95021030000001],[166.4653265,59.945860999999994],[166.4272351,59.93131970000001],[166.405307,59.910043800000004],[166.3926172,59.8866331],[166.38151779999998,59.88047410000001],[166.3642688,59.8584988],[166.3369756,59.8364389],[166.2970603,59.816103899999995],[166.2964844,59.8128154],[166.28530739999997,59.809543100000006],[166.2549984,59.8120841],[166.21040479999996,59.80512379999999],[166.1928463,59.81206250000001],[166.15166629999996,59.801822900000005],[166.11715509999996,59.8017721],[166.1108458,59.799360599999986],[166.0918933,59.803559199999995],[166.0942429,59.8089523],[166.0900801,59.81220280000001],[166.09332829999997,59.8154463],[166.0903376,59.82213049999999],[166.0950751,59.82798770000001],[166.0926765,59.8321982],[166.10343749999998,59.841492],[166.1100358,59.86003420000001],[166.1085757,59.86475029999999],[166.09896899999998,59.871638700000005],[166.0993336,59.8767939],[166.12529749999996,59.89592249999998],[166.1229942,59.9074058],[166.1352807,59.92826179999999],[166.14760819999998,59.9361354],[166.1601448,59.95731730000001],[166.1801863,59.97227050000001],[166.17157639999996,59.9853439],[166.17276729999998,60.00277059999999],[166.1638248,60.012228599999986],[166.1750901,60.018603899999995],[166.1770159,60.02480649999998],[166.1882114,60.03476999999999],[166.1761549,60.051212],[166.1838596,60.062223],[166.1826915,60.0709621],[166.18704199999996,60.07925399999999],[166.20176729999997,60.0868584],[166.20630429999997,60.0926944],[166.2047687,60.112480500000004],[166.20859089999996,60.128009500000005],[166.21964419999998,60.1328144],[166.26657749999998,60.13971130000001],[166.2814504,60.14461730000001],[166.28886939999998,60.1553682],[166.2895077,60.173196299999994],[166.30482319999996,60.1820907],[166.31360199999997,60.1948359],[166.3088035,60.217298],[166.28468209999997,60.24353859999999],[166.29176619999998,60.2514719],[166.29492039999997,60.2639587],[166.2907255,60.278924799999984],[166.2804472,60.290927799999984],[166.2932253,60.3019963],[166.2871849,60.315739],[166.2910044,60.3208498],[166.282078,60.3369209],[166.252901,60.3680447],[166.2598988,60.38047370000001],[166.2589839,60.39597239999999],[166.26278220000003,60.399019599999995],[166.26916589999996,60.39740309999999],[166.26333469999997,60.39126],[166.2621385,60.37966500000001],[166.25362779999998,60.369022],[166.2661317,60.36080779999999],[166.2770033,60.36481129999999],[166.2756836,60.3681773],[166.2992817,60.3708984],[166.30604089999997,60.375106999999986],[166.3189208,60.3712856],[166.33293979999996,60.37465929999999],[166.37125609999998,60.4000927],[166.38010739999999,60.40174079999999],[166.3890498,60.408446100000006],[166.386491,60.4255729],[166.3608867,60.437278600000006],[166.3565737,60.44250000000001],[166.3577297,60.44502309999999],[166.38359959999997,60.45172089999999],[166.37901299999996,60.4567946],[166.3602805,60.46021189999999],[166.36258179999996,60.462637099999995],[166.3530063,60.4617035],[166.3507184,60.4521197],[166.3396302,60.4496428],[166.313197,60.464511999999985],[166.27292439999997,60.473480300000006],[166.2256175,60.46533970000001],[166.16126599999998,60.44094799999999],[166.17353169999998,60.439942299999984],[166.16333659999998,60.44149180000001],[166.2028563,60.44357179999999],[166.2192714,60.448125499999996],[166.2295604,60.4466703],[166.24198169999997,60.4517751],[166.2405735,60.447921799999996],[166.2310597,60.4448168],[166.17819609999998,60.43944350000001],[166.1185813,60.43830810000001],[166.0541922,60.42503140000001],[166.0414866,60.42658420000001],[166.0162657,60.423277299999995],[165.98744809999997,60.4158546],[165.9666476,60.40421799999999],[165.9508708,60.38769370000001],[165.95713379999998,60.387147699999986],[165.9668863,60.37776929999998],[165.96314189999998,60.364307399999994],[165.9677795,60.3570158],[165.9590784,60.353397999999984],[165.9480303,60.355308399999984],[165.9532687,60.3521428],[165.94821179999997,60.34833390000001],[165.9209347,60.34757459999999],[165.9245703,60.343957599999996],[165.9170562,60.341208200000004],[165.9201193,60.336989899999985],[165.9695691,60.34835790000001],[166.0002448,60.361260200000004],[166.00163949999998,60.36489649999999],[165.99490049999997,60.3641793],[166.01403719999996,60.37463780000001],[166.0145101,60.38013560000001],[166.0261205,60.388139100000004],[166.02400639999996,60.391336300000006],[166.0436994,60.4064514],[166.0454321,60.411201],[166.098808,60.4310848],[166.0541922,60.4124446],[166.03980209999997,60.4002954],[166.0282016,60.3782505],[166.01315439999996,60.364019500000005],[165.98321289999998,60.351712999999975],[165.94055230000004,60.339761400000015],[165.83428859999998,60.3161481],[165.8142847,60.30274839999999],[165.80491839999996,60.28766819999999],[165.7709321,60.267072899999995],[165.7360366,60.2570213],[165.69235149999997,60.249385000000004],[165.6871211,60.24565539999999],[165.6905597,60.241159800000005],[165.63773099999997,60.2347662],[165.61754199999996,60.2230156],[165.5361879,60.2001536],[165.3860163,60.1665253],[165.35632970000003,60.15629189999999],[165.29581899999997,60.12788659999999],[165.2821183,60.1176866],[165.27519819999998,60.1052831],[165.22750909999996,60.0871285],[165.1885759,60.0822628],[165.17554209999997,60.0889623],[165.1830643,60.08656409999999],[165.19301529999998,60.090208200000006],[165.19673059999997,60.09483639999999],[165.19551009999998,60.10199360000001],[165.1810158,60.10394720000001],[165.1726359,60.108826199999996],[165.15025499999996,60.11135319999999],[165.1512549,60.1176173],[165.18854679999998,60.129479],[165.1877775,60.1324919],[165.1732314,60.13882319999998],[165.17067789999996,60.1433795],[165.15545049999997,60.14026999999999],[165.1449823,60.1241404],[165.12663599999996,60.115454799999995],[165.12756939999997,60.10799139999999],[165.13412829999996,60.1029542],[165.1291662,60.0984433],[165.0859357,60.095885899999985],[165.07256,60.088708899999986],[165.078426,60.0961325],[165.100278,60.105285800000004],[165.0878318,60.10706280000001],[165.06982149999996,60.10301039999999],[165.0559866,60.1088843],[165.02675769999996,60.1010717],[165.02048779999998,60.0949688],[165.0366086,60.079623500000004],[165.03024659999997,60.0692654],[165.01497029999996,60.06529290000001],[165.0309107,60.057863600000005],[165.02478989999997,60.051455700000005],[165.04928109999997,60.0578258],[165.0529557,60.0669043],[165.07933529999997,60.07437439999999],[165.0899702,60.070416099999996],[165.1001036,60.0723137],[165.1053447,60.0846052],[165.11468679999996,60.07618209999999],[165.12203599999998,60.081929699999996],[165.1359057,60.07887],[165.15851139999998,60.081462800000004],[165.1656353,60.07934100000001],[165.1645142,60.0730737],[165.14950989999997,60.062291899999984],[165.14116289999998,60.0513512],[165.13812659999996,60.03896559999998],[165.14068009999997,60.02854250000001],[165.1449501,60.02231110000002],[165.1548636,60.016606800000005],[165.1853764,60.00849620000001],[165.19836369999996,60.0100594],[165.19235279999998,60.00530099999999],[165.1915991,59.9976798],[165.21071659999998,59.99281630000001],[165.2153286,59.9863152],[165.1914811,59.98366799999999],[165.16499969999998,59.96652520000001],[165.1587957,59.9563612],[165.1590022,59.9443847],[165.1319253,59.922999600000004],[165.1303643,59.90391279999999],[165.13360169999999,59.89924260000001],[165.1179832,59.8871876],[165.0994277,59.8800386],[165.0707334,59.8559478],[165.0416905,59.8436723],[165.0026536,59.8387618],[164.982132,59.84062829999999],[164.940244,59.83274],[164.9188533,59.819744],[164.9035621,59.8056326],[164.8907626,59.802249200000006],[164.86963209999996,59.80278749999999],[164.84959600000002,59.78918319999999],[164.84895499999996,59.785875],[164.83640089999997,59.782157500000004],[164.82557419999998,59.7850827],[164.82718879999996,59.7977887],[164.82261839999998,59.807821899999986],[164.79914899999997,59.8169661],[164.7948924,59.8265325],[164.7931328,59.8346338],[164.8017105,59.8664873],[164.7829646,59.911129300000006],[164.779695,59.930250900000004],[164.76353999999998,59.94528739999998],[164.73451319999998,59.96250830000001],[164.7282797,59.9776604],[164.71568139999997,59.9923602],[164.71634659999998,59.99636539999999],[164.7065082,60.000346],[164.69011990000004,60.00051769999999],[164.6515042,60.0179271],[164.6249074,60.016853399999995],[164.6038064,60.020339699999994],[164.6110994,60.021729499999985],[164.61151239999998,60.03048540000001],[164.589749,60.04176779999999],[164.56736859999998,60.06219819999999],[164.5365608,60.074163],[164.5195985,60.0854733],[164.4834906,60.101796500000006],[164.4173795,60.10467349999998],[164.4040275,60.0984993],[164.38015579999998,60.093733499999985],[164.3659079,60.0820755],[164.36551709999998,60.077993000000006],[164.3720341,60.074733],[164.36047369999997,60.055341299999995],[164.3549859,60.0565851],[164.3630648,60.0836701],[164.35268729999999,60.090305799999996],[164.34221819999996,60.0891963],[164.332627,60.078185000000005],[164.3132991,60.071130700000005],[164.29869769999996,60.03777459999999],[164.3079936,60.033880399999994],[164.3083799,60.02507990000001],[164.31804659999997,60.0139017],[164.31548240000004,60.005766300000005],[164.3203747,60.00367979999999],[164.32091229999997,59.9986922],[164.3370473,59.99973719999999],[164.33676569999997,60.0216879],[164.33990659999998,60.01954009999999],[164.3394989,60.010367800000004],[164.3438241,60.0057913],[164.3392561,60.00914039999999],[164.3462419,59.998798400000005],[164.3441404,59.993815600000005],[164.3202674,59.9840062],[164.21706489999997,59.97073000000001],[164.16885079999997,59.9516769],[164.1428253,59.935269599999984],[164.12408209999998,59.9127357],[164.1243084,59.8948688],[164.1358203,59.8839179],[164.16398159999997,59.880166599999995],[164.1938283,59.8680377],[164.20566049999996,59.86932779999999],[164.2195507,59.8642797],[164.2160876,59.85756740000001],[164.20382719999998,59.8531697],[164.19387169999996,59.854596300000004],[164.1819138,59.8627623],[164.15584,59.869307099999986],[164.12489099999996,59.8699372],[164.0834855,59.8644288],[164.07448119999998,59.87804920000001],[164.0801128,59.88173450000001],[164.0785108,59.887854600000004],[164.066774,59.8948961],[164.09430069999996,59.9112792],[164.12345879999998,59.9134994],[164.1430195,59.936518099999994],[164.178525,59.958182],[164.18274299999996,59.963507199999995],[164.19064209999996,59.963283699999984],[164.2351409,59.97732440000001],[164.2379558,59.98328560000001],[164.22590729999996,59.9847186],[164.21660539999996,59.99032120000001],[164.1919184,59.992784099999994],[164.191103,59.99504289999999],[164.18682219999997,59.98879180000001],[164.1922295,59.98938210000001],[164.1941553,59.98338220000001],[164.17815149999998,59.9778656],[164.16592909999997,59.98023990000001],[164.15349469999998,59.978120899999986],[164.1081408,59.992717],[164.06656,60.0012235],[164.0538583,60.010203100000005],[164.0564876,60.0128315],[164.0530235,60.01718040000001],[164.06018169999996,60.02303169999999],[164.0420521,60.023035300000004],[164.02650079999998,60.01872600000001],[164.0305408,60.0108678],[164.0176338,60.00944539999998],[164.00525340000002,60.0165635],[164.0097374,60.0179391],[163.9982843,60.028108299999985],[163.9884674,60.02429730000001],[163.9984345,60.01877819999999],[164.00103629999998,60.0138159],[163.99723019999996,60.0129271],[163.96818729999998,60.019353200000005],[163.94102449999997,60.01947380000001],[163.8347125,60.0032426],[163.8878634,60.01597679999998],[163.89498979999996,60.0145706],[163.92665860000002,60.02049239999999],[163.92552940000002,60.02462160000001],[163.8896322,60.022017700000006],[163.86712429999997,60.0284514],[163.8758039,60.031921700000005],[163.87468279999996,60.035003100000004],[163.86035439999998,60.041270899999994],[163.8372686,60.03845129999999],[163.82978799999998,60.042634400000004],[163.82129069999996,60.03932460000001],[163.814888,60.030871199999986],[163.793841,60.017663000000006],[163.79664659999997,60.022415699999996],[163.7918253,60.026161599999995],[163.7520388,60.03424879999999],[163.7386814,60.03124510000001],[163.7272015,60.034019699999995],[163.67380139999997,60.02337519999999],[163.6618012,60.0143172],[163.64716709999996,60.0098369],[163.6485779,60.0055571],[163.6376781,59.99189090000001],[163.6398554,59.988105],[163.65353460000003,59.981938500000005],[163.69405749999999,59.973601900000006],[163.69193849999996,59.96558550000001],[163.6963642,59.9560148],[163.7275207,59.9575241],[163.7583554,59.9505622],[163.7690554,59.957441899999985],[163.76854719999997,59.9655782],[163.74868089999998,59.97828510000001],[163.74826489999998,59.98151980000001],[163.7611315,59.978222699999996],[163.76034559999997,59.97684180000001],[163.75669779999998,59.97631030000001],[163.76142649999997,59.97182209999998],[163.77278029999997,59.9723429],[163.7823009,59.97761899999998],[163.78171469999998,59.980538900000006],[163.7962443,59.9741978],[163.80193589999996,59.977155800000006],[163.797006,59.97613049999999],[163.794179,59.9790453],[163.8103044,59.981187],[163.8274569,59.99090969999999],[163.8267192,59.993771200000005],[163.8211474,59.9942528],[163.83024919999997,59.99495339999999],[163.83510139999999,59.992320199999995],[163.7867546,59.9685603],[163.7632209,59.953178499999986],[163.7296745,59.911169600000015],[163.71388969999998,59.8999287],[163.7077153,59.890966000000006],[163.694146,59.88291069999998],[163.69116069999998,59.8769885],[163.6641347,59.888543999999996],[163.6069903,59.897206],[163.5846984,59.8980387],[163.53855639999998,59.890694199999984],[163.5269746,59.89206389999998],[163.50776459999997,59.8846966],[163.4879619,59.8691156],[163.4461194,59.84494959999999],[163.41667409999997,59.8228344],[163.38644029999998,59.78546869999999],[163.37634309999999,59.7662171],[163.36956379999998,59.7314117],[163.3711073,59.7216842],[163.38581079999997,59.7039179],[163.3975327,59.67719610000001],[163.4147608,59.6603473],[163.42341199999998,59.64413090000001],[163.4164806,59.6217225],[163.35939289999996,59.590496499999986],[163.34817589999997,59.5858964],[163.3093858,59.5750589],[163.3002233,59.5753958],[163.3079588,59.578302400000005],[163.30877149999998,59.58164060000001],[163.32704279999996,59.5820154],[163.32844289999997,59.58626700000001],[163.34564389999997,59.58608920000001],[163.3607675,59.59248],[163.2781997,59.5912785],[163.26414759999997,59.58639060000001],[163.2470781,59.5726574],[163.2392836,59.572858399999994],[163.24726849999996,59.573564700000006],[163.25191139999998,59.58008559999999],[163.23227230000003,59.5749869],[163.23381369999998,59.57725680000001],[163.22857079999997,59.580211899999995],[163.19166899999996,59.5607965],[163.21387769999998,59.5676717],[163.2047152,59.558769000000005],[163.18979679999998,59.5284072],[163.188622,59.513941300000006],[163.19395959999997,59.5102739],[163.2012472,59.52316870000001],[163.2151249,59.5301332],[163.2123783,59.531914900000004],[163.2424593,59.53914540000001],[163.246264,59.54646890000001],[163.26667959999997,59.5487969],[163.272846,59.55410750000001],[163.26915259999998,59.55778779999999],[163.27488180000003,59.5553416],[163.2734656,59.55238400000001],[163.2595128,59.54322039999999],[163.2333264,59.5343561],[163.2148433,59.5233269],[163.20507999999998,59.5029051],[163.2058632,59.48550979999999],[163.2132178,59.476353800000005],[163.2453883,59.4725638],[163.24952959999996,59.466851999999996],[163.31749409999998,59.4219948],[163.33237229999997,59.40376739999999],[163.3452147,59.3558777],[163.3480793,59.303083199999996],[163.34229379999996,59.273496399999985],[163.3345717,59.265346699999995],[163.3138704,59.250201099999984],[163.2964066,59.229694],[163.27213529999997,59.21585249999999],[163.2608485,59.21743659999999],[163.2675586,59.2249364],[163.266921,59.23000549999999],[163.3081198,59.25018459999998],[163.31106169999998,59.25705589999999],[163.33285919999997,59.265283600000004],[163.3411539,59.2727666],[163.3416527,59.2808186],[163.3333589,59.28707649999998],[163.3138972,59.28818650000001],[163.2704616,59.2842411],[163.2292467,59.2848055],[163.16999669999998,59.27999650000002],[163.1365818,59.26992690000001],[163.10403579999996,59.2669992],[163.0865747,59.26047119999999],[163.07786289999999,59.2534909],[163.07056189999997,59.2200776],[163.07916639999996,59.193361899999985],[163.0875563,59.18284340000001],[163.09766289999996,59.176912300000005],[163.14668569999998,59.1604287],[163.1890002,59.1532422],[163.2304564,59.1387519],[163.24853179999997,59.10005710000001],[163.25077149999998,59.08570960000001],[163.2251483,59.0400275],[163.21313199999997,59.0349466],[163.17544699999996,59.030503999999986],[163.158254,59.0421959],[163.2189524,59.04613410000001],[163.2389778,59.0647122],[163.2441491,59.0741063],[163.24116109999997,59.080399799999995],[163.17597809999998,59.10115489999999],[163.1050497,59.1115167],[163.06877819999997,59.12898320000001],[163.0775598,59.12718989999998],[163.1045991,59.112667900000005],[163.11444549999996,59.11414250000001],[163.1265181,59.111483699999994],[163.1334275,59.1146478],[163.1296563,59.119956499999994],[163.1072679,59.13158969999999],[163.06167840000003,59.1389445],[163.0148791,59.13865700000001],[162.9039001,59.1140695],[162.9137358,59.0988532],[162.94190169999996,59.072714],[162.94584449999996,59.06545399999999],[162.95345659999998,59.06345189999999],[162.9764432,59.0360451],[163.01579649999996,59.005598600000006],[163.0531919,58.9967259],[163.06958289999997,58.99741529999999],[163.07200289999997,59.0112484],[163.0532248,59.020117699999986],[163.0592255,59.0233054],[163.0684483,59.020354399999995],[163.07302949999996,59.0125123],[163.07250379999996,58.9924014],[163.06484879999996,58.9819953],[163.0452847,58.963463799999985],[163.01229359999996,58.94429689999998],[162.92479449999996,58.92832010000001],[162.8791702,58.91390630000001],[162.85315010000002,58.898284],[162.8432393,58.8826012],[162.8121686,58.87463339999999],[162.81259769999997,58.8537025],[162.7955524,58.83737699999999],[162.7223253,58.8074466],[162.6454264,58.78068949999999],[162.60438859999996,58.7706617],[162.5469249,58.74881909999999],[162.4821711,58.7112087],[162.4263489,58.6698396],[162.3377502,58.5920562],[162.2869274,58.5418944],[162.1755766,58.42092170000001],[162.1331827,58.3698518],[162.09364759999997,58.301733399999996],[162.0897163,58.283952600000006],[162.067011,58.243893199999995],[162.0131099,58.1615265],[161.99999999999997,58.13343849999999],[161.9889664,58.0870541],[161.99907259999998,58.0101996],[162.02660899999998,57.94655189999999],[162.0739863,57.890961],[162.1367192,57.8465547],[162.21376250000003,57.815976],[162.2861353,57.7964855],[162.36582719999998,57.7832929],[162.4559334,57.7826477],[162.48296949999997,57.7731189],[162.46761149999998,57.76823230000001],[162.47099589999996,57.7718942],[162.46503040000002,57.7708396],[162.4455065,57.777282099999994],[162.43452789999998,57.7779514],[162.4137574,57.77206000000001],[162.41055279999998,57.77494790000001],[162.4051,57.7725502],[162.40385429999998,57.7766242],[162.3984743,57.7740467],[162.39745129999997,57.7640603],[162.4037272,57.763420700000005],[162.4108509,57.76733679999999],[162.4242488,57.7649932],[162.4219197,57.76827310000001],[162.432923,57.77180829999999],[162.4340281,57.776286699999986],[162.45221239999998,57.773213399999996],[162.450103,57.76836149999999],[162.44234029999998,57.7645227],[162.4399745,57.7494243],[162.4348918,57.747934999999984],[162.449719,57.740656599999994],[162.4326736,57.737305],[162.4270092,57.72927509999999],[162.4007714,57.718480899999996],[162.39104570000003,57.70799340000001],[162.3804778,57.70231859999999],[162.3717552,57.684318],[162.34025049999997,57.67306979999999],[162.33920929999996,57.66934679999999],[162.3507849,57.665543099999994],[162.3505442,57.668769100000006],[162.35325529999997,57.665586000000005],[162.3503036,57.6638012],[162.35529269999998,57.6619049],[162.3586936,57.6655945],[162.35325529999997,57.67160880000001],[162.36236719999997,57.6747142],[162.3668269,57.6747314],[162.3656879,57.6695584],[162.3759067,57.6654401],[162.3792755,57.6687605],[162.38192249999997,57.666178],[162.3910344,57.6698758],[162.3920611,57.66686439999998],[162.40314609999996,57.66837439999999],[162.3917723,57.67061360000001],[162.3870692,57.67029620000001],[162.38979639999997,57.67224359999999],[162.38610859999997,57.6716832],[162.3868421,57.6753297],[162.3939119,57.6734509],[162.3953633,57.6781264],[162.40170959999998,57.67853809999999],[162.3987745,57.67866349999999],[162.39986479999996,57.6831351],[162.41404599999998,57.68003050000001],[162.4087873,57.68605],[162.42175799999998,57.686939200000005],[162.41747749999996,57.691606],[162.42396739999998,57.68776900000001],[162.42820749999998,57.688871500000005],[162.4449742,57.704812199999985],[162.4536089,57.706152900000006],[162.46624119999998,57.7030065],[162.47592439999997,57.71027919999999],[162.47667249999998,57.71952950000001],[162.48394439999998,57.7254935],[162.48013729999997,57.72693129999999],[162.4874631,57.7378592],[162.5019484,57.7424546],[162.4993298,57.744018700000005],[162.50733819999996,57.7458702],[162.51168609999996,57.743662900000004],[162.53040789999997,57.7513851],[162.52883079999998,57.76206609999999],[162.5183782,57.7650005],[162.51738439999997,57.768018399999995],[162.5138319,57.76206609999999],[162.51897629999996,57.781673999999995],[162.5082904,57.794747699999995],[162.51304859999996,57.8054902],[162.5101572,57.8146579],[162.5052139,57.8171652],[162.51027789999998,57.82857080000001],[162.49405320000002,57.850526200000004],[162.50304049999997,57.8581967],[162.50396399999997,57.867290099999984],[162.4967086,57.870962],[162.50993729999996,57.881609000000005],[162.50805439999996,57.88731709999998],[162.52730729999996,57.891237899999986],[162.5334549,57.9045854],[162.5555885,57.91662859999998],[162.55756789999998,57.925027500000006],[162.5515973,57.928089699999994],[162.5531316,57.930658799999996],[162.59322519999998,57.9388323],[162.6155198,57.9384849],[162.6505065,57.9310348],[162.67851409999997,57.9337803],[162.6946201,57.9403065],[162.69252599999996,57.9469498],[162.69890429999998,57.9501809],[162.71121659999997,57.94741979999999],[162.7126817,57.94202829999998],[162.75245309999997,57.9208638],[162.78510509999998,57.91562279999999],[162.7958071,57.9192984],[162.7977065,57.912221899999984],[162.81595049999999,57.9013958],[162.8460271,57.9033691],[162.87117179999998,57.8965096],[162.87998019999998,57.8868559],[162.9021134,57.8826988],[162.91608809999997,57.8742085],[162.9342306,57.869806499999996],[162.9534876,57.8569958],[162.9882073,57.8409964],[163.0513672,57.81959260000001],[163.0812693,57.819760900000006],[163.11965669999998,57.8147018],[163.13749909999999,57.81999509999999],[163.21206189999998,57.81877],[163.2158287,57.810290200000004],[163.2342732,57.79286640000001],[163.2565462,57.7777813],[163.25971659999996,57.767823099999994],[163.2825315,57.7498451],[163.2909751,57.7366349],[163.3215389,57.725172999999984],[163.3164775,57.7203818],[163.3032355,57.718780800000005],[163.2790446,57.693467799999986],[163.25846669999999,57.686068699999986],[163.2538627,57.6787445],[163.23157489999997,57.6685062],[163.22264309999997,57.65170729999999],[163.22298649999996,57.6445394],[163.2387471,57.63261469999999],[163.2357645,57.6263852],[163.2418531,57.620286799999995],[163.23567059999996,57.612234900000004],[163.2267201,57.6108484],[163.22370529999998,57.5889282],[163.2060778,57.5793609],[163.1703508,57.577114599999994],[163.1452131,57.5697796],[163.1179351,57.527512299999984],[163.1189865,57.5118742],[163.1122488,57.50837750000001],[163.0964291,57.4841089],[163.055736,57.469304599999994],[163.0308008,57.46748139999998],[162.9894814,57.4517028],[162.97177079999997,57.4514871],[162.9557097,57.4458183],[162.9492268,57.43852460000001],[162.9204199,57.438276299999984],[162.9087067,57.435306799999985],[162.87080699999999,57.4180591],[162.8435156,57.39082239999999],[162.81539799999996,57.382828100000005],[162.7818275,57.35101890000001],[162.7734653,57.32006100000001],[162.76884549999997,57.2706558],[162.7748135,57.1956175],[162.80530209999998,57.118384999999996],[162.83432899999997,57.08597799999999],[162.8419867,57.07129119999999],[162.85276649999997,57.03182009999999],[162.83965859999998,56.981604899999994],[162.8120989,56.9345621],[162.8100872,56.9059562],[162.7874923,56.8491421],[162.7854431,56.79169230000001],[162.7768868,56.7795402],[162.77928469999998,56.7724713],[162.79894049999996,56.75038320000001],[162.8342163,56.7257025],[162.88704219999997,56.7020716],[162.9326574,56.693248],[162.97480169999997,56.6977083],[162.9798563,56.7096521],[162.98784790000002,56.70772710000001],[163.00716519999997,56.71755780000001],[163.01075930000002,56.72388939999999],[163.00729389999998,56.72908619999999],[163.0260909,56.725349300000005],[163.0505526,56.72632049999999],[163.0704117,56.74139509999999],[163.0793542,56.74084499999999],[163.1064177,56.7284395],[163.1298763,56.72557],[163.1355572,56.72660309999999],[163.14676609999998,56.735896200000006],[163.188681,56.733095],[163.212558,56.73679659999999],[163.2254434,56.7457019],[163.22433289999998,56.7425395],[163.23468089999997,56.739710800000005],[163.2286406,56.71217609999999],[163.24570739999996,56.703046400000005],[163.252075,56.703564699999994],[163.25160829999996,56.6984918],[163.26188389999996,56.6971531],[163.2609183,56.6914003],[163.2845861,56.68782530000001],[163.2733583,56.6799627],[163.25765399999997,56.66136120000001],[163.25215149999997,56.6485903],[163.2376608,56.63178049999999],[163.23788879999998,56.621024299999995],[163.23411760000002,56.61712239999999],[163.2381087,56.6023523],[163.26547259999998,56.5788109],[163.2721379,56.56708939999999],[163.2700968,56.55960069999999],[163.2601538,56.556023599999996],[163.24610709999996,56.539665],[163.25378649999996,56.52383400000001],[163.25518739999998,56.50990379999999],[163.2655075,56.495791399999995],[163.26884149999998,56.4794186],[163.2789749,56.46823379999999],[163.27533779999996,56.45946359999999],[163.2683319,56.4631195],[163.25724360000004,56.4602728],[163.2506776,56.45419699999999],[163.24917019999998,56.447049199999995],[163.2531935,56.43822149999999],[163.2837117,56.42398370000001],[163.2953042,56.41313280000001],[163.29482669999996,56.40181859999999],[163.3111775,56.39598509999999],[163.33903489999997,56.337847599999996],[163.3461106,56.3296102],[163.353433,56.32741819999999],[163.3568944,56.313398600000006],[163.3542377,56.309784799999996],[163.3571425,56.308987],[163.35258009999998,56.307086500000004],[163.3512148,56.30052419999999],[163.3351833,56.281565900000004],[163.3333325,56.2701203],[163.35233329999997,56.2021596],[163.36324449999998,56.1881462],[163.362291,56.18375710000001],[163.3233279,56.172118],[163.2913935,56.1584932],[163.2840154,56.14925159999999],[163.2702255,56.144619299999995],[163.20830939999996,56.140997799999994],[163.1835151,56.13477019999999],[163.16148719999998,56.1247373],[163.1281489,56.1029317],[163.0850351,56.0633634],[163.04825659999997,56.0148108],[163.0480045,56.0092645],[163.0539027,56.0064078],[163.03081689999996,56.00949990000001],[163.0226147,56.0057059],[163.01203609999996,56.010474499999994],[162.9915869,56.01010569999998],[162.9597974,56.01883320000001],[162.9129767,56.022354500000006],[162.8886062,56.0316022],[162.8546762,56.0505854],[162.8169054,56.0617103],[162.7833416,56.09673260000001],[162.75101419999996,56.120378599999995],[162.75254839999997,56.1411264],[162.74769899999998,56.1470258],[162.73792499999996,56.153474],[162.69999859999996,56.16734700000001],[162.67171199999999,56.1890694],[162.66973249999998,56.19856959999999],[162.66134029999998,56.20673120000001],[162.63507839999997,56.22234720000001],[162.6128268,56.2275364],[162.5490975,56.2239696],[162.5030279,56.210701900000004],[162.468017,56.204642199999995],[162.4898535,56.2089851],[162.482509,56.2112121],[162.45638970000002,56.204128999999995],[162.3963082,56.1949047],[162.2599447,56.16262759999999],[162.20783469999998,56.1467807],[162.1600217,56.1279974],[162.109344,56.10262649999999],[162.0788258,56.0820526],[162.07569299999997,56.076921600000006],[162.0798773,56.0756492],[162.0615363,56.0611772],[162.0515504,56.0448884],[162.05505609999997,56.032123799999994],[162.06715819999997,56.0262487],[162.07995769999997,56.024884699999994],[162.074706,56.0148347],[162.0588005,56.00655170000001],[162.03779879999996,55.989635299999996],[162.02112079999998,55.9611166],[162.02011759999996,55.95139249999999],[162.0253801,55.944621899999994],[162.0227998,55.939761100000005],[161.99497459999998,55.9199719],[161.9675571,55.89296759999999],[161.9626191,55.87843449999999],[161.9644591,55.87235849999999],[161.9542882,55.86651929999999],[161.92864359999996,55.8385379],[161.92378479999996,55.8270844],[161.9267278,55.82248319999999],[161.91761169999998,55.80754439999999],[161.92582459999997,55.80136089999999],[161.92325229999997,55.7908453],[161.90902859999997,55.7759553],[161.90801609999997,55.7693359],[161.8896523,55.76044350000001],[161.8640828,55.732855400000005],[161.8553992,55.7170039],[161.8482417,55.715150799999996],[161.8345517,55.70215790000001],[161.8040764,55.663656100000004],[161.7798185,55.621793],[161.76176189999998,55.578089999999996],[161.74528239999998,55.5100201],[161.7396498,55.45117],[161.7400789,55.416001599999994],[161.7440003,55.40822109999999],[161.74069579999997,55.3960463],[161.75344209999997,55.3127046],[161.778872,55.23438719999999],[161.8151067,55.1586605],[161.86292409999996,55.08486469999999],[161.8806052,55.0662661],[161.9195509,55.0508395],[161.9260794,55.0501573],[161.9308095,55.05408750000001],[161.9316852,55.047848599999995],[161.9543096,55.0338299],[161.9605029,55.026604599999985],[161.96169909999998,55.01770040000001],[161.9740131,55.0124408],[161.9763064,55.0053225],[161.98985699999997,55.0057516],[161.9876092,55.0041964],[161.99563179999998,54.99910439999999],[162.0038018,54.976864000000006],[162.04777389999998,54.9509794],[162.05528139999998,54.93791830000001],[162.05070289999998,54.9289389],[162.05568369999997,54.9110558],[162.071895,54.9040844],[162.0809072,54.88644169999999],[162.13680179999997,54.8648923],[162.1401814,54.8593317],[162.1549979,54.85334579999999],[162.15118259999997,54.8478113],[162.1565561,54.8370233],[162.15450679999998,54.833895999999996],[162.13423899999998,54.8361683],[162.12018389999997,54.8337148],[162.1067303,54.8200937],[162.1036196,54.81099859999999],[162.1053301,54.80032639999999],[162.1261868,54.7905724],[162.1273164,54.779355],[162.1323833,54.77410579999999],[162.12900579999996,54.76143390000001],[162.13961,54.7530714],[162.1178412,54.74916739999999],[162.0927821,54.737709299999985],[162.0710903,54.7338635],[162.0538115,54.72349559999999],[162.05252409999997,54.7118948],[162.0415217,54.71174909999999],[162.03951539999997,54.703056999999994],[162.00031569999996,54.696286400000005],[161.99377570000001,54.690576099999994],[161.9891006,54.6778283],[161.98114249999998,54.672835299999996],[161.9799408,54.665562099999995],[161.9642928,54.66410539999999],[161.9458151,54.6465067],[161.921761,54.6376346],[161.91001829999996,54.63656039999999],[161.9030392,54.630331899999995],[161.8791515,54.6222483],[161.8721355,54.61460509999999],[161.8360261,54.60001080000001],[161.80472019999996,54.5757495],[161.7998117,54.566647399999994],[161.8025958,54.56432729999999],[161.7904025,54.553517799999995],[161.78275289999996,54.5529049],[161.77250150000003,54.54683469999999],[161.77504419999997,54.53877490000001],[161.7704415,54.54016920000001],[161.7636341,54.53329089999999],[161.75688089999997,54.533859],[161.74950199999998,54.52640720000001],[161.7372678,54.5206652],[161.73095889999996,54.51275329999999],[161.71482899999998,54.5052782],[161.6949016,54.5024523],[161.67449999999997,54.509553700000005],[161.6067168,54.5164179],[161.55697789999996,54.51315789999999],[161.5356288,54.5072496],[161.51873499999996,54.5118913],[161.4998596,54.50844570000001],[161.48936439999997,54.5136985],[161.4680543,54.51290830000001],[161.4234602,54.50426809999998],[161.4061332,54.497714],[161.3686466,54.50009719999999],[161.3548493,54.4952747],[161.3074118,54.4901649],[161.29261669999997,54.4857931],[161.2876499,54.480345199999995],[161.2844199,54.488043],[161.271953,54.492514199999995],[161.2574476,54.4922899],[161.23626349999998,54.5089743],[161.2162757,54.51302290000002],[161.2023872,54.52442219999999],[161.1995012,54.5441742],[161.2055576,54.55063999999999],[161.1995172,54.5612387],[161.2031543,54.5771922],[161.1987877,54.582278699999996],[161.1638331,54.5887384],[161.0941171,54.592530399999994],[161.01657990000004,54.59049759999999],[160.92127559999997,54.577117599999994],[160.82394359999998,54.5542582],[160.7232213,54.520875999999994],[160.7191068,54.52767850000001],[160.7159378,54.524135799999996],[160.69156590000003,54.517314],[160.69209689999997,54.512231899999996],[160.71865749999998,54.52182479999999],[160.7175297,54.51859989999999],[160.59624549999998,54.4732921],[160.42412279999996,54.3869241],[160.3537953,54.3413421],[160.3134656,54.3026653],[160.2811718,54.2908128],[160.2807051,54.2830893],[160.273214,54.2831293],[160.2698028,54.27751829999999],[160.25974559999997,54.2780351],[160.2476334,54.271852999999986],[160.2477515,54.26479170000001],[160.23432969999996,54.2615708],[160.2314651,54.2645912],[160.22448059999996,54.26383930000001],[160.2175069,54.2590641],[160.2191055,54.2545204],[160.2148247,54.251185800000016],[160.1920903,54.25151180000001],[160.18312629999997,54.2383686],[160.1757301,54.2418217],[160.1685297,54.2395066],[160.16682389999997,54.2310289],[160.1607567,54.226391],[160.13218040000004,54.2278304],[160.1300883,54.2246505],[160.1258395,54.2250933],[160.12369259999997,54.221287],[160.1282922,54.21810309999999],[160.12111899999996,54.2190303],[160.1180512,54.2110145],[160.104838,54.2108526],[160.1009032,54.208121600000005],[160.1027026,54.2030258],[160.09410269999998,54.20243719999999],[160.0713587,54.18788870000001],[160.03786859999997,54.1599181],[159.9864453,54.1090073],[160.0013986,54.130168399999995],[160.026193,54.15415240000001],[160.0215916,54.1547414],[160.0281322,54.1553241],[160.0367206,54.1634327],[160.02254519999997,54.1676427],[160.0246346,54.17178619999999],[160.01998899999998,54.167490399999984],[160.00436239999996,54.165742599999994],[159.99817999999996,54.1597799],[159.99255399999998,54.161523899999985],[159.9969864,54.158047599999996],[159.98826649999998,54.1542419],[160.0023267,54.1449815],[159.98906049999997,54.1365283],[159.979198,54.1394871],[159.98515109999997,54.130983300000004],[159.96591569999998,54.122309499999986],[159.96704219999998,54.1186845],[159.979198,54.1172319],[159.9809924,54.110188199999996],[159.9863863,54.106816900000005],[159.9772775,54.08765609999999],[159.9798256,54.083231899999994],[159.99090849999996,54.081066799999995],[159.9804511,54.0796516],[159.97805539999996,54.07482120000001],[159.98208399999996,54.06855569999999],[159.9759364,54.06824089999999],[159.9665004,54.056576099999994],[159.96788979999997,54.05049520000001],[159.9597359,54.0393452],[159.9625254,54.03648479999999],[159.94744059999996,54.022249],[159.94729579999998,54.01465960000001],[159.92077949999998,53.98286259999999],[159.8785025,53.90568449999999],[159.84944339999998,53.8282622],[159.84075309999997,53.76883629999999],[159.8450661,53.71374569999999],[159.8515355,53.6909066],[159.8631549,53.67702940000001],[159.8745783,53.6708079],[159.89816579999996,53.669521799999984],[159.9051368,53.67300329999999],[159.9045011,53.676876899999996],[159.9141951,53.6713638],[159.903798,53.6699317],[159.8972151,53.662408500000005],[159.90131089999997,53.6362232],[159.90766880000004,53.6276056],[159.9149752,53.62400420000001],[159.92285009999998,53.59862069999999],[159.94170609999998,53.5933772],[159.9456757,53.589384499999994],[159.9440181,53.58338570000001],[159.9522252,53.58217539999999],[159.9560291,53.57341289999999],[159.95366329999996,53.5589824],[159.94618,53.560389199999996],[159.94120719999998,53.556438],[159.9484411,53.54434139999999],[159.9553359,53.5397888],[159.94852419999998,53.5235456],[159.95448409999997,53.5189626],[159.94980099999998,53.5110664],[159.9559325,53.494541899999994],[159.9514747,53.4922936],[159.9445331,53.474424],[159.93672549999997,53.472391200000004],[159.9224424,53.4735125],[159.9206722,53.4783318],[159.90833669999998,53.4781036],[159.8900574,53.48816519999999],[159.8812249,53.488024799999984],[159.8702064,53.4830342],[159.85550519999998,53.4735332],[159.8418742,53.45847620000001],[159.8377007,53.4338081],[159.8432422,53.422992],[159.85151949999997,53.41855159999999],[159.84598829999996,53.402775999999996],[159.860147,53.3903785],[159.8785561,53.38666229999999],[159.9016929,53.39723819999999],[159.9071538,53.3958148],[159.91938,53.3843653],[159.9324296,53.382651599999996],[159.9200123,53.3790662],[159.91627,53.36111220000001],[159.9022937,53.357859499999996],[159.8960254,53.35025910000001],[159.8961836,53.342916800000005],[159.90550430000002,53.3318228],[159.9310309,53.320403999999996],[159.9512198,53.32744180000001],[159.9519682,53.3327695],[159.9611788,53.3345817],[159.9653685,53.3347331],[159.9668437,53.3296908],[159.97362969999998,53.32740660000001],[159.97221349999998,53.319199100000006],[159.97621539999997,53.3179093],[159.9679702,53.31217269999999],[159.96541679999999,53.3078954],[159.968453,53.3064899],[159.96038229999996,53.2998477],[159.94381160000003,53.2958369],[159.92643089999999,53.2824921],[159.92423409999998,53.2730795],[159.90968319999996,53.265314],[159.9105871,53.260027599999994],[159.9028462,53.25563919999999],[159.9141304,53.24461970000001],[159.9210665,53.243558],[159.9302369,53.24827500000001],[159.92772099999996,53.239495299999994],[159.93930819999997,53.22894769999999],[159.94720729999997,53.2102943],[159.9559285,53.2107306],[159.95096959999998,53.2391357],[159.9630833,53.251638699999994],[159.98026009999998,53.260194500000004],[160.0110599,53.26040630000001],[160.0226068,53.2633712],[160.0089437,53.253954400000005],[160.0119638,53.2459077],[159.99687909999997,53.22976009999999],[160.00423909999998,53.2209734],[160.023787,53.2222999],[160.03264899999996,53.21913940000001],[160.0401995,53.21273269999999],[160.0414413,53.20227],[160.0461245,53.20166909999999],[160.03536339999997,53.1939565],[160.0381207,53.1848603],[160.0318015,53.1786494],[160.03465529999997,53.1751385],[160.0317532,53.171051600000006],[160.03985479999997,53.164944000000006],[160.05127699999997,53.161873400000005],[160.04452050000003,53.159076799999994],[160.0447538,53.152706],[160.0567192,53.15021600000001],[160.0604045,53.144021],[160.04768550000003,53.140759800000005],[160.039663,53.1337266],[160.0360823,53.12174129999999],[160.0472054,53.11547130000001],[160.03511129999998,53.11217899999998],[160.03596420000002,53.098057000000004],[160.0205791,53.0964062],[160.00701109999997,53.105457499999986],[159.9898624,53.1090909],[159.9657118,53.10680450000001],[159.9592718,53.120828599999996],[159.9429225,53.1227336],[159.9339733,53.1318551],[159.9158362,53.1380471],[159.90628879999997,53.13721999999999],[159.89334849999997,53.1454914],[159.8737952,53.1508595],[159.87480369999997,53.1557845],[159.8706409,53.1584543],[159.8473661,53.16023950000001],[159.83982499999996,53.1677121],[159.8307994,53.1711996],[159.8079684,53.17345920000001],[159.80074390000001,53.1819913],[159.7929776,53.1820596],[159.7901639,53.18681800000001],[159.7768038,53.1870783],[159.7685877,53.192749899999995],[159.7628161,53.19171480000001],[159.755159,53.2005623],[159.74313629999997,53.20507930000001],[159.7534767,53.22229430000001],[159.76769409999997,53.2323586],[159.76503979999998,53.2388916],[159.7704567,53.239054],[159.7698645,53.233855999999996],[159.8140559,53.2617499],[159.8515589,53.2702973],[159.8447532,53.2751967],[159.84169409999998,53.27371730000001],[159.84628959999998,53.272025],[159.8341514,53.2762095],[159.81437839999998,53.27616759999999],[159.7961568,53.26900640000001],[159.7833525,53.27090049999999],[159.7606968,53.251362900000004],[159.7605055,53.2446171],[159.7349337,53.2368415],[159.7178864,53.219795500000004],[159.71082219999997,53.218417900000006],[159.6817423,53.2295739],[159.6761459,53.23421219999999],[159.67736089999997,53.239209599999995],[159.66639069999997,53.247174],[159.649415,53.2477197],[159.6361649,53.25503749999999],[159.6181431,53.256601999999994],[159.5788246,53.2524122],[159.5469519,53.242859700000004],[159.53111889999997,53.2341367],[159.4924843,53.23154549999999],[159.47512509999999,53.22730829999999],[159.47033199999998,53.2242181],[159.47333069999996,53.220324600000005],[159.46698589999997,53.21261699999999],[159.45778470000002,53.2143638],[159.4445264,53.207336999999995],[159.44598559999997,53.1999725],[159.42855659999998,53.19067509999999],[159.4219208,53.1723861],[159.4000339,53.16420509999999],[159.3930602,53.1515576],[159.3812799,53.155109],[159.3711948,53.1539639],[159.3492007,53.16991649999999],[159.32626239999996,53.168205799999996],[159.2535639,53.1531146],[159.2323959,53.15439490000001],[159.23262119999998,53.1499747],[159.2499161,53.152024],[159.14007419999996,53.1236406],[159.0914705,53.1079089],[159.0102446,53.0754618],[158.8882792,53.01428779999999],[158.80228759999997,52.954752799999994],[158.77681729999998,52.9291238],[158.7400389,52.90615209999999],[158.7340093,52.894412399999986],[158.70420459999997,52.88504399999999],[158.69588969999998,52.8925952],[158.7011039,52.893693999999996],[158.6999774,52.8976453],[158.6799815,52.911627200000005],[158.68828029999997,52.9152176],[158.6877018,52.932601700000006],[158.68077979999998,52.938366099999996],[158.6825216,52.944875399999994],[158.66884629999998,52.94711490000001],[158.663548,52.9399368],[158.657124,52.9414098],[158.649576,52.9507259],[158.6501124,52.95707480000001],[158.64567209999998,52.9581792],[158.65266859999997,52.970165599999994],[158.6626882,52.9673279],[158.66534059999998,52.95941269999999],[158.68034429999997,52.9571015],[158.68408149999996,52.952106],[158.7049513,52.960918799999995],[158.71194839999998,52.953421199999994],[158.70920419999996,52.96248580000001],[158.6936628,52.96215870000001],[158.6878061,52.965742399999996],[158.6877573,52.9612272],[158.6780443,52.969272100000005],[158.68447519999998,52.97804049999999],[158.6782284,52.97514880000001],[158.6737387,52.9767595],[158.67398659999998,52.974355],[158.67215719999996,52.98176260000001],[158.6657636,52.9822076],[158.6661662,52.9858524],[158.6638856,52.982083299999985],[158.65392809999997,52.9893724],[158.6542779,53.004916299999984],[158.6444423,53.0128888],[158.6480391,53.01354229999998],[158.647669,53.016818],[158.64310119999996,53.014747699999994],[158.6454669,53.00656419999999],[158.64056,53.00766809999999],[158.64114850000004,53.026633800000006],[158.6134746,53.04360230000001],[158.6142009,53.049072999999986],[158.606555,53.050071599999995],[158.61099519999996,53.0507118],[158.6012852,53.0510405],[158.6000731,53.048189799999996],[158.5979336,53.050191],[158.5936182,53.04619819999999],[158.582078,53.060472399999995],[158.5630277,53.06357379999999],[158.5370925,53.059743],[158.5327791,53.0610174],[158.53456479999997,53.06422129999999],[158.5278667,53.0653427],[158.5180963,53.0601166],[158.5150015,53.0536448],[158.5185796,53.05019459999999],[158.51664299999996,53.0468215],[158.5130194,53.048231],[158.5170293,53.04327719999999],[158.5103317,53.040456],[158.51148779999997,53.0374231],[158.5057706,53.0338484],[158.49415469999997,53.03290119999999],[158.47227629999998,53.0220603],[158.46715739999996,53.0237014],[158.4667325,53.020564],[158.4541042,53.02099599999999],[158.43982550000004,53.01531550000001],[158.4200731,53.016909999999996],[158.4165001,52.996784199999986],[158.40871089999996,52.98590879999999],[158.4127662,52.976746399999996],[158.4169497,52.97743100000001],[158.41372209999997,52.97421879999999],[158.42829300000002,52.98061310000001],[158.4424842,52.9817637],[158.45025569999999,52.9784251],[158.45253290000002,52.96831199999998],[158.46586879999998,52.9667604],[158.4706753,52.96275560000001],[158.4536272,52.95935490000001],[158.4361812,52.9508246],[158.41962740000002,52.9540888],[158.415168,52.95098159999999],[158.4132518,52.9387084],[158.4168634,52.9277241],[158.4201842,52.9272331],[158.4174531,52.9251692],[158.4291138,52.9101018],[158.4409505,52.903904600000004],[158.43489499999998,52.9027127],[158.4345306,52.8941635],[158.4381125,52.8937123],[158.4300261,52.8937074],[158.43895239999998,52.8925927],[158.44219339999998,52.8980548],[158.4431485,52.8953887],[158.45177289999998,52.8959708],[158.45268749999997,52.8985906],[158.45209539999996,52.895716500000006],[158.45837489999997,52.89459599999999],[158.4670169,52.89825609999998],[158.50860899999998,52.8881188],[158.52196649999996,52.89218079999999],[158.551308,52.889198799999996],[158.55257659999998,52.891875399999996],[158.53750939999998,52.8947793],[158.53313639999996,52.90054559999999],[158.5388204,52.9058443],[158.5376089,52.91190220000001],[158.5063159,52.918384],[158.49494269999997,52.91580460000001],[158.48270699999998,52.9196052],[158.4680025,52.92939340000001],[158.4951639,52.93350199999999],[158.5303062,52.9265561],[158.54297639999996,52.91360379999999],[158.5491139,52.9116794],[158.57897379999997,52.9113302],[158.58557309999998,52.9152951],[158.58177119999996,52.919676],[158.6046252,52.92138630000001],[158.6348996,52.9174349],[158.6331459,52.907387099999994],[158.6390295,52.8999804],[158.64558689999998,52.89781529999999],[158.64519079999997,52.89508099999999],[158.63975489999999,52.896988699999994],[158.6246144,52.89377609999998],[158.6328914,52.87180559999999],[158.6244464,52.8739576],[158.60308150000003,52.8710555],[158.5988259,52.866752899999994],[158.60228059999997,52.85673229999999],[158.619436,52.8548957],[158.62616299999996,52.848258],[158.6459353,52.8440643],[158.6302555,52.83928809999998],[158.62688029999998,52.83533860000001],[158.6170623,52.834397899999985],[158.61322809999996,52.8259978],[158.6015344,52.8288376],[158.5962819,52.81776150000001],[158.58760619999998,52.81905020000001],[158.5791653,52.81429240000001],[158.5653882,52.7769207],[158.54719879999996,52.7788393],[158.5187405,52.77595530000001],[158.4999865,52.78223409999999],[158.4864736,52.7771479],[158.48075239999997,52.77000819999999],[158.483035,52.7644709],[158.4900127,52.7623667],[158.482874,52.7456646],[158.4882559,52.73624289999999],[158.50722309999998,52.7281512],[158.52563379999998,52.726715299999995],[158.5810743,52.708367],[158.6020875,52.6939585],[158.594647,52.6822623],[158.5749784,52.6836574],[158.56565769999997,52.6779612],[158.56798319999996,52.67107529999999],[158.58517889999996,52.66563109999999],[158.5756087,52.66113479999999],[158.570483,52.65192919999999],[158.5496879,52.6505754],[158.54723099999998,52.6458496],[158.55427979999996,52.64068389999999],[158.5489529,52.6267853],[158.5416386,52.6225716],[158.52825699999997,52.6248234],[158.5080982,52.617341599999996],[158.49525769999997,52.617929000000004],[158.494287,52.62353019999999],[158.4878784,52.628026899999995],[158.45571139999998,52.634488],[158.426399,52.6517272],[158.41346909999996,52.65145419999999],[158.4107163,52.657822499999995],[158.398804,52.658279399999984],[158.3884146,52.649856299999996],[158.4272557,52.62376499999999],[158.45889759999997,52.6141738],[158.42568529999997,52.62015190000001],[158.4138179,52.6089115],[158.41207979999996,52.6007539],[158.43001839999997,52.58812669999998],[158.46425949999997,52.571489],[158.47136729999997,52.563595099999986],[158.4924602,52.567573200000005],[158.5107744,52.563223300000004],[158.5197759,52.5533154],[158.51404129999997,52.547130800000005],[158.5150015,52.541584799999995],[158.5262293,52.52762859999999],[158.5139984,52.508222200000006],[158.4947777,52.5025995],[158.4988654,52.49114599999999],[158.51005549999996,52.49192669999999],[158.5247326,52.4811663],[158.51841329999996,52.4789774],[158.5099697,52.46725299999999],[158.4911084,52.4586637],[158.4663248,52.462213399999996],[158.46236049999996,52.45469529999999],[158.4730786,52.452629200000004],[158.48201569999998,52.44674099999999],[158.43284369999998,52.417502299999995],[158.40442689999998,52.4118751],[158.3972904,52.4079718],[158.40378249999998,52.4070835],[158.40529549999997,52.4111572],[158.40582699999996,52.4054479],[158.42189839999998,52.40581420000001],[158.4322768,52.4009641],[158.4776008,52.4272335],[158.4987956,52.432359],[158.5069442,52.4374707],[158.5235417,52.4273153],[158.5464263,52.418603600000004],[158.5605991,52.4175011],[158.5549276,52.41444759999999],[158.54525149999998,52.41549539999999],[158.54211869999997,52.4087286],[158.56110869999998,52.39873339999999],[158.57087729999998,52.3816049],[158.5663551,52.378903400000006],[158.5613823,52.3826658],[158.547585,52.3812316],[158.54382720000004,52.3666578],[158.509841,52.3579932],[158.4987594,52.3500297],[158.4828955,52.3443048],[158.4871817,52.33542429999999],[158.49594709999997,52.32962210000001],[158.5338682,52.336394500000004],[158.5465255,52.33533580000001],[158.5546204,52.330510499999995],[158.5612106,52.31905650000001],[158.55707469999996,52.3038357],[158.55091629999998,52.3048641],[158.5465068,52.30132139999999],[158.5502712,52.2977473],[158.5485023,52.290631],[158.53664159999997,52.2849919],[158.5275328,52.274456699999995],[158.5148674,52.2693392],[158.5023361,52.27446329999999],[158.47893119999998,52.269023999999995],[158.4729258,52.272077200000005],[158.4442489,52.2716716],[158.44018399999996,52.26516989999999],[158.44956099999996,52.263062100000006],[158.4523129,52.25639340000001],[158.46118299999998,52.2558976],[158.4604132,52.2538287],[158.44401729999998,52.2461903],[158.4254855,52.228732599999994],[158.40117389999997,52.2307385],[158.39324529999996,52.22674140000001],[158.3838898,52.2097565],[158.38456029999998,52.1965928],[158.39104059999997,52.190795400000006],[158.4136476,52.1906269],[158.4135497,52.17111549999999],[158.39793379999998,52.16210980000001],[158.3769911,52.1292401],[158.35708919999996,52.1424502],[158.35053739999998,52.1426778],[158.32301249999998,52.1327057],[158.30593399999998,52.11765669999999],[158.29849449999998,52.0992997],[158.31118049999998,52.08554199999999],[158.325431,52.07635],[158.32636039999997,52.06828970000001],[158.303398,52.0625391],[158.3003229,52.057616499999995],[158.3026323,52.041170099999995],[158.2834035,52.0327131],[158.28606690000004,52.0260907],[158.29596429999998,52.0237785],[158.2914126,52.0119762],[158.2723796,52.01260020000001],[158.2683939,52.00928179999999],[158.269625,52.0045911],[158.2793212,52.00300930000001],[158.2751101,51.99986680000001],[158.27743389999998,51.9920851],[158.2675055,51.9830385],[158.27678809999998,51.974005700000006],[158.27447059999997,51.9637226],[158.2579253,51.9501747],[158.2406709,51.9439925],[158.21038839999997,51.9187756],[158.199504,51.903725300000005],[158.18565309999997,51.9006306],[158.1759328,51.8941326],[158.1570017,51.87260940000001],[158.1487083,51.8700491],[158.1325614,51.85764969999999],[158.13139739999997,51.8531336],[158.1257272,51.8518115],[158.12723459999998,51.8463081],[158.11840469999999,51.8404975],[158.1271863,51.8371548],[158.1223087,51.8326392],[158.11430099999998,51.83210129999999],[158.1015846,51.8217953],[158.10628789999998,51.8082383],[158.0750388,51.8078254],[158.0680771,51.80010729999999],[158.0442309,51.7934413],[158.02371740000004,51.77982269999998],[158.0059384,51.753934599999994],[158.0034292,51.74161769999999],[157.9963322,51.734553999999996],[157.9967176,51.72749600000001],[157.9902846,51.723740299999996],[157.9779563,51.723721299999994],[157.96647689999998,51.71394740000001],[157.9580385,51.6896311],[157.9597556,51.686071600000005],[157.9643589,51.6860959],[157.9586963,51.6835434],[157.94786289999996,51.68557169999999],[157.93283949999997,51.6786111],[157.92898889999998,51.6723714],[157.9329478,51.6696843],[157.92665439999996,51.66852980000001],[157.9240447,51.6590797],[157.906045,51.64432709999999],[157.9037886,51.6307612],[157.9111368,51.628758],[157.89769849999996,51.62411029999999],[157.8784557,51.627834400000005],[157.86099459999997,51.6219906],[157.8459004,51.6034065],[157.8312085,51.5961379],[157.83158509999998,51.5861097],[157.8269018,51.58006389999999],[157.80881519999997,51.58505799999999],[157.7905308,51.579175600000006],[157.77108749999996,51.566168799999986],[157.7769626,51.5611787],[157.76823979999998,51.558144],[157.77112289999997,51.554075999999995],[157.7566922,51.5529151],[157.74544139999998,51.54646850000001],[157.7406475,51.5513248],[157.7301645,51.5514429],[157.71862389999998,51.55592829999999],[157.6988612,51.55387859999999],[157.66683529999997,51.5392248],[157.60023619999998,51.520399000000005],[157.5626164,51.5007095],[157.51708789999998,51.4653039],[157.48931039999997,51.431570399999984],[157.4754557,51.398252199999995],[157.4784812,51.39123819999999],[157.4856824,51.39065209999998],[157.48683039999997,51.3843786],[157.4729727,51.384957699999994],[157.46576429999996,51.374991800000004],[157.4746504,51.362518300000005],[157.4724644,51.3591318],[157.4398548,51.3481513],[157.4260562,51.3529428],[157.41559089999998,51.3498086],[157.40443290000002,51.3566647],[157.399326,51.3562275],[157.36086749999998,51.340128400000005],[157.3346928,51.31672460000001],[157.33831109999997,51.307759899999986],[157.31430259999996,51.297918],[157.30129120000004,51.2756373],[157.2898111,51.2756062],[157.28063449999996,51.27049699999999],[157.2755824,51.26248569999999],[157.27691849999997,51.2514604],[157.26746949999998,51.24693880000001],[157.2761599,51.2422188],[157.26339839999997,51.2408429],[157.25668029999997,51.2334353],[157.25611879999997,51.22508009999999],[157.24744500000003,51.228292499999995],[157.2406955,51.225983299999996],[157.24043379999998,51.2166637],[157.23203119999997,51.208513399999994],[157.21058959999996,51.20182839999999],[157.2005045,51.19478939999999],[157.17756259999996,51.196778],[157.16548119999996,51.18974],[157.15699909999998,51.17454730000001],[157.1363085,51.1623372],[157.12414199999998,51.16112609999999],[157.1137834,51.1551879],[157.1032691,51.1571763],[157.0920253,51.153448299999994],[157.0736682,51.13970799999999],[157.06999899999997,51.1287578],[157.0569929,51.1181587],[157.03096749999997,51.1135452],[157.02741219999996,51.107940199999994],[157.01757789999996,51.1040019],[157.01173069999996,51.093403],[156.98880719999997,51.0834975],[156.97445600000003,51.0715128],[156.962893,51.06696039999999],[156.9481288,51.05225510000001],[156.939134,51.0501155],[156.9389147,51.0441027],[156.8730398,51.0206511],[156.8691168,51.0143071],[156.8570631,51.008318900000006],[156.84694389999999,50.9978455],[156.8430146,50.9875252],[156.8458069,50.984244600000004],[156.8389035,50.984244800000006],[156.8223432,50.97552670000001],[156.8236848,50.9715864],[156.8129892,50.96665689999999],[156.8072816,50.9581104],[156.7996108,50.957456999999984],[156.7965317,50.9524895],[156.78470139999996,50.9479426],[156.78036049999997,50.94247639999999],[156.78194219999997,50.9362904],[156.7529941,50.926241099999984],[156.7348739,50.908122],[156.7224761,50.9016307],[156.72010309999996,50.8935658],[156.70334969999996,50.88599949999998],[156.6926723,50.884824699999996],[156.66911819999999,50.8658482],[156.66354939999997,50.865389799999996],[156.65947099999997,50.8691166],[156.65521059999998,50.879862800000005],[156.6585964,50.8853974],[156.697939,50.91147600000001],[156.72061439999996,50.9312857],[156.73462629999997,50.948112999999985],[156.7310777,50.95154659999999],[156.73694369999998,50.9536757],[156.7402804,50.96176500000001],[156.75622339999998,50.97554139999999],[156.7675745,50.9953238],[156.7666626,51.01657599999999],[156.7557567,51.0213578],[156.7617434,51.0380343],[156.76109429999997,51.071598699999996],[156.7522967,51.0856255],[156.73743719999996,51.09412989999999],[156.7072168,51.088739],[156.70119519999997,51.09119199999999],[156.70630749999998,51.095747],[156.70159489999998,51.10305709999999],[156.72325929999997,51.16057839999999],[156.7233914,51.17408009999999],[156.7152644,51.19861439999999],[156.68388719999996,51.21414549999999],[156.6736037,51.23215919999999],[156.647337,51.2536555],[156.592948,51.25791759999999],[156.55214489999997,51.27813559999999],[156.53354639999998,51.32199659999999],[156.53610529999997,51.35251729999999],[156.52814979999997,51.3593814],[156.5305746,51.36729609999998],[156.52407289999996,51.3722593],[156.5269482,51.3825489],[156.5246335,51.42074569999998],[156.5160799,51.4384904],[156.5063918,51.44490690000001],[156.50528399999996,51.467877400000006],[156.49165779999998,51.4889147],[156.49133379999998,51.5136202],[156.48419719999998,51.5219085],[156.48689339999999,51.5365313],[156.48329020000003,51.54144980000001],[156.49047799999997,51.5587638],[156.4824052,51.5694435],[156.4885632,51.57205189999999],[156.48718229999997,51.580682900000006],[156.49332549999997,51.586406999999994],[156.4985926,51.6290478],[156.5021256,51.716795899999994],[156.50045379999997,51.827838299999996],[156.48788069999998,51.9299769],[156.4906776,51.932581899999995],[156.48016669999998,52.0419245],[156.4604578,52.15867110000001],[156.4246825,52.28579119999999],[156.39385149999998,52.365555199999996],[156.35437869999998,52.44796089999999],[156.34215509999999,52.4609268],[156.30958799999996,52.52282149999999],[156.25043309999998,52.6466609],[156.2027588,52.72446349999999],[156.1470038,52.8482411],[156.12958889999996,52.9127163],[156.1061892,53.095456],[156.0843149,53.2271306],[156.05891479999997,53.3471877],[156.01427449999997,53.50566440000001],[155.9758463,53.7100706],[155.90205759999998,53.979092099999995],[155.7372011,54.427434999999996],[155.67898149999996,54.6423239],[155.65809760000002,54.7355871],[155.66164079999996,54.7342879],[155.6308719,54.848318899999995],[155.58522729999999,55.0450999],[155.5807941,55.05029050000001],[155.5835563,55.0539232],[155.57965729999998,55.0815695],[155.5579231,55.1994781],[155.5532261,55.249585399999994],[155.55577699999998,55.364220200000005],[155.5716231,55.46571449999998],[155.5945755,55.5388555],[155.63176629999998,55.7120027],[155.64938259999997,55.861966599999995],[155.651243,55.9660354],[155.67385089999996,56.01898630000001],[155.71914289999998,56.086761],[155.7493114,56.1670244],[155.7804451,56.21812429999999],[155.83298159999998,56.35179919999999],[155.88281989999996,56.4442058],[155.94649140000004,56.6076345],[155.98966669999996,56.68166999999999],[156.0686496,56.7724345],[156.0881444,56.7900533],[156.11799590000004,56.809976899999995],[156.1606842,56.8292786],[156.1826414,56.83322450000001],[156.18445550000004,56.82916309999999],[156.1715609,56.8276598],[156.1711532,56.8183012],[156.1495051,56.807298700000004],[156.1469328,56.798622400000006],[156.1530268,56.78962680000001],[156.19618089999997,56.796160699999994],[156.20815690000003,56.8094307],[156.20638129999998,56.81670109999999],[156.21885889999996,56.828220400000006],[156.21670249999997,56.83133879999998],[156.2135214,56.8302514],[156.2172711,56.8375706],[156.2117189,56.835402],[156.20973939999996,56.83819849999999],[156.2165737,56.8517294],[156.2424463,56.86130829999999],[156.24973389999997,56.8581616],[156.27427339999997,56.86971210000001],[156.36051179999998,56.898855499999996],[156.4295196,56.93059900000001],[156.472435,56.957471899999994],[156.51487819999997,56.9934906],[156.54377639999998,57.0345392],[156.5503693,57.061946899999995],[156.54172179999998,57.078064600000005],[156.53306099999998,57.08010099999999],[156.5402734,57.089477200000005],[156.53716209999996,57.09324269999999],[156.5525512,57.1016234],[156.56141189999997,57.099771700000005],[156.58125489999998,57.0861893],[156.59521039999998,57.086352500000004],[156.62376519999998,57.0749128],[156.6511238,57.072582999999995],[156.6489834,57.0673047],[156.67130469999998,57.0580032],[156.68690439999997,57.058469900000006],[156.7066884,57.06556359999999],[156.72398329999996,57.0675468],[156.73743719999996,57.076394],[156.7376947,57.0792454],[156.7175621,57.0842917],[156.7244661,57.0993682],[156.75247909999996,57.1322278],[156.78571699999998,57.1606092],[156.8109673,57.1945698],[156.8482447,57.2277806],[156.88606649999997,57.278423700000005],[156.9031173,57.29230369999999],[156.98288619999997,57.3976992],[157.0005298,57.4389447],[157.0007658,57.484495300000006],[156.9850695,57.54540209999998],[156.9620025,57.595031899999995],[156.91030019999997,57.6659785],[156.87897200000003,57.69689230000001],[156.8481588,57.7154038],[156.80289389999996,57.728280899999994],[156.7928812,57.72864030000001],[156.784274,57.72001370000001],[156.77850189999998,57.7203675],[156.7734003,57.72537639999999],[156.83541699999998,57.7735628],[156.84168929999998,57.770244999999996],[156.8527293,57.7748551],[156.85478389999997,57.78613539999999],[156.84419179999998,57.7867295],[156.8428427,57.79010009999999],[156.8553257,57.80249040000001],[156.85979429999998,57.8026176],[156.8596923,57.797132],[156.8716764,57.79566249999999],[156.90372349999998,57.7998592],[156.92063209999998,57.8156808],[156.96440579999998,57.8330749],[156.96613849999997,57.83754129999999],[156.9761485,57.8393917],[156.9902033,57.85199060000001],[157.0064038,57.854722200000005],[157.0108777,57.8540358],[157.01936959999998,57.838423699999986],[157.03673659999998,57.83092270000001],[157.0277059,57.8255087],[157.0288968,57.81863520000001],[157.0447969,57.804484099999996],[157.0603966,57.797818099999986],[157.11708779999998,57.78392190000001],[157.1791863,57.7736021],[157.24374169999996,57.76702770000001],[157.3057651,57.7661007],[157.3560995,57.7716254],[157.44173169999996,57.79073340000001],[157.5261408,57.82172929999999],[157.578342,57.87504149999999],[157.5784492,57.882149500000004],[157.5736669,57.8836539],[157.5883305,57.8974048],[157.5892746,57.903676100000006],[157.58317529999997,57.90729729999999],[157.5864825,57.91451300000001],[157.57959449999998,57.917818200000006],[157.58404429999996,57.92654290000001],[157.5745976,57.9328861],[157.60841489999999,57.940463900000005],[157.62990469999997,57.95681870000001],[157.65331509999996,57.96740470000001],[157.6566625,57.97332810000001],[157.6671231,57.97835739999999],[157.6734102,57.988078400000006],[157.67260009999998,57.99584360000001],[157.6526526,58.002525500000004],[157.67763730000001,58.0163957],[157.6926255,58.01277549999999],[157.73921549999997,58.0123066],[157.757374,58.017168500000004],[157.7523851,58.0100588],[157.76296379999997,57.9946864],[157.8316981,57.98276319999999],[157.9095518,57.97783409999999],[157.9964447,57.98041680000001],[158.10300349999997,57.99484000000001],[158.1360054,58.003106799999976],[158.1822896,58.0213735],[158.20409059999997,58.0216746],[158.2174802,58.02652099999999],[158.2174802,58.03016819999999],[158.2348394,58.0388357],[158.3258628,58.072089299999995],[158.33843699999997,58.0806446],[158.3632072,58.09074979999999],[158.4310669,58.140281699999996],[158.5654179,58.203879599999986],[158.66939480000002,58.2634846],[158.7343526,58.2918375],[158.8084359,58.3149478],[159.0333911,58.40742469999999],[159.08359170000003,58.4317308],[159.11971299999996,58.4545881],[159.14748089999998,58.477139099999995],[159.1701528,58.507523500000005],[159.1819684,58.513378900000006],[159.1796124,58.517345],[159.2195394,58.55646420000001],[159.33331129999996,58.6052654],[159.41337259999997,58.6659371],[159.4949627,58.7021055],[159.5296754,58.7251961],[159.5734696,58.75852729999999],[159.61829909999997,58.79938610000001],[159.6264204,58.8121451],[159.61669879999997,58.8203828],[159.62982539999996,58.82654509999999],[159.63545049999996,58.8369584],[159.6686927,58.8334571],[159.67386220000003,58.830092799999996],[159.7029996,58.84345290000001],[159.7302246,58.8658587],[159.73817759999997,58.876214700000006],[159.75408489999998,58.91483989999999],[159.7613644,58.94815369999999],[159.756768,58.9634891],[159.7458745,58.97532640000001],[159.719246,58.9778605],[159.76350549999998,59.03281429999999],[159.7637037,59.0403968],[159.77856809999997,59.0401475],[159.8310971,59.07702849999998],[159.8340628,59.0948788],[159.8577261,59.1263489],[159.9264121,59.161642799999996],[159.97149469999997,59.175994200000005],[160.0057518,59.19357069999999],[160.04144669999997,59.223766900000015],[160.05570529999997,59.227949900000006],[160.0625074,59.2357491],[160.08785959999997,59.24844559999999],[160.09420569999997,59.25877390000001],[160.10255809999998,59.26264],[160.1028183,59.26818819999998],[160.12478829999998,59.26991040000001],[160.16637319999998,59.29076990000001],[160.1886597,59.31067350000001],[160.1898855,59.31442009999999],[160.1858354,59.31616939999999],[160.1892471,59.3162816],[160.187493,59.3188383],[160.1974627,59.32963299999999],[160.23293489999998,59.3326313],[160.25471449999998,59.3287348],[160.2817726,59.33455200000001],[160.31468869999998,59.345269899999984],[160.39361,59.386504099999996],[160.42414420000003,59.415096700000014],[160.4380596,59.43460700000001],[160.45810099999997,59.4772284],[160.45457119999998,59.48913780000001],[160.46687719999997,59.50227889999999],[160.4933292,59.554452700000006],[160.50835489999997,59.55886410000001],[160.563823,59.558722800000005],[160.6049788,59.56314729999999],[160.68322959999998,59.58188500000001],[160.6911582,59.58714830000001],[160.6872395,59.59036199999999],[160.747624,59.591503800000005],[160.7683066,59.598426999999994],[160.76953769999997,59.596057],[160.7852018,59.5953349],[160.85615149999998,59.61001960000001],[160.88681459999998,59.6224029],[160.9136152,59.6401723],[160.9160292,59.64539389999999],[160.93994379999998,59.66456540000001],[160.9523892,59.680709300000004],[160.9498358,59.6945933],[160.9446108,59.696661299999995],[160.9435487,59.7018471],[160.95359089999997,59.7061066],[160.96586459999997,59.70343839999999],[160.9952402,59.7084175],[161.0070634,59.71673950000001],[161.00729409999997,59.72241979999999],[161.03202939999997,59.730462599999996],[161.04218959999997,59.7385034],[161.0430801,59.742828599999996],[161.069634,59.7445747],[161.11460919999996,59.7602748],[161.16434809999998,59.7907244],[161.18762969999997,59.8146304],[161.18999409999998,59.82102900000002],[161.21357199999997,59.8241017],[161.26509189999996,59.8469706],[161.31674589999997,59.89953589999999],[161.3343304,59.929750200000015],[161.34379329999996,59.930253499999985],[161.35127659999998,59.93656399999999],[161.3614824,59.9397739],[161.3648325,59.9449254],[161.373944,59.9476327],[161.3774174,59.95336649999999],[161.38844669999997,59.9507851],[161.40071509999999,59.95380699999999],[161.41806899999997,59.977432300000004],[161.4333147,59.98310579999999],[161.44525589999998,59.998286],[161.45955739999997,60.00728680000001],[161.4668611,60.026043399999985],[161.47293089999997,60.027039],[161.4924681,60.0427054],[161.52271809999996,60.049648],[161.5456724,60.04806779999999],[161.56888419999999,60.051013799999986],[161.6426396,60.082899600000005],[161.68490049999997,60.092824099999994],[161.694814,60.10224699999999],[161.7124951,60.10489539999998],[161.73587319999996,60.11749149999999],[161.7797541,60.129152999999995],[161.8315744,60.1536063],[161.8496418,60.17298289999999],[161.87749379999997,60.1858516],[161.88251490000002,60.192633400000005],[161.9168311,60.20616220000001],[161.9427144,60.2314784],[161.94971499999997,60.254128299999984],[161.9472169,60.2874151],[161.9433796,60.29858899999999],[161.9272005,60.31324699999999],[161.9195723,60.3149579],[161.90973939999998,60.31159980000001],[161.89026919999998,60.29432129999999],[161.88832459999998,60.29544980000001],[161.89459029999998,60.30769920000001],[161.90701959999998,60.3192348],[161.9044769,60.327956900000004],[161.9119334,60.342474300000006],[161.9189206,60.3468405],[161.9203931,60.3440006],[161.92567709999997,60.3442156],[161.931138,60.3486001],[161.93040849999997,60.35298929999999],[161.9229412,60.35461329999999],[161.92852019999998,60.3647212],[161.9255483,60.37820409999998],[161.93030119999997,60.37951129999999],[161.932506,60.3846943],[161.9300061,60.3938494],[161.9376397,60.39529109999999],[161.9373286,60.40079219999999],[161.94502109999996,60.408311],[161.9430148,60.41631009999998],[161.9462335,60.4209551],[161.97157499999997,60.42447669999999],[161.9842109,60.431288599999995],[162.0061004,60.4258641],[162.01635719999996,60.4275162],[162.0388341,60.4376915],[162.0613861,60.45266269999998],[162.0687085,60.461671800000005],[162.07369209999996,60.46229059999999],[162.07546229999997,60.466278499999994],[162.0690787,60.467717],[162.07188789999998,60.4709841],[162.081449,60.46917119999999],[162.08310989999998,60.4650527],[162.09208129999996,60.464929899999994],[162.09871169999997,60.46808190000001],[162.09994549999996,60.47381919999999],[162.143994,60.479172],[162.16317479999998,60.485298],[162.17352859999997,60.4923799],[162.1948421,60.5193646],[162.2058043,60.5281588],[162.2331977,60.5270038],[162.2725403,60.535754700000005],[162.30190019999998,60.53831019999999],[162.35638619999997,60.5353484],[162.403121,60.540081799999996],[162.41807629999997,60.548067],[162.43754259999997,60.5678079],[162.47947539999998,60.58321169999999],[162.48360339999996,60.58837409999999],[162.48913409999997,60.5893198],[162.4944931,60.597911700000004],[162.5081992,60.5989731],[162.51474109999998,60.609217],[162.54979489999997,60.6117877],[162.5784141,60.6016828],[162.6400405,60.59496199999999],[162.7053094,60.608152100000005],[162.7201152,60.61889190000001],[162.7209869,60.63147769999999],[162.73716329999996,60.624255299999994],[162.74417999999997,60.624213199999986],[162.76411409999997,60.630556899999995],[162.78122659999997,60.64147599999999],[162.8095829,60.66889029999999],[162.82297249999996,60.6873006],[162.8584313,60.703589999999984],[162.89317129999998,60.729608500000005],[162.8964329,60.736909700000005],[162.8900063,60.74691459999998],[162.89119719999997,60.7523929],[162.9058528,60.75251869999999],[162.91769210000004,60.7576973],[162.939198,60.7575977],[162.9630284,60.76398900000001],[162.9646736,60.76888240000001],[162.97689909999997,60.768665],[163.0118108,60.7764863],[163.02917,60.7719237],[163.0384397,60.7629117],[163.0638242,60.757131199999996],[163.06418889999998,60.753341600000006],[163.0698323,60.751486],[163.1273818,60.75356180000001],[163.1404817,60.75807460000001],[163.14272399999996,60.77120070000001],[163.1362653,60.774343900000005],[163.12427039999997,60.772458],[163.11715609999996,60.77537439999999],[163.1062889,60.77203370000001],[163.1061816,60.7800794],[163.1175756,60.7761249],[163.14641469999998,60.779780800000005],[163.1728935,60.79098700000001],[163.18276399999996,60.802629000000024],[163.197999,60.80658549999998],[163.2197356,60.796777199999994],[163.2491969,60.793227900000005],[163.3100724,60.8004098],[163.3354783,60.79705980000001],[163.38854309999996,60.802315],[163.4074259,60.8143923],[163.4425735,60.81979100000001],[163.52909079999998,60.845830499999984],[163.56428139999997,60.8477748],[163.6105013,60.8663543],[163.6560237,60.8708042],[163.67577549999996,60.8568621],[163.69523759999998,60.85642839999999],[163.7303102,60.8715093],[163.7438714,60.89996949999998],[163.75412819999997,60.908645500000006],[163.7693437,60.9138872],[163.7707901,60.9172306],[163.765254,60.9224764],[163.75525469999997,60.9249374],[163.7337541,60.9227789],[163.70809079999998,60.9317145],[163.69815589999996,60.931886600000006],[163.6562249,60.9548775],[163.63318199999998,60.96078769999999],[163.6203235,60.9594649],[163.6002231,60.9685048],[163.58975169999997,60.9693587],[163.56801509999997,60.9801863],[163.54756059999997,60.9785702],[163.5477805,60.98478169999999],[163.5325348,61.00093840000001],[163.52074919999998,61.0022777],[163.50465329999997,60.99182830000001],[163.50078279999997,61.00450630000001],[163.48827299999996,61.00442959999999],[163.48679239999998,61.0067828],[163.5126114,61.029763900000006],[163.53741639999998,61.0350171],[163.5532307,61.045853499999986],[163.57313269999997,61.04868929999999],[163.5808146,61.04442],[163.5958779,61.04545619999999],[163.61727120000003,61.055076599999985],[163.6154097,61.056967900000004],[163.62126229999998,61.0575014],[163.6256075,61.07396879999999],[163.6315298,61.0730944],[163.6348235,61.0758603],[163.6356175,61.08577489999999],[163.6232901,61.105377199999985],[163.6142242,61.1074871],[163.61348929999997,61.11146020000001],[163.619201,61.114286899999996],[163.62854,61.112335900000005],[163.6418561,61.1177362],[163.6609697,61.13443149999999],[163.6966753,61.137290400000005],[163.7285864,61.155952199999994],[163.73853919999996,61.1586929],[163.74340470000004,61.16442670000001],[163.7528515,61.1658342],[163.7580657,61.17354289999999],[163.7665844,61.1775362],[163.78654,61.178353400000006],[163.8072155,61.1847518],[163.8148481,61.1904049],[163.88080359999998,61.20948510000001],[163.89945039999998,61.207347000000006],[163.91974919999998,61.2134118],[163.9373231,61.22278239999999],[163.95495589999996,61.247605500000006],[163.94727140000003,61.27316710000001],[163.9632145,61.28704309999999],[163.9835167,61.300380399999995],[163.99067759999997,61.3019537],[164.0069157,61.3151682],[164.00719459999996,61.331496400000006],[164.0225925,61.3385475],[164.0294194,61.349608799999984],[164.0254283,61.363047400000006],[163.999958,61.38967099999999],[163.99032,61.40484020000001],[163.9604973,61.4250945],[163.9019394,61.44344520000001],[163.8662164,61.4478235],[163.8064407,61.4393727],[163.80119959999996,61.4349227],[163.8060021,61.43065940000001],[163.79819149999997,61.4269842],[163.7942755,61.4195544],[163.7743306,61.4132587],[163.7536776,61.4356333],[163.7498474,61.464834599999996],[163.77394970000003,61.4967466],[163.818679,61.53409340000001],[163.84083869999998,61.563557200000005],[163.85246999999998,61.5879284],[163.8605046,61.6349586],[163.8710618,61.65124989999999],[163.9144299,61.659414600000005],[163.93207129999996,61.666024],[163.97137639999997,61.66161659999998],[164.014774,61.6639252],[164.0298056,61.675159],[164.05407429999997,61.68422389999999],[164.0510058,61.6881982],[164.0662748,61.75972929999999],[164.0729999,61.7753048],[164.07119749999998,61.79338820000001],[164.0761668,61.80111190000001],[164.0690527,61.8213944],[164.0569496,61.8354741],[164.04596329999998,61.8410694],[164.06254999999996,61.84853660000001],[164.08434389999996,61.879080800000004],[164.0997898,61.9101843],[164.10018399999998,61.91771809999999],[164.08016419999998,61.9381393],[164.08942579999996,61.946015399999986],[164.0915065,61.957083100000006],[164.07206649999998,61.99107649999999],[164.07736659999998,61.9982276],[164.07680869999996,61.9925627],[164.0947366,62.0000384],[164.1108898,62.0207248],[164.0981483,62.0645428],[164.0762186,62.09631189999999],[164.081862,62.09656789999999],[164.1129649,62.11253529999998],[164.12559269999997,62.1273757],[164.12047499999997,62.143497199999985],[164.10241299999998,62.170428400000006],[164.1077936,62.168392299999994],[164.1265797,62.1894979],[164.12733079999998,62.20938329999999],[164.1237581,62.2171258],[164.13707259999998,62.2555985],[164.1459238,62.259963500000005],[164.14739369999998,62.2656859],[164.15706039999998,62.27446710000001],[164.21826839999997,62.290036399999984],[164.2355096,62.31272719999998],[164.25787919999996,62.3151648],[164.2530191,62.3169094],[164.2733712,62.31937460000001],[164.27917659999997,62.3241205],[164.298799,62.32540660000001],[164.30937769999997,62.3316347],[164.32355859999998,62.3331523],[164.3302394,62.329838599999995],[164.3596959,62.334040900000005],[164.37465189999998,62.34939019999999],[164.4145846,62.35058519999998],[164.4329738,62.35624060000001],[164.4386816,62.361417100000004],[164.43651439999996,62.36995650000001],[164.4484663,62.39905960000001],[164.4826484,62.4034833],[164.4983473,62.402201],[164.51610619999997,62.41801969999999],[164.5320278,62.4401994],[164.5829683,62.44161659999999],[164.5971975,62.4379097],[164.6264443,62.4532021],[164.6378839,62.45604139999998],[164.6914369,62.45114790000001],[164.734422,62.45547950000001],[164.7594228,62.45195300000001],[164.7674963,62.44619029999999],[164.7981191,62.43732509999999],[164.8641872,62.429309],[164.93732569999997,62.408373399999995],[165.0028682,62.4012715],[165.06511689999996,62.4064354],[165.08096869999997,62.41032630000001],[165.10324709999998,62.431203299999986],[165.10559679999997,62.4402267],[165.1157033,62.448299500000005],[165.09133879999996,62.4871398],[165.0766034,62.49039179999998],[165.0668285,62.4968656],[165.03604209999997,62.50741510000001],[165.0034207,62.513806],[164.99145810000002,62.51273759999999],[164.98857079999996,62.5199357],[164.9808124,62.51698669999999],[164.95409489999997,62.52561850000001],[164.9470836,62.52496009999998],[164.9334902,62.532866500000004],[164.9127218,62.534615800000005],[164.90398049999996,62.543501600000006],[164.8891398,62.54732210000001],[164.84813689999996,62.55086089999999],[164.8469004,62.553724800000005],[164.8245227,62.55617130000001],[164.8191717,62.5545136],[164.80751749999996,62.55907739999999],[164.7877604,62.551945200000006],[164.7604327,62.56252520000001],[164.75397259999997,62.56186460000001],[164.7357309,62.57225580000001],[164.71990339999996,62.5746633],[164.7210257,62.5769493],[164.7112638,62.583845000000004],[164.71518249999997,62.588826699999984],[164.70967589999998,62.5954347],[164.7162151,62.59767899999999],[164.71660139999997,62.6021696],[164.7064519,62.6052847],[164.6881636,62.621498100000004],[164.6834707,62.6363957],[164.66679269999997,62.6431743],[164.65792539999998,62.6432162],[164.6422237,62.65134870000001],[164.63789150000002,62.664040500000006],[164.61073989999997,62.68152020000001],[164.5657486,62.6790139],[164.5625031,62.6751911],[164.52999469999997,62.68639189999999],[164.5181715,62.68269939999998],[164.4972396,62.686438700000004],[164.4920177,62.68316180000001],[164.4401836,62.69407339999999],[164.37943699999997,62.69448680000001],[164.360891,62.68736],[164.34109209999997,62.6848239],[164.33073879999998,62.677039199999996],[164.2849505,62.66303570000001],[164.25238609999997,62.6617493],[164.2154682,62.6663065],[164.19287320000004,62.6629662],[164.17231679999998,62.6657498],[164.1123226,62.6541077],[164.04827,62.65404710000001],[163.9877164,62.63645239999999],[163.98069979999997,62.628354],[163.9557069,62.612157999999994],[163.92972169999996,62.585912399999984],[163.89630669999997,62.58840190000001],[163.86082379999996,62.60620159999999],[163.84900599999997,62.608348899999996],[163.78753009999997,62.60687189999999],[163.75714299999999,62.60306320000001],[163.6700356,62.582572899999995],[163.61437979999997,62.584168600000005],[163.58232729999997,62.57649570000001],[163.5432422,62.56112920000001],[163.47883699999997,62.54926160000001],[163.44014879999997,62.549162599999995],[163.4370804,62.5503175],[163.440712,62.553361399999986],[163.43151669999997,62.55540969999999],[163.4117174,62.5500776],[163.3295882,62.5394573],[163.27485979999997,62.5266931],[163.2748496,62.5237994],[163.24563499999996,62.51110469999999],[163.2571041,62.49825100000001],[163.26509709999996,62.4714609],[163.25979709999996,62.458565300000004],[163.2120967,62.4405469],[163.1957889,62.4419833],[163.17181189999997,62.428888799999996],[163.19574589999996,62.42176749999999],[163.21723579999997,62.42173770000001],[163.2269347,62.417694299999994],[163.2299688,62.4084685],[163.22688639999998,62.38506360000001],[163.2318799,62.38241500000001],[163.27441269999997,62.371525500000004],[163.3032542,62.3745387],[163.3698106,62.339662099999984],[163.3726859,62.33439459999999],[163.3662379,62.32953479999999],[163.3518961,62.32579529999999],[163.28719849999996,62.32441500000001],[163.2383877,62.3150377],[163.2265162,62.30699129999999],[163.22128059999997,62.297212],[163.22526630000002,62.2919546],[163.2419604,62.2880059],[163.23997289999997,62.284327399999995],[163.2198858,62.2751335],[163.2029584,62.2785973],[163.17981359999996,62.27301210000001],[163.15218689999998,62.26146409999999],[163.0875563,62.22282630000001],[163.08588799999998,62.219596100000004],[163.0909091,62.21351739999999],[163.1016648,62.2126646],[163.0939454,62.20156879999998],[163.0973089,62.1807069],[163.0896431,62.1790671],[163.0890369,62.175484199999985],[163.10575249999997,62.16333269999999],[163.11515089999997,62.14920660000001],[163.1157783,62.14653710000001],[163.10965369999997,62.143291],[163.1111249,62.13836079999999],[163.125971,62.1313956],[163.14054609999997,62.12969039999999],[163.1346613,62.1261969],[163.14275670000004,62.1178999],[163.1379443,62.1106182],[163.14136729999998,62.10340260000001],[163.1342053,62.1039051],[163.13308949999998,62.098912600000006],[163.0990469,62.0956265],[163.10427189999996,62.0826317],[163.12200129999997,62.067606100000006],[163.1290447,62.067005499999986],[163.1580126,62.075935],[163.1681353,62.07050319999999],[163.176375,62.0720409],[163.19166189999999,62.0673225],[163.19053979999998,62.0622658],[163.1957084,62.059393699999994],[163.1889439,62.0577264],[163.18943739999997,62.05378980000001],[163.1820989,62.0514793],[163.18403009999997,62.0492366],[163.1358147,62.03279320000001],[163.1342107,62.0282973],[163.1398728,62.02450530000001],[163.1327945,62.0194066],[163.1424558,62.0025693],[163.1297314,62.002408100000004],[163.12111079999997,61.9923965],[163.1092393,61.99146950000001],[163.11483439999998,61.98412650000001],[163.1102693,61.983349200000006],[163.107107,61.977408100000005],[163.1013912,61.976960799999986],[163.09818189999996,61.9700177],[163.08839589999997,61.9719549],[163.0884442,61.9763344],[163.08230729999997,61.977208999999995],[163.07507339999998,61.97125419999998],[163.0681586,61.97290519999999],[163.07042779999998,61.969030700000005],[163.0611795,61.96602169999999],[163.0737859,61.9635017],[163.06871919999998,61.9593637],[163.0823079,61.9579666],[163.08241719999998,61.9549716],[163.06698109999996,61.9502435],[163.08167159999996,61.9449721],[163.081685,61.94270890000001],[163.07116540000004,61.944965799999984],[163.05756519999997,61.9384356],[163.043552,61.9408947],[163.0611232,61.9349378],[163.0598478,61.9315349],[163.0311146,61.9280243],[163.0246586,61.9216155],[163.01282999999998,61.9283348],[163.01182959999997,61.9250605],[163.0227435,61.918480599999995],[163.012535,61.91808919999999],[163.0032116,61.91399049999998],[163.01293189999998,61.9175728],[163.0197313,61.91608029999999],[163.02076939999998,61.90919540000001],[163.02442789999998,61.9175488],[163.0612815,61.92056009999999],[163.066906,61.91815989999999],[163.0605599,61.91152300000001],[163.05281639999998,61.91175529999999],[163.0455208,61.90558180000001],[163.0480099,61.90052889999998],[163.06007039999997,61.902593100000004],[163.0541307,61.89859090000001],[163.0554074,61.894338],[163.04188639999998,61.885624299999996],[163.0432382,61.8821634],[163.02972259999999,61.884098699999996],[163.01935580000003,61.880314],[163.0241887,61.877137100000006],[163.0319112,61.8820079],[163.03666409999997,61.8800864],[163.0271959,61.8747588],[163.0297427,61.86012370000001],[163.01947119999997,61.859739100000006],[163.0169982,61.85441800000001],[163.01182689999996,61.85351459999998],[163.01305799999997,61.8503994],[163.0088443,61.8498552],[163.01076739999996,61.8451348],[163.00656439999997,61.8420289],[163.0105045,61.835502599999984],[162.9748446,61.8105133],[162.9663044,61.808522700000005],[162.97406139999998,61.796752700000006],[162.986421,61.7878274],[163.04360029999998,61.767852700000006],[163.0957371,61.75624089999999],[163.10151990000003,61.759592899999994],[163.1205153,61.7592363],[163.1294471,61.7562029],[163.1271806,61.752966],[163.13133539999998,61.7475273],[163.1522298,61.740322500000005],[163.1605768,61.7421436],[163.1503469,61.74228960000001],[163.1550407,61.74337789999999],[163.17862809999997,61.74274290000001],[163.21387769999998,61.735473500000005],[163.2452273,61.7344218],[163.28620339999998,61.72465640000001],[163.2901812,61.7185379],[163.3040643,61.7138685],[163.33642239999998,61.71010340000001],[163.34369659999996,61.702955999999986],[163.3266914,61.6951939],[163.3213162,61.688040399999984],[163.32195999999996,61.677744899999986],[163.32934139999998,61.6709056],[163.32450269999998,61.65877340000001],[163.3078515,61.6580476],[163.30213229999998,61.65591779999999],[163.3045779,61.65411979999998],[163.3011526,61.652401],[163.2578766,61.6454773],[163.24244859999996,61.6435767],[163.22451529999998,61.64606839999998],[163.2124561,61.6425855],[163.2116193,61.638330200000006],[163.20114249999997,61.633954499999994],[163.2006788,61.627344999999984],[163.20725799999997,61.6239111],[163.2199234,61.62535669999999],[163.2250299,61.618446599999984],[163.2328704,61.614734199999994],[163.23049130000004,61.61093919999999],[163.196229,61.6148037],[163.1891048,61.623595],[163.1928652,61.6274318],[163.18419099999997,61.629840699999995],[163.1535226,61.6278345],[163.11945319999998,61.61825329999999],[163.1031829,61.60882089999999],[163.0740756,61.5830364],[163.10914809999997,61.569174000000004],[163.1024453,61.5596538],[163.10390169999997,61.5564244],[163.11371860000003,61.553161399999986],[163.1130856,61.54967070000001],[163.0959195,61.538965999999995],[163.04838539999997,61.5189219],[163.01880059999996,61.513333199999984],[162.98998829999996,61.5286272],[162.9914743,61.53026],[162.9848707,61.533691600000004],[162.9886311,61.5449195],[162.9771781,61.5544544],[162.96247960000002,61.55937789999999],[162.9646307,61.56230039999999],[162.96059669999997,61.56702730000001],[162.9701185,61.57434020000001],[162.96645089999998,61.577705200000004],[162.95235159999996,61.58213269999999],[162.9084708,61.578767599999985],[162.9093397,61.581811099999996],[162.89759159999997,61.5880447],[162.9094791,61.59182209999999],[162.91863080000002,61.5994979],[162.91224179999998,61.6052025],[162.89326250000002,61.6123981],[162.86941769999999,61.6118039],[162.8569722,61.6026004],[162.8525519,61.60284529999999],[162.8603893,61.61140850000001],[162.8587103,61.61940330000001],[162.8662205,61.6242273],[162.9013681,61.632680099999995],[162.9183626,61.640906399999984],[162.94203579999999,61.6417549],[162.9422986,61.64405570000001],[162.933812,61.654536399999984],[162.9311943,61.6676076],[162.90805219999996,61.6843639],[162.8618431,61.70192860000001],[162.85464409999997,61.7089898],[162.8337336,61.7150594],[162.80741569999998,61.71377439999999],[162.7862732,61.7067448],[162.7278802,61.6980089],[162.70548639999998,61.685544499999985],[162.68685579999996,61.6847583],[162.6439887,61.674041700000004],[162.63732079999997,61.66844650000001],[162.6164424,61.66460459999999],[162.61509059999997,61.659626499999995],[162.6259428,61.65396760000001],[162.63136089999998,61.64376270000001],[162.64966959999998,61.6268263],[162.6912224,61.6200306],[162.7488738,61.6276739],[162.7481335,61.62388310000001],[162.7609384,61.619126699999995],[162.7587551,61.608801799999995],[162.7795382,61.599524699999996],[162.7685693,61.593292099999985],[162.7539915,61.59133210000001],[162.74753540000003,61.595052900000006],[162.7357793,61.59370289999999],[162.739816,61.59738649999999],[162.7377427,61.5999674],[162.7160007,61.6033887],[162.6876417,61.60532750000001],[162.6808155,61.602818499999984],[162.6820224,61.60069330000001],[162.6721385,61.60039090000001],[162.6670933,61.6053989],[162.6519415,61.608836199999985],[162.65303849999998,61.6148388],[162.6405635,61.617763700000005],[162.6372778,61.625440799999986],[162.600089,61.62350319999999],[162.60118599999998,61.6302893],[162.57653119999998,61.6429346],[162.5138855,61.65738809999999],[162.4263892,61.6727613],[162.40938939999998,61.6694929],[162.4104434,61.665586100000006],[162.38878729999996,61.662866799999996],[162.3832257,61.65749879999999],[162.3896214,61.652735499999984],[162.3828167,61.645897700000006],[162.3843724,61.63900480000001],[162.3658691,61.62771029999999],[162.3663318,61.6213424],[162.3574723,61.6167644],[162.3616433,61.6146647],[162.35351219999998,61.61219340000001],[162.3441969,61.61210989999999],[162.34203639999998,61.6148311],[162.3297197,61.611530999999985],[162.299931,61.614262399999994],[162.28940610000004,61.61207419999999],[162.30127210000003,61.60479949999999],[162.33150600000002,61.597324],[162.32711789999996,61.58713859999999],[162.2744393,61.5717559],[162.2712207,61.560174999999994],[162.26027729999998,61.5580442],[162.2612429,61.552688700000004],[162.2539687,61.54962210000001],[162.24257470000003,61.5484926],[162.23591209999998,61.55648320000001],[162.20663309999998,61.5574822],[162.2060859,61.551748299999986],[162.2227827,61.5463521],[162.22591279999997,61.541029],[162.2204411,61.5391782],[162.2203392,61.5352462],[162.2215086,61.5302933],[162.2282785,61.526188700000006],[162.2247058,61.51929290000001],[162.22817929999997,61.51753409999999],[162.20093610000004,61.508319300000004],[162.17529949999997,61.50518689999999],[162.1698466,61.49386909999998],[162.1594691,61.48962920000001],[162.1432471,61.498335],[162.1309519,61.494587199999984],[162.1362144,61.4889801],[162.1344817,61.47745529999999],[162.13935519999998,61.47422119999999],[162.1173048,61.4681837],[162.1107441,61.4615601],[162.0977783,61.45703830000001],[162.09860979999996,61.4497682],[162.1055755,61.447514500000004],[162.10814509999997,61.4425771],[162.09890479999999,61.43796470000001],[162.0687354,61.4356923],[162.05951929999998,61.443419500000005],[162.0563757,61.43536650000001],[162.03564229999998,61.43726449999998],[162.0284808,61.434658600000006],[162.05048289999996,61.43028609999998],[162.0528781,61.42353190000001],[162.05951929999998,61.418848699999984],[162.022891,61.409197699999986],[162.0219094,61.4070027],[162.0280731,61.4044404],[162.01431739999998,61.390457],[162.00653759999997,61.38822350000001],[162.00754209999997,61.38306609999999],[161.996659,61.3804581],[161.98482509999997,61.3730262],[161.9545537,61.372581600000004],[161.9319749,61.3773411],[161.9177806,61.37675269999999],[161.91658709999996,61.3912739],[161.9037151,61.3992561],[161.9088006,61.4052851],[161.89693449999996,61.41075850000001],[161.90239439999996,61.41532059999999],[161.90300519999997,61.4263036],[161.8964402,61.425808599999996],[161.8879652,61.430231000000006],[161.87607759999997,61.4288354],[161.8780088,61.40316429999999],[161.8909183,61.38382270000001],[161.890862,61.37249159999999],[161.9021165,61.3697774],[161.9150555,61.359579000000004],[161.90810319999997,61.356082],[161.912545,61.3510414],[161.906966,61.3484153],[161.90965889999998,61.3458894],[161.9001371,61.347684799999996],[161.8960521,61.34525399999999],[161.901269,61.34103760000001],[161.88645509999998,61.33542719999999],[161.86447979999997,61.3345767],[161.8601453,61.340803399999984],[161.847775,61.345966600000004],[161.84631049999996,61.3542433],[161.8337041,61.36165140000001],[161.82450409999998,61.3745785],[161.8028426,61.368805800000004],[161.79902310000003,61.361615400000005],[161.8107444,61.345804499999986],[161.79015039999996,61.3338227],[161.80104019999996,61.3208839],[161.800485,61.3143082],[161.785845,61.30491410000002],[161.7837185,61.3005189],[161.76105379999998,61.2975305],[161.76157949999998,61.3013097],[161.7550993,61.3019949],[161.74783049999996,61.2958017],[161.7038906,61.2896846],[161.69354799999996,61.28443229999999],[161.6930008,61.2975125],[161.68748619999997,61.29216360000001],[161.69045799999998,61.2893857],[161.68493269999996,61.2856591],[161.6912198,61.283040500000006],[161.6919547,61.2780681],[161.68372029999998,61.277142600000005],[161.68323749999996,61.2821177],[161.6671765,61.2805093],[161.650992,61.257022599999985],[161.64548279999997,61.2570058],[161.64084789999998,61.26426029999999],[161.6371357,61.2645955],[161.62888529999998,61.26340400000001],[161.6254198,61.25344440000001],[161.612303,61.2551993],[161.6017198,61.25270909999999],[161.5875578,61.25598560000001],[161.5721404,61.254184900000006],[161.5661806,61.255737899999986],[161.5676075,61.263940500000004],[161.5617871,61.25708190000001],[161.5426147,61.25287939999998],[161.5601563,61.2527556],[161.58191440000002,61.24821450000001],[161.5856695,61.24472559999999],[161.5952021,61.24583779999999],[161.59140409999998,61.2408699],[161.59973499999998,61.2351654],[161.5976214,61.2282877],[161.6039622,61.21566430000001],[161.5762496,61.2027154],[161.57472609999996,61.197552],[161.5829712,61.1931282],[161.5810373,61.1882967],[161.5652901,61.184554299999995],[161.54926659999998,61.1906479],[161.53536469999997,61.1900844],[161.53906339999997,61.198751200000004],[161.5348899,61.2001183],[161.5091514,61.1945383],[161.49317089999997,61.20064549999999],[161.47984029999998,61.198068899999996],[161.47611739999996,61.19549980000001],[161.47690589999996,61.1903545],[161.465131,61.1835459],[161.4657935,61.1758991],[161.456847,61.1672145],[161.4474311,61.166070700000006],[161.4424181,61.1619429],[161.4341354,61.163474599999994],[161.40866519999997,61.15760599999999],[161.40795709999998,61.15520450000001],[161.41353609999996,61.1545626],[161.40348839999996,61.1534828],[161.411165,61.15227469999999],[161.41246319999996,61.1486665],[161.42520899999997,61.14777080000001],[161.4298653,61.1426035],[161.45679040000002,61.1359354],[161.4513445,61.13224050000001],[161.45395159999998,61.1301167],[161.4463663,61.11921589999999],[161.40712019999998,61.117137899999996],[161.3935617,61.1078668],[161.3722515,61.1063712],[161.37424709999996,61.099014200000006],[161.36342169999998,61.089223],[161.3561019,61.088376299999986],[161.3478675,61.0812972],[161.35156089999998,61.0743502],[161.33446449999997,61.0759718],[161.30886819999998,61.0580219],[161.29101279999998,61.059601499999985],[161.2402439,61.0484919],[161.2349224,61.049972099999984],[161.23524959999997,61.0536149],[161.2124562,61.0549416],[161.2071132,61.0463106],[161.217885,61.0303615],[161.19879839999996,61.0186672],[161.1818576,61.012834100000006],[161.1784029,60.9984287],[161.1832201,60.988928999999985],[161.1681783,60.98810160000001],[161.14566519999997,60.98060309999999],[161.1303645,60.966497600000004],[161.1104464,60.9700355],[161.08047709999997,60.9594907],[161.0719299,60.96039449999999],[161.06700710000004,60.954794099999994],[161.04975649999997,60.94980109999999],[161.0402691,60.94206509999999],[161.0234302,60.9409656],[161.0074218,60.934279399999994],[161.001184,60.923373199999986],[160.9856808,60.912192499999996],[160.9637348,60.9024615],[160.92112000000003,60.902223500000005],[160.9131753,60.8997243],[160.9093451,60.896035],[160.91365279999997,60.89399980000001],[160.91065409999996,60.8936814],[160.9078002,60.880976200000006],[160.9137654,60.87362170000001],[160.9018001,60.8599263],[160.8823568,60.8568699],[160.8721375,60.84863970000001],[160.8654964,60.8474559],[160.86493309999997,60.8362093],[160.8692099,60.833664399999996],[160.85803449999997,60.8170735],[160.84558899999996,60.81220009999999],[160.84559979999997,60.8027101],[160.83832869999998,60.79672089999998],[160.8387601,60.7887684],[160.8350265,60.7868166],[160.839479,60.7813337],[160.8337551,60.778984699999995],[160.82762360000004,60.7708025],[160.82542419999996,60.7636087],[160.83090129999997,60.7537479],[160.81313430000003,60.75369020000001],[160.79671379999996,60.74413839999998],[160.7900137,60.733387799999996],[160.79440179999997,60.719076099999995],[160.78910159999998,60.7169625],[160.7323247,60.7347489],[160.71611879999998,60.75257629999999],[160.68870129999996,60.7577025],[160.68695779999996,60.76296670000001],[160.6925905,60.76240339999999],[160.69209159999997,60.7705746],[160.6855416,60.7715988],[160.6792518,60.7583629],[160.6545246,60.7482305],[160.649191,60.7372512],[160.63902679999998,60.73061309999999],[160.6401855,60.7230193],[160.6332493,60.71420880000001],[160.6091765,60.71268810000001],[160.6052417,60.7187193],[160.59912089999997,60.721161900000006],[160.5801845,60.721775799999996],[160.57420039999997,60.7259757],[160.5787709,60.73826400000001],[160.5553687,60.7415251],[160.54046089999997,60.73771210000001],[160.5405629,60.732184],[160.5293083,60.7271744],[160.52499,60.7204063],[160.5020598,60.7201807],[160.4920739,60.7045572],[160.473572,60.703842],[160.4626983,60.696068600000004],[160.4502636,60.701104],[160.43086589999996,60.70292849999999],[160.4188067,60.69979140000001],[160.4066423,60.70208420000001],[160.40237539999998,60.7131696],[160.40911089999997,60.7215595],[160.43378949999996,60.736747099999995],[160.4389071,60.744738700000006],[160.43982979999998,60.7475227],[160.42794759999998,60.754334899999996],[160.4376841,60.75365619999999],[160.4301283,60.75449219999999],[160.4264054,60.75897080000001],[160.42304989999997,60.748917299999995],[160.41512129999998,60.746988],[160.41434879999997,60.739542300000004],[160.3988188,60.73539920000001],[160.3868401,60.7369464],[160.3867972,60.729257099999984],[160.3814864,60.72334980000001],[160.34769059999996,60.7281725],[160.35642909999999,60.725090699999996],[160.35817259999996,60.7213036],[160.3773992,60.71747620000001],[160.3830582,60.700978],[160.37738259999998,60.68937],[160.3682148,60.684041199999996],[160.3748694,60.6813541],[160.3592831,60.6592186],[160.33696169999996,60.6519208],[160.326544,60.654786500000014],[160.309217,60.65395049999999],[160.2866328,60.6352843],[160.2862304,60.62445259999999],[160.29513,60.6205921],[160.2705824,60.60385259999999],[160.2401876,60.60240960000001],[160.235424,60.5992733],[160.2384147,60.5975918],[160.2360463,60.59454319999999],[160.2135801,60.583595],[160.1812515,60.581052400000004],[160.1766703,60.577613599999985],[160.16940949999997,60.57823020000001],[160.16811129999996,60.57474499999999],[160.1606561,60.5766952],[160.14840979999997,60.57453120000001],[160.1512402,60.5822025],[160.1406482,60.58440519999998],[160.1421127,60.58662880000001],[160.1369467,60.5883926],[160.1428503,60.5931867],[160.13956189999996,60.5979368],[160.1448421,60.6025117],[160.13989979999997,60.604287],[160.1430327,60.6047847],[160.1445508,60.61492020000001],[160.14974889999996,60.62040129999998],[160.1477641,60.626836600000004],[160.15511069999997,60.63068320000001],[160.15310439999996,60.6361682],[160.1613521,60.64149710000001],[160.1583266,60.64934410000001],[160.1489764,60.650861199999994],[160.1499796,60.65346670000001],[160.1448324,60.655282],[160.153107,60.66357909999999],[160.1608264,60.661952199999995],[160.16531650000002,60.6657131],[160.1733577,60.6621467],[160.18547059999997,60.6653058],[160.2154255,60.65948139999999],[160.22200229999999,60.6714602],[160.21170529999998,60.6806685],[160.2161014,60.6842408],[160.21439819999998,60.68757500000001],[160.2024447,60.693100599999994],[160.20185349999997,60.69901700000001],[160.2148017,60.70397570000001],[160.22218729999997,60.702614800000006],[160.218732,60.70731210000001],[160.2233916,60.711340499999984],[160.2430281,60.710275200000005],[160.24531329999996,60.707724],[160.2549559,60.712655299999994],[160.24867420000004,60.7141511],[160.249342,60.71801880000001],[160.24180769999998,60.71754250000001],[160.2337557,60.7229944],[160.2520135,60.735767700000004],[160.24642379999997,60.7418588],[160.24900409999998,60.747613199999996],[160.24251309999997,60.7577798],[160.25024589999998,60.772451499999995],[160.24871709999996,60.7771306],[160.2355367,60.790144100000006],[160.1782662,60.821243900000006],[160.1752219,60.8265958],[160.1955181,60.82372970000001],[160.2038062,60.8256492],[160.20918129999998,60.82970470000001],[160.20356209999997,60.8376118],[160.2150607,60.84085429999999],[160.216957,60.8448949],[160.2332836,60.8329834],[160.2562487,60.82512619999999],[160.2538886,60.8375772],[160.24831469999998,60.84011720000001],[160.25255799999996,60.84280409999999],[160.2512813,60.8490918],[160.2434063,60.857123299999984],[160.248878,60.86102599999999],[160.2459034,60.8654689],[160.2501762,60.8696918],[160.24333119999997,60.873494999999984],[160.24238969999996,60.879027400000005],[160.2566108,60.8807217],[160.26949350000004,60.8750186],[160.2708509,60.8813426],[160.26646789999998,60.8855259],[160.2757966,60.892616700000005],[160.26916219999998,60.8984445],[160.27344169999998,60.903861699999986],[160.28512,60.90538509999998],[160.29150899999996,60.8925959],[160.30352,60.8915286],[160.3102523,60.8818768],[160.3105956,60.884891700000004],[160.32285869999998,60.8896809],[160.3112233,60.889793099999984],[160.30853029999997,60.896439399999984],[160.3018355,60.89822670000001],[160.30196429999998,60.9021166],[160.3082138,60.9045387],[160.3275633,60.904200899999985],[160.3382009,60.8991555],[160.3450084,60.9056851],[160.3526312,60.9071693],[160.36188749999997,60.90431169999999],[160.3496325,60.9003543],[160.3571266,60.895802800000006],[160.3687191,60.900579999999984],[160.3731823,60.89776229999999],[160.3751403,60.90292259999999],[160.3873551,60.906125900000006],[160.3605384,60.911673500000006],[160.3582826,60.9168421],[160.3500697,60.916174500000004],[160.3515691,60.9215666],[160.34513439999998,60.9231803],[160.34511029999996,60.92571679999999],[160.33625899999998,60.92613649999999],[160.33558309999998,60.92955119999999],[160.35538579999997,60.9330398],[160.355764,60.937955999999986],[160.3507054,60.93886279999999],[160.3541601,60.94649150000001],[160.36125179999996,60.946540999999996],[160.3651947,60.952133599999996],[160.3787023,60.95782689999999],[160.3731823,60.96591179999999],[160.38916830000002,60.97168330000001],[160.39568599999998,60.98078220000001],[160.42451979999998,60.9841832],[160.4277062,60.99096860000001],[160.4161084,61.00232969999998],[160.40806169999996,61.00502370000001],[160.3974026,61.0028966],[160.41343689999997,61.01030970000001],[160.41417719999998,61.016010800000004],[160.42633289999998,61.018191599999994],[160.4261774,61.0227685],[160.43974939999998,61.029873],[160.44287679999996,61.036206899999996],[160.4151964,61.037362900000005],[160.4038078,61.032889399999995],[160.3694594,61.0456198],[160.36341909999996,61.0395942],[160.3508931,61.03562759999999],[160.3539401,61.031130499999996],[160.34377189999998,61.028986999999994],[160.3457594,61.0315956],[160.34021259999997,61.0342716],[160.3183204,61.0328764],[160.31704900000003,61.0300211],[160.29982919999998,61.0279866],[160.27810329999997,61.019842100000005],[160.2476871,61.029800200000004],[160.1920524,61.03984559999999],[160.1803382,61.03700599999999],[160.1752505,61.027838200000005],[160.1508837,61.024977299999996],[160.15102259999998,61.02881459999999],[160.1357123,61.0284326],[160.1329663,61.02538500000001],[160.13601999999997,61.0222884],[160.1322566,61.020272899999995],[160.1120538,61.015578899999994],[160.0893884,61.0157639],[160.0838556,61.0081316],[160.0732468,61.006169400000005],[160.0746895,61.0020635],[160.06730449999998,61.0018662],[160.0658439,61.0054602],[160.0589085,61.00295599999999],[160.0739552,60.9959278],[160.0606942,60.99352829999999],[160.05570529999997,60.98965739999999],[160.0584733,60.98840340000001],[160.0402236,60.980805600000004],[160.0274563,60.98358999999999],[160.0111301,60.98148379999999],[160.0093567,60.972170000000006],[160.01308499999996,60.9700657],[159.9946046,60.96239689999999],[159.98795269999997,60.9615949],[159.98592489999996,60.9660784],[159.97528769999997,60.967159900000006],[159.9581051,60.965396299999995],[159.94986529999997,60.959397200000005],[159.9521398,60.95290199999999],[159.9567532,60.951998199999984],[159.94984389999996,60.9399129],[159.91139169999997,60.9464107],[159.8935711,60.94363359999999],[159.88923669999997,60.9476716],[159.89156480000003,60.94200779999999],[159.88544939999997,60.934425000000005],[159.88905429999997,60.928884000000004],[159.9061183,60.9242121],[159.90420339999997,60.919546000000004],[159.89052409999996,60.9145656],[159.88020299999997,60.91439350000001],[159.8762655,60.9194808],[159.8636853,60.92551549999999],[159.8307538,60.9325746],[159.7903817,60.931306],[159.78765609999996,60.9327596],[159.80715039999998,60.937922199999996],[159.8335996,60.950457500000006],[159.8312607,60.958095099999994],[159.83966949999999,60.9616965],[159.8417616,60.9691634],[159.83793679999997,60.973271100000005],[159.83159769999997,60.973703],[159.8300792,60.9780145],[159.86392729999997,60.987503200000006],[159.8892581,61.01005750000001],[159.9284792,61.022584599999995],[159.94136539999997,61.04380189999999],[159.9658272,61.05444179999999],[159.9660283,61.0606839],[159.95316979999998,61.0683612],[159.95421049999996,61.072860899999995],[159.96925229999997,61.07903059999999],[159.9678683,61.0876657],[160.0014496,61.0993707],[160.0047004,61.1070827],[160.00173129999996,61.11442910000001],[159.96972439999996,61.1418009],[159.9848843,61.150129],[159.982996,61.15632759999999],[159.9726105,61.16495189999999],[159.9714571,61.17627149999999],[159.94857899999997,61.194373500000005],[159.91569940000002,61.211495000000006],[159.9281233,61.216743999999984],[159.93280379999996,61.2222013],[159.95121719999997,61.2237017],[159.9497259,61.2353616],[159.93844449999997,61.2453785],[159.893834,61.260956300000004],[159.8770031,61.257000699999985],[159.8542446,61.2582995],[159.844657,61.24510240000001],[159.8404151,61.2450353],[159.82281099999997,61.2322387],[159.8122195,61.23455029999999],[159.813781,61.23969249999999],[159.8010806,61.24204120000001],[159.7680846,61.2390342],[159.79968599999998,61.249854],[159.79559919999997,61.2562749],[159.7840345,61.261203899999984],[159.7760528,61.260737999999996],[159.79581259999998,61.26471759999998],[159.7964119,61.2674002],[159.81818269999997,61.268135099999995],[159.82816490000002,61.272456],[159.82759089999996,61.28090329999999],[159.82124519999996,61.2822212],[159.8234119,61.2837434],[159.8171653,61.28889860000001],[159.82788399999998,61.2920317],[159.87261769999998,61.289689800000005],[159.88131079999997,61.2930989],[159.905346,61.2938358],[159.9134409,61.29025149999998],[159.9099648,61.2855354],[159.9139559,61.2809578],[159.92982389999997,61.281633099999986],[159.9463087,61.2750659],[159.92471159999997,61.272249200000005],[159.966554,61.26401009999999],[159.95732459999996,61.2699517],[159.9550259,61.2687256],[159.95660839999996,61.2717412],[160.00413179999998,61.2883291],[160.00402449999999,61.29292370000001],[159.98055519999997,61.295082900000004],[159.972982,61.2896582],[159.9516678,61.2895171],[159.9328655,61.2949901],[159.9326026,61.29918700000001],[159.92441650000004,61.3035302],[159.9206293,61.31110219999999],[159.90791289999999,61.310665699999994],[159.90654229999998,61.31403780000001],[159.8964465,61.3185282],[159.8806912,61.3208118],[159.8863077,61.32193680000001],[159.89068239999997,61.3273398],[159.8954165,61.3271506],[159.8977983,61.318384],[159.917711,61.316445299999984],[159.9192828,61.32142969999999],[159.9518931,61.335413],[159.9732488,61.3398155],[159.9758257,61.3620421],[159.9659286,61.373679700000004],[159.95470889999999,61.378302000000005],[159.9858718,61.37784520000001],[160.0041013,61.38288020000001],[160.0087032,61.37687460000001],[160.015559,61.380413600000004],[160.0340446,61.38051110000001],[160.04348299999998,61.3745126],[160.05677199999997,61.37724200000001],[160.0626341,61.3818412],[160.05989649999998,61.37671069999999],[160.08291249999996,61.3772952],[160.07653609999997,61.382732],[160.0505793,61.382736500000014],[160.0509309,61.3852928],[160.0412267,61.390913],[160.0548404,61.39531139999998],[160.06324370000002,61.4028822],[160.09525719999996,61.41389780000001],[160.1059699,61.4296204],[160.10659219999997,61.4412039],[160.09204919999996,61.45307789999999],[160.06212659999997,61.4486632],[160.0522184,61.451724299999995],[160.04073589999996,61.449865599999995],[160.03497179999997,61.4538239],[160.0456202,61.460503599999996],[160.0570679,61.46228219999998],[160.05998070000004,61.46896520000001],[160.0793624,61.47335660000001],[160.0760901,61.4765063],[160.0969148,61.4792278],[160.09779989999998,61.486142799999996],[160.1111048,61.48672439999999],[160.11446709999998,61.4914919],[160.1098765,61.4994217],[160.1137859,61.501572999999986],[160.16614379999996,61.5055064],[160.20864709999998,61.512381000000005],[160.2248521,61.52228019999999],[160.2274173,61.528348399999985],[160.22428119999998,61.5317222],[160.2507477,61.5353808],[160.2577592,61.540024200000005],[160.25977119999996,61.547744],[160.2683941,61.5474722],[160.265535,61.550479900000006],[160.2794508,61.5541962],[160.2764743,61.5585131],[160.27915589999998,61.55887680000001],[160.26963779999997,61.5652622],[160.2576153,61.56569890000001],[160.2547971,61.571236500000005],[160.2448913,61.57191129999999],[160.2535036,61.57480240000001],[160.25151079999998,61.58393639999999],[160.24379929999998,61.5885832],[160.26316879999996,61.60016130000002],[160.273497,61.600647],[160.27351629999998,61.6058696],[160.2804096,61.608649400000004],[160.2696457,61.621083899999995],[160.25875739999998,61.6251238],[160.29150819999998,61.63291409999999],[160.3050244,61.6403883],[160.31276469999997,61.6457759],[160.32266979999997,61.66378],[160.3168993,61.6735947],[160.30027329999996,61.684460399999985],[160.28279649999996,61.685560200000005],[160.2700737,61.6901339],[160.25655279999998,61.68928180000001],[160.254202,61.692309400000006],[160.2715469,61.69474950000001],[160.3061916,61.706925],[160.33595329999997,61.72359189999998],[160.35774320000002,61.728953499999996],[160.36591809999996,61.7389435],[160.3829832,61.751575800000005],[160.3893716,61.752876400000005],[160.3894755,61.7562069],[160.41020849999998,61.76155749999999],[160.39399739999996,61.7839586],[160.4031803,61.7882856],[160.39935899999998,61.7959702],[160.35393869999996,61.804309200000006],[160.36615679999997,61.815955399999986],[160.3932926,61.820330899999995],[160.40086769999996,61.8278118],[160.3944607,61.84459580000001],[160.39585139999997,61.85075890000001],[160.3858923,61.8569102],[160.37443029999997,61.8579887],[160.3777705,61.860807],[160.36840579999998,61.8674558],[160.373209,61.8711509],[160.3900348,61.87280069999999],[160.3913366,61.8803459],[160.3737295,61.907345099999986],[160.3543854,61.909098099999994],[160.3508985,61.9134677],[160.3710743,61.9234456],[160.3719592,61.92969790000001],[160.3622228,61.934026700000004],[160.3668845,61.9368306],[160.36503370000003,61.938695599999996],[160.29920159999998,61.94106000000001],[160.27604879999998,61.9271862],[160.2652931,61.9266737],[160.24892489999996,61.920308799999994],[160.2456647,61.923949699999994],[160.24536699999996,61.91967249999998],[160.22492050000002,61.9130598],[160.21649569999997,61.90354310000001],[160.2194622,61.9011492],[160.19568979999997,61.89155669999999],[160.1938874,61.88695389999999],[160.18573079999996,61.883514700000006],[160.17246189999997,61.8801926],[160.12740079999998,61.882445299999986],[160.11882299999996,61.877679400000005],[160.12330499999996,61.8714952],[160.1141345,61.866205199999996],[160.0937015,61.86561579999999],[160.0841314,61.85878279999999],[160.0853169,61.8545344],[160.07174489999997,61.8557667],[160.06830629999996,61.850880199999985],[160.05722339999997,61.8520722],[160.042187,61.84881499999999],[160.040288,61.84518289999998],[160.0302941,61.8462157],[160.0276923,61.84273509999999],[160.0306105,61.83956560000001],[160.0112879,61.82755800000001],[160.0202323,61.825199100000006],[160.0089168,61.8266006],[160.00926019999997,61.8127483],[159.9976087,61.80902329999999],[160.00922800000004,61.806935],[159.99793049999997,61.801896199999995],[159.9937946,61.7970062],[159.99729079999997,61.7947174],[159.9745631,61.7839293],[159.98084479999997,61.776593500000004],[159.9799222,61.77176669999999],[159.9689841,61.763769399999994],[159.97007849999997,61.75985060000001],[159.9483579,61.7608582],[159.95034279999996,61.75707100000001],[159.94635259999998,61.75450969999999],[159.95037499999998,61.748316999999986],[159.9348557,61.742240100000004],[159.92842909999996,61.7320998],[159.9003169,61.72748200000001],[159.8947835,61.72085329999999],[159.8992306,61.718974999999986],[159.8940432,61.71747800000001],[159.89591,61.7110771],[159.88971799999996,61.7122695],[159.8793769,61.7053412],[159.8639059,61.7043826],[159.8589224,61.7055802],[159.85852539999996,61.7098314],[159.82951939999998,61.71599390000001],[159.8162749,61.70845280000001],[159.8120728,61.71261410000001],[159.8051762,61.7125998],[159.80807519999996,61.7158544],[159.8034891,61.71740690000001],[159.80443839999998,61.7215298],[159.79786289999998,61.72997079999998],[159.7942047,61.7274244],[159.79826689999996,61.721502099999995],[159.79064549999998,61.708812699999996],[159.7912519,61.701022],[159.75125979999999,61.705827499999984],[159.7234636,61.7005342],[159.73240029999997,61.7069064],[159.71786909999997,61.709455500000004],[159.7100196,61.72038760000001],[159.7041118,61.72151060000001],[159.69590139999997,61.730058799999995],[159.6965229,61.72149819999999],[159.7062196,61.71734060000001],[159.7001391,61.702398200000005],[159.7076828,61.69354179999999],[159.70710659999997,61.6857266],[159.6838345,61.69075149999998],[159.6678226,61.685673599999994],[159.64544729999997,61.686225599999986],[159.6368493,61.6766751],[159.6185991,61.6802217],[159.62276569999997,61.671681299999996],[159.60764649999996,61.6693745],[159.60508310000003,61.665475],[159.5910288,61.66497820000001],[159.5867501,61.66033689999999],[159.5799383,61.66277050000001],[159.57680019999998,61.6590786],[159.5807146,61.654789099999995],[159.57626319999997,61.651719599999986],[159.5711624,61.6518971],[159.56502889999996,61.65778530000001],[159.5676165,61.658847899999984],[159.557404,61.6642791],[159.54836429999997,61.66246329999998],[159.5375492,61.66816300000001],[159.5238231,61.66900840000001],[159.5281752,61.6722485],[159.5189581,61.6752791],[159.53281359999997,61.67944389999998],[159.5274557,61.686381100000006],[159.52010360000003,61.6872529],[159.5245016,61.6898137],[159.51377489999996,61.692471100000006],[159.5186727,61.6992264],[159.5123973,61.707895799999996],[159.51560309999996,61.7138379],[159.5231142,61.709848400000006],[159.52782979999998,61.71725459999998],[159.5325823,61.717199599999994],[159.5312944,61.722715],[159.5381087,61.72596949999999],[159.5317297,61.73055229999999],[159.53284269999997,61.73717430000001],[159.536709,61.7389601],[159.53649719999999,61.749152200000005],[159.54186689999997,61.75355849999999],[159.530513,61.75624429999999],[159.53190859999998,61.7595322],[159.52422849999996,61.765057],[159.5330042,61.769024200000004],[159.5302498,61.78457110000001],[159.54529329999997,61.78866179999999],[159.53838349999998,61.7930351],[159.5452827,61.795682599999985],[159.5377651,61.79994],[159.5462784,61.803419399999996],[159.54819839999996,61.8091461],[159.5679891,61.80696319999999],[159.5630203,61.8108106],[159.57153389999996,61.8172188],[159.5481328,61.82115910000001],[159.53457559999998,61.8169569],[159.513934,61.8175863],[159.5259505,61.805450599999986],[159.5237509,61.7961626],[159.51419399999997,61.79290039999999],[159.5009639,61.7947287],[159.4767791,61.785386199999984],[159.4754139,61.77916140000001],[159.47983469999997,61.7713569],[159.47126179999998,61.7636142],[159.4620588,61.7674554],[159.4650188,61.7728497],[159.4587006,61.7757916],[159.4650936,61.779650000000004],[159.46109159999997,61.7828173],[159.4105675,61.78864170000001],[159.40589379999997,61.795109800000006],[159.3953358,61.79696380000001],[159.39587209999996,61.80406730000001],[159.3873828,61.8103367],[159.37184589999998,61.808698199999995],[159.3702421,61.8149047],[159.35149299999998,61.817382699999996],[159.35366069999998,61.8198577],[159.3492015,61.826732500000006],[159.3546634,61.8290633],[159.38030889999996,61.833623999999986],[159.3921416,61.83213449999999],[159.3982689,61.835177599999994],[159.4009209,61.8490639],[159.39589139999998,61.8562796],[159.4041451,61.86204599999999],[159.4050573,61.8681078],[159.39621799999998,61.876918200000006],[159.3762046,61.8840766],[159.3437626,61.892942],[159.19957419999997,61.91739690000001],[159.1562569,61.92162020000001],[159.1235378,61.9166814],[159.0652277,61.9223718],[159.02422699999997,61.9158669],[159.030624,61.918394799999994],[159.0299535,61.92337650000001],[159.0141499,61.924088499999996],[159.0045798,61.923033199999985],[158.9947333,61.914397300000005],[158.9994568,61.9066845],[158.98738680000002,61.9046926],[158.98721249999997,61.90169240000001],[158.9754617,61.89539179999999],[158.966544,61.89482950000001],[158.9607847,61.8988966],[158.94857529999996,61.899846700000005],[158.9347082,61.89660219999999],[158.92283680000003,61.897562499999985],[158.9181161,61.901231300000006],[158.90003529999998,61.89954350000001],[158.8940942,61.904306],[158.886348,61.9049806],[158.90130399999998,61.8913103],[158.89753819999999,61.888899],[158.90105719999997,61.886510300000005],[158.8785052,61.882169700000006],[158.8502347,61.8642271],[158.8532764,61.8553821],[158.84949449999996,61.848809999999986],[158.85334609999998,61.84684589999999],[158.83885139999998,61.8417415],[158.84336019999998,61.839239],[158.84279699999996,61.83068689999999],[158.8470295,61.8295942],[158.84362579999998,61.8191052],[158.83186699999996,61.819259800000005],[158.8291097,61.8166148],[158.81621900000002,61.81852],[158.8035459,61.8136079],[158.80109179999997,61.818512799999986],[158.78668590000004,61.820888],[158.74746579999996,61.81651500000001],[158.74249339999997,61.81759199999999],[158.7429311,61.8225668],[158.738277,61.823166900000004],[158.745977,61.8270854],[158.74356849999998,61.8298125],[158.6988662,61.838032799999986],[158.6582696,61.8381938],[158.6501742,61.83612680000002],[158.651824,61.8338283],[158.6464358,61.83176780000001],[158.6139822,61.830528799999996],[158.6053226,61.8306325],[158.60474539999998,61.8334452],[158.56902679999996,61.8334654],[158.54472579999998,61.82993360000001],[158.53537559999998,61.8219712],[158.53732759999997,61.81813999999999],[158.5333197,61.81307489999998],[158.5101091,61.795019599999996],[158.476088,61.789204399999996],[158.4738404,61.793431299999995],[158.477971,61.797896],[158.46939859999998,61.8032776],[158.45140639999997,61.803014],[158.4502369,61.807619300000006],[158.44551089999996,61.80808299999999],[158.44665879999997,61.8117423],[158.41659660000002,61.8162322],[158.40090039999998,61.8225429],[158.3139539,61.82745030000001],[158.27243329999996,61.826215600000005],[158.2407081,61.8182819],[158.2393777,61.80991019999999],[158.22025889999998,61.80126760000001],[158.21533439999996,61.79281520000001],[158.1975782,61.78402569999999],[158.18019749999996,61.77985580000001],[158.1663144,61.767941500000006],[158.1548023,61.76793640000001],[158.15106869999997,61.7715955],[158.1356943,61.7706363],[158.12584649999997,61.7656737],[158.12023609999997,61.7549732],[158.1115162,61.75270509999999],[158.1139053,61.7475846],[158.08923279999996,61.74335210000001],[158.0788967,61.7350399],[158.07906789999998,61.730858],[158.06594529999998,61.735327],[158.065238,61.7415239],[158.0496502,61.7489582],[158.0519562,61.750339100000005],[158.04554979999997,61.7493128],[158.04121859999998,61.7455446],[158.04565629999996,61.7386238],[158.0411547,61.72866699999999],[158.02138359999998,61.734751900000006],[158.01145799999998,61.73031950000001],[158.0095731,61.73264609999998],[158.014932,61.73709240000001],[157.9974462,61.741777600000006],[157.97564449999996,61.74408889999999],[157.9603224,61.743585299999985],[157.95872339999997,61.7400411],[157.9517618,61.743488899999996],[157.94231899999997,61.741253300000004],[157.9424227,61.7491212],[157.9512238,61.7555437],[157.9352814,61.76240349999999],[157.9051048,61.7654546],[157.8850961,61.7623985],[157.8865187,61.768058],[157.8832564,61.7697005],[157.8713623,61.7715725],[157.85402169999998,61.769210999999984],[157.85073369999998,61.7732177],[157.8457643,61.77280839999999],[157.84639199999998,61.7754592],[157.8363679,61.7736862],[157.83079079999996,61.7788511],[157.8126673,61.782426799999996],[157.73526189999998,61.7825636],[157.7221879,61.7787978],[157.7150333,61.7788475],[157.71323479999998,61.781717900000004],[157.68303049999997,61.7789255],[157.559974,61.7916692],[157.4986428,61.78975969999998],[157.48875619999998,61.78285900000001],[157.4704627,61.78356819999999],[157.46628919999998,61.7755321],[157.4596373,61.7746898],[157.4540583,61.778276999999996],[157.4325371,61.77322439999999],[157.43028319999996,61.768108],[157.43602319999997,61.7666362],[157.43801869999996,61.762575600000005],[157.43257649999998,61.7592233],[157.43417779999996,61.756466499999995],[157.42424289999997,61.7570225],[157.41554180000003,61.74983769999999],[157.4022756,61.744093699999986],[157.3903076,61.743258099999984],[157.37191299999998,61.7322621],[157.3626916,61.72299530000001],[157.35731639999997,61.71047939999999],[157.3714999,61.705521399999995],[157.3758558,61.7002727],[157.3708455,61.6984517],[157.37173599999997,61.695811600000006],[157.3617348,61.693468],[157.35893459999997,61.684946499999995],[157.3411059,61.6785237],[157.33634500000002,61.6792643],[157.34134199999997,61.68514499999999],[157.33591319999996,61.6867518],[157.33551079999998,61.691464700000004],[157.32066749999998,61.6953618],[157.2648883,61.695727999999995],[157.173543,61.67262899999999],[157.0392501,61.6494515],[157.0182967,61.641079699999985],[156.99548719999999,61.6254102],[157.00269159999996,61.615104],[156.96488860000002,61.5775474],[156.9653606,61.5739113],[156.97093959999998,61.5720522],[156.9681501,61.5679659],[156.96321479999997,61.5672916],[156.9633436,61.563531700000006],[156.93853849999996,61.55744640000001],[156.8993139,61.5390402],[156.818279,61.518505],[156.7687762,61.5201115],[156.7142844,61.52813750000001],[156.69368499999996,61.528193800000004],[156.6720557,61.519032],[156.66980259999997,61.51142829999999],[156.692757,61.510175800000006],[156.6969895,61.5054032],[156.6707253,61.5010535],[156.6599214,61.4885243],[156.6641593,61.48459600000001],[156.6568637,61.4714966],[156.6601038,61.466408],[156.6521001,61.45551059999999],[156.6553831,61.4532599],[156.6504907,61.4326218],[156.6342902,61.42166129999999],[156.62418359999998,61.3719416],[156.63395759999997,61.358044],[156.64004089999997,61.35764799999999],[156.64199349999998,61.3489298],[156.6477656,61.3479806],[156.6497397,61.33998270000001],[156.6469824,61.33317429999999],[156.6516495,61.32337069999999],[156.6417628,61.3129923],[156.6358888,61.3124464],[156.6341507,61.305613900000004],[156.629709,61.3046378],[156.62894719999997,61.2749306],[156.6392362,61.26511910000001],[156.63938639999998,61.2575334],[156.64912819999998,61.255590899999994],[156.64714340000003,61.23310529999999],[156.65910059999996,61.2256204],[156.65060879999996,61.2237895],[156.64876339999998,61.2185262],[156.6619652,61.2121718],[156.6575396,61.210149],[156.66013869999998,61.2060772],[156.657258,61.2062064],[156.65675100000004,61.20253970000001],[156.6476905,61.19984689999999],[156.64870439999999,61.19738650000001],[156.64019639999998,61.192343699999995],[156.62684439999998,61.1924213],[156.62300349999998,61.19842549999999],[156.6267264,61.2012218],[156.6210616,61.2080589],[156.58743739999997,61.21197549999999],[156.55427449999996,61.209143999999995],[156.50321599999998,61.19609429999999],[156.4097035,61.15933459999999],[156.39350289999996,61.156151599999994],[156.3266086,61.1227342],[156.2579226,61.0752946],[156.1851597,61.0504862],[156.1001014,61.009787200000005],[156.04817929999996,60.9763502],[156.0294253,60.9467559],[156.0211748,60.94431360000001],[156.0166955,60.94775490000001],[156.007576,60.94783830000001],[155.9934032,60.9410229],[155.9828299,60.925380600000004],[155.98166049999998,60.9138641],[155.9774709,60.9133321],[155.9779456,60.91963979999999],[155.9727582,60.9209017],[155.9768701,60.9308727],[155.9705356,60.93662590000001],[155.9468936,60.9359573],[155.9296417,60.9291707],[155.93140119999998,60.92422830000001],[155.9560829,60.9253415],[155.9581482,60.9233674],[155.9522447,60.91769990000001],[155.94498389999998,60.91603630000001],[155.9502411,60.91079200000001],[155.96955299999996,60.90798829999999],[155.9686249,60.911358],[155.96041339999996,60.911607],[155.9591889,60.91579250000001],[155.98752379999996,60.908735500000006],[155.96585149999999,60.89991990000001],[155.9632498,60.89582500000001],[155.95383519999996,60.8938588],[155.9456559,60.882873299999986],[155.9296685,60.875613900000005],[155.9187949,60.860566299999995],[155.9204256,60.83887829999999],[155.91398829999997,60.82868760000001],[155.91659539999998,60.817573100000004],[155.90339899999998,60.80664829999999],[155.9063601,60.78954720000001],[155.91382739999997,60.7791366],[155.9072506,60.76730269999999],[155.9175503,60.758168999999995],[155.9153992,60.7554042],[155.9221691,60.74851619999999],[155.9168744,60.73937449999998],[155.9048366,60.7407012],[155.898335,60.736164900000006],[155.8988821,60.7320005],[155.90964319999998,60.72870100000001],[155.9088975,60.72136909999998],[155.9140742,60.720589999999994],[155.9119928,60.71376790000001],[155.9058934,60.70932500000001],[155.8914524,60.706269999999996],[155.8929866,60.7120465],[155.87400199999996,60.71478080000001],[155.866009,60.71979240000001],[155.86791869999996,60.7272531],[155.86224320000002,60.73167529999999],[155.81061599999998,60.728423],[155.8031702,60.724247],[155.8117747,60.7195982],[155.80424309999998,60.715274199999996],[155.7999944,60.7050179],[155.772593,60.6926368],[155.75868840000004,60.67853809999998],[155.7516986,60.67837790000001],[155.7512899,60.675714000000006],[155.7455134,60.675564200000004],[155.7289481,60.6667249],[155.72569729999998,60.6562008],[155.70580599999997,60.652777900000004],[155.7078445,60.6550178],[155.70140719999998,60.6575415],[155.6761622,60.6593448],[155.664382,60.65480230000001],[155.66681649999998,60.651805299999985],[155.6492972,60.6448318],[155.62631609999997,60.646025699999996],[155.6182594,60.6416757],[155.61878439999998,60.638580199999986],[155.6088388,60.63051219999999],[155.5957721,60.6275501],[155.5817163,60.6287021],[155.5696634,60.6235853],[155.5656016,60.618144499999985],[155.56057559999996,60.61805559999999],[155.5525339,60.6074992],[155.5475986,60.60572460000001],[155.5439347,60.5968267],[155.5352711,60.59125599999999],[155.5366659,60.58808960000001],[155.53137660000002,60.5859741],[155.5296707,60.591688000000005],[155.5233621,60.59211470000001],[155.5099362,60.59033669999999],[155.4950809,60.58238300000001],[155.48922299999998,60.58225389999999],[155.4751978,60.555254500000004],[155.48006059999997,60.552284300000004],[155.4796958,60.539195400000004],[155.48421259999998,60.53431399999999],[155.4756296,60.531326799999995],[155.4562622,60.53221789999999],[155.4353321,60.511765800000006],[155.4253542,60.522411000000005],[155.40322059999997,60.5313954],[155.3650689,60.5294583],[155.31447169999998,60.51621230000001],[155.27697980000002,60.490369799999996],[155.2424383,60.4860889],[155.2138889,60.4658395],[155.19696409999997,60.445257299999994],[155.1878178,60.43881890000001],[155.179975,60.4380514],[155.148679,60.41470519999999],[155.1358259,60.41269759999999],[155.1195395,60.404390199999995],[155.09224529999997,60.4031026],[155.0282465,60.379329299999995],[154.9696733,60.36989569999999],[154.86962299999996,60.3156144],[154.83798269999997,60.294445200000006],[154.765753,60.2307048],[154.6724743,60.184581999999985],[154.5339811,60.05365429999999],[154.5094228,60.0259054],[154.5003614,60.0063576],[154.4876637,59.965969699999995],[154.48329329999999,59.93131449999999],[154.4785514,59.9486216],[154.500441,60.0188182],[154.5212138,60.04618219999999],[154.58469629999996,60.1054462],[154.5420599,60.097247800000005],[154.4923317,60.0936533],[154.41086769999998,60.0664091],[154.4055247,60.0587043],[154.4046557,60.046964300000006],[154.4062948,60.0420779],[154.4119427,60.04252960000001],[154.41488019999997,60.039426799999994],[154.4072198,60.03976449999999],[154.41578249999998,60.0366016],[154.4071546,60.03822949999999],[154.41413909999997,60.034059799999994],[154.40892249999996,60.0358192],[154.4074374,60.0328517],[154.43455689999996,60.0164057],[154.43464279999998,60.00724660000001],[154.4282054,60.00115340000001],[154.4398355,60.00089589999999],[154.439202,60.00681],[154.4463549,60.00453300000001],[154.4566754,59.989318499999996],[154.4537127,59.991654800000006],[154.45424019999996,59.98038720000001],[154.4703148,59.9743221],[154.47330179999997,59.96686629999999],[154.47039129999996,59.9566701],[154.46631430000002,59.95962960000002],[154.46399689999998,59.9528293],[154.4692111,59.940234800000006],[154.48109309999998,59.92851079999999],[154.4746613,59.9123852],[154.47629209999997,59.908221899999994],[154.47978969999997,59.91703199999999],[154.47792289999998,59.910481100000005],[154.4824934,59.91443979999999],[154.4823539,59.9278236],[154.48579789999997,59.9269366],[154.48420999999996,59.9143537],[154.47867389999996,59.9091687],[154.4837051,59.892193400000004],[154.4789492,59.8854333],[154.45604429999997,59.88238279999999],[154.4478616,59.87684680000001],[154.4400508,59.87643430000001],[154.4567113,59.8830489],[154.4489627,59.88322730000001],[154.4506013,59.88235049999999],[154.43315009999998,59.8774042],[154.42249059999997,59.867925899999996],[154.415219,59.8664862],[154.4305578,59.8770337],[154.4384819,59.8800927],[154.43112839999998,59.88092209999999],[154.4484241,59.8826116],[154.43756049999996,59.88297169999999],[154.4241434,59.879835199999995],[154.45218449999996,59.88645300000001],[154.4593659,59.89862789999999],[154.4345258,59.895581799999995],[154.4285463,59.90281469999999],[154.4068718,59.9026994],[154.3655445,59.8949073],[154.3556771,59.8991554],[154.32577639999997,59.900989999999986],[154.27144519999996,59.88950249999999],[154.24155279999997,59.88928029999999],[154.2315185,59.882219599999985],[154.2091977,59.87751879999999],[154.2266911,59.8566476],[154.2215558,59.839240799999985],[154.2257684,59.821459099999984],[154.2156773,59.7839395],[154.2178667,59.765471000000005],[154.2292714,59.7329639],[154.2562278,59.6903607],[154.2798262,59.6628309],[154.37274179999997,59.5814788],[154.374041,59.5772351],[154.36965459999996,59.57521139999999],[154.3695903,59.57918250000001],[154.36707889999997,59.573317499999995],[154.3525578,59.58931239999999],[154.3184417,59.6104483],[154.2901711,59.619433199999996],[154.2858515,59.6251702],[154.29262,59.626133200000005],[154.2940508,59.6303863],[154.2873462,59.6412572],[154.2925607,59.6395922],[154.2963806,59.64282250000001],[154.27909609999998,59.660013299999996],[154.24943089999996,59.66949060000001],[154.2278981,59.6645816],[154.21121479999996,59.65143320000001],[154.2037506,59.6297753],[154.19575449999996,59.622451699999985],[154.2166328,59.6151645],[154.21693319999997,59.6057858],[154.2101741,59.5968878],[154.1994238,59.591702100000006],[154.1975784,59.584619999999994],[154.1837168,59.5711957],[154.16741969999998,59.569185100000006],[154.1551566,59.56167430000001],[154.15567159999998,59.5501984],[154.15066119999997,59.5405759],[154.1456079,59.539441899999986],[154.14613369999998,59.534388699999994],[154.1397178,59.539567000000005],[154.10500999999996,59.5413835],[154.07592429999997,59.5243362],[154.07245869999997,59.51886009999999],[154.07316949999998,59.514039299999986],[154.0810847,59.5084094],[154.0773511,59.5045494],[154.09340949999998,59.5006413],[154.0911376,59.49659400000001],[154.1083803,59.4863439],[154.12104959999996,59.4739439],[154.12619,59.45803560000001],[154.1607839,59.45250559999999],[154.16258629999996,59.446806800000005],[154.29262249999996,59.4368301],[154.3028283,59.4387968],[154.3043303,59.44422970000001],[154.31915219999996,59.453658899999986],[154.3206382,59.4616789],[154.339368,59.46599079999998],[154.34747099999998,59.471550099999995],[154.3501639,59.4872912],[154.36047429999996,59.50142950000001],[154.3581998,59.5113054],[154.3461299,59.5194588],[154.3713641,59.52295790000001],[154.37510850000004,59.5253684],[154.37398189999996,59.5275394],[154.3771148,59.52804540000001],[154.3761814,59.530327699999994],[154.3720615,59.52884519999999],[154.37430379999998,59.525379300000004],[154.36698669999998,59.52893219999999],[154.3929291,59.536124],[154.4053478,59.531830799999994],[154.4138744,59.50571310000001],[154.4099021,59.4971658],[154.4057607,59.497111299999986],[154.3978858,59.4879939],[154.3788957,59.4860001],[154.37782279999996,59.475234099999994],[154.401952,59.4661734],[154.41334,59.4581988],[154.4251478,59.455650399999996],[154.4168812,59.4522793],[154.408797,59.4353708],[154.4151163,59.42775919999998],[154.41425799999996,59.42145039999998],[154.4229812,59.41457],[154.485932,59.4183201],[154.4917846,59.414067699999976],[154.5067942,59.415577099999986],[154.51487299999997,59.4127602],[154.53417419999997,59.4205716],[154.53216790000002,59.4350489],[154.5368886,59.435239800000005],[154.52790859999996,59.439467799999996],[154.49377479999998,59.445593200000005],[154.48961199999997,59.448404700000005],[154.49103889999998,59.45789269999999],[154.4796395,59.4608421],[154.45724309999997,59.4754098],[154.4496202,59.497326400000006],[154.458096,59.5110169],[154.4647264,59.5149142],[154.4507038,59.5209444],[154.42876869999998,59.52417949999999],[154.42950899999997,59.5278427],[154.42182179999998,59.5304991],[154.42207929999998,59.5379135],[154.41326329999998,59.5427259],[154.4127365,59.550681100000006],[154.4421519,59.54323679999999],[154.5026892,59.520315],[154.55166899999998,59.51325690000001],[154.5739939,59.5139775],[154.58939,59.51800060000001],[154.6178687,59.530685299999995],[154.6277462,59.5437111],[154.64623479999997,59.54215459999999],[154.72017029999998,59.49752419999999],[154.7643287,59.47516610000001],[154.79502019999998,59.46351219999999],[154.8215378,59.4666736],[154.83796719999998,59.47404010000001],[154.8734843,59.465691500000005],[154.90660409999998,59.46880560000001],[154.91695239999999,59.4730056],[154.9155011,59.4834547],[154.9269588,59.48940009999999],[154.9431521,59.49571720000001],[154.97164249999997,59.4960793],[154.99571799999998,59.4809662],[155.00793279999996,59.48089259999999],[155.0087294,59.4780512],[155.01338839999997,59.47784279999999],[155.01507819999998,59.451973899999984],[155.02537249999997,59.43794030000001],[155.0249648,59.43197439999999],[155.0321531,59.4290688],[155.04367320000003,59.430570800000005],[155.04265129999996,59.4284658],[155.0483,59.425745500000005],[155.03825249999997,59.42403190000001],[155.0383651,59.4214968],[155.0677983,59.4113291],[155.0685212,59.406920899999996],[155.08558809999997,59.3916668],[155.0937427,59.388355799999985],[155.1069693,59.391215],[155.1194792,59.3825637],[155.1678751,59.37818399999999],[155.1755012,59.3719126],[155.18440609999996,59.3699716],[155.184677,59.3663827],[155.19272969999997,59.3624328],[155.20647869999996,59.346813600000004],[155.2100088,59.3471376],[155.20452879999996,59.33993399999999],[155.2087667,59.3396063],[155.2073666,59.33732560000001],[155.20000789999997,59.33742249999999],[155.1940244,59.3318186],[155.2046522,59.32252220000001],[155.2097237,59.3218477],[155.2192302,59.3079371],[155.2088034,59.3054256],[155.19709709999998,59.3102321],[155.1809758,59.3087108],[155.1572457,59.29771350000001],[155.1546551,59.2923799],[155.1640316,59.286335699999995],[155.1567699,59.28292279999999],[155.1630371,59.27836649999999],[155.16046229999998,59.269497499999986],[155.18807709999996,59.25319569999999],[155.19831599999998,59.2437729],[155.19685669999998,59.236628700000004],[155.2015976,59.236548600000006],[155.17651049999998,59.22314519999998],[155.1558036,59.2195214],[155.13281039999998,59.2230473],[155.15611409999997,59.2140761],[155.165698,59.19439469999999],[155.1914191,59.18230239999998],[155.1919508,59.17743869999999],[155.1815522,59.174492],[155.0637876,59.19272569999999],[155.03607379999997,59.187152799999986],[155.0324117,59.182038],[155.03575509999996,59.177660700000004],[155.02866509999998,59.1720296],[155.0089797,59.175976],[154.99745959999998,59.1844764],[154.9789971,59.18866379999999],[154.94438939999998,59.1902135],[154.9173664,59.1955935],[154.9076648,59.19457289999999],[154.9019424,59.18956159999999],[154.85650549999997,59.1889385],[154.83373449999996,59.197171999999995],[154.8037169,59.190206499999995],[154.79498219999996,59.18546449999999],[154.7899769,59.1781025],[154.7858115,59.152711399999994],[154.7907811,59.1405528],[154.8081189,59.131041999999994],[154.80660619999998,59.1276399],[154.79577339999997,59.1338824],[154.76862569999997,59.13965589999999],[154.71379929999998,59.143338299999996],[154.70046519999997,59.1417159],[154.7011578,59.14384629999999],[154.69327209999997,59.1460501],[154.6746415,59.147876800000006],[154.65686919999996,59.159167799999985],[154.62364729999996,59.166177100000006],[154.6212012,59.17521909999999],[154.61317329999997,59.18042899999999],[154.58135959999998,59.185564],[154.5801432,59.1874099],[154.5919704,59.19257059999999],[154.58952429999997,59.197507399999985],[154.5788223,59.2017526],[154.57062809999996,59.20108930000001],[154.5721972,59.203077799999996],[154.5626646,59.20715899999998],[154.5441252,59.210223699999986],[154.5359445,59.2166459],[154.5177752,59.2174352],[154.5091733,59.2141845],[154.50330729999996,59.2213239],[154.49387939999997,59.21788269999999],[154.4870371,59.220934099999994],[154.45208789999998,59.216769500000005],[154.4318667,59.2120071],[154.39353529999997,59.19572859999999],[154.3723654,59.196429300000005],[154.37019229999999,59.201768400000006],[154.359042,59.20430730000001],[154.35142659999997,59.201384699999984],[154.3524884,59.2057432],[154.34607239999997,59.2086222],[154.333947,59.20891809999999],[154.33382709999998,59.2058476],[154.3258844,59.2069529],[154.3342662,59.204307199999995],[154.33319869999997,59.2025265],[154.3527389,59.201151100000004],[154.3618664,59.1948454],[154.359777,59.19162],[154.3443489,59.197240900000004],[154.32915689999996,59.18981209999999],[154.3348056,59.187515000000005],[154.34155779999998,59.17615200000001],[154.3392994,59.17231780000001],[154.34832379999997,59.149345799999985],[154.3537538,59.148614],[154.3550297,59.1514791],[154.3596829,59.148473700000004],[154.3508798,59.14417079999998],[154.3454913,59.14492020000001],[154.3403326,59.1393892],[154.3503785,59.13485519999999],[154.34939149999997,59.129319],[154.34412359999996,59.1260213],[154.351725,59.12026139999999],[154.3497657,59.11551229999999],[154.3590001,59.1152848],[154.35546379999997,59.10910040000001],[154.34422819999998,59.113352199999994],[154.3415355,59.12379729999999],[154.33181789999998,59.12273700000001],[154.32345809999998,59.1175729],[154.3261399,59.1146135],[154.33031429999997,59.1158946],[154.3313595,59.112292700000005],[154.32049099999998,59.10788260000001],[154.3137714,59.0967584],[154.298746,59.088670799999996],[154.279654,59.08544369999999],[154.2412433,59.0915989],[154.223269,59.1039428],[154.2171349,59.10272929999999],[154.2140794,59.0968489],[154.16883349999998,59.095065600000005],[154.150741,59.0895959],[154.09969849999996,59.0644419],[154.0549871,59.0489434],[154.0406509,59.0468887],[154.0303289,59.05502880000001],[154.0071201,59.0595273],[153.9995989,59.0641589],[153.9627199,59.06958799999999],[153.9430612,59.0688262],[153.9280114,59.0760485],[153.8942509,59.1050882],[153.9019104,59.108922099999994],[153.90164829999998,59.111389200000005],[153.87850749999998,59.1245927],[153.8841102,59.12963740000001],[153.87589929999996,59.139960800000004],[153.85130219999996,59.152627],[153.84086609999997,59.167504499999986],[153.76113359999997,59.182554399999994],[153.7134612,59.1861122],[153.6929342,59.181855399999996],[153.6852658,59.1849168],[153.6855903,59.1904811],[153.71046779999998,59.2010343],[153.71386349999997,59.21313979999999],[153.7184715,59.2161915],[153.7296832,59.21909480000001],[153.7457959,59.21173629999999],[153.7516008,59.2225852],[153.7738243,59.21760820000001],[153.7651431,59.22402780000001],[153.7713459,59.23135020000001],[153.7703307,59.2369241],[153.77798839999997,59.2363664],[153.7708599,59.2393137],[153.78548119999996,59.245539400000006],[153.77586009999996,59.245337799999994],[153.76633419999996,59.25033339999999],[153.74857399999996,59.250616599999994],[153.7465797,59.2423586],[153.7379712,59.2384037],[153.74034089999998,59.235233199999996],[153.7143785,59.23266749999999],[153.6979875,59.22496639999999],[153.6898068,59.2248855],[153.6862421,59.22790319999999],[153.6814141,59.2233456],[153.6866444,59.220247799999996],[153.6821598,59.21646749999999],[153.6911157,59.2147309],[153.67883119999996,59.19736730000001],[153.67169649999997,59.19334130000001],[153.63811249999998,59.1904468],[153.5932593,59.2028609],[153.59280469999996,59.210275799999984],[153.5868072,59.215580700000004],[153.4980141,59.2338063],[153.41886879999998,59.22742289999999],[153.3813769,59.21744210000001],[153.3763973,59.212197999999994],[153.3771068,59.21689920000001],[153.3985671,59.225752799999995],[153.44679999999997,59.2331752],[153.4302279,59.24066100000001],[153.4199229,59.238627900000004],[153.41267089999997,59.232985799999994],[153.4010924,59.237514699999984],[153.3881468,59.24824949999999],[153.36748029999998,59.2454324],[153.3751327,59.23723350000001],[153.3746626,59.232644799999996],[153.36971459999998,59.2290738],[153.3725108,59.2269519],[153.36873699999998,59.227468200000004],[153.3705609,59.2256087],[153.3679068,59.22669290000001],[153.36039389999996,59.2204894],[153.376274,59.2110931],[153.3566053,59.2011579],[153.36355359999996,59.18063930000001],[153.34872359999997,59.1731725],[153.3463204,59.16060050000001],[153.34994139999998,59.150371799999995],[153.33934929999998,59.148249499999984],[153.3379975,59.14524529999999],[153.3297524,59.149114700000005],[153.3329684,59.1497942],[153.32931249999996,59.1531129],[153.3200857,59.1516771],[153.3206892,59.15741729999999],[153.32607239999996,59.15939049999999],[153.32122019999997,59.1613898],[153.32330699999997,59.1654457],[153.3126372,59.16773049999999],[153.3164942,59.161279799999996],[153.2895863,59.1573554],[153.29873,59.154033000000005],[153.3000952,59.1471643],[153.2933628,59.145216500000004],[153.2860351,59.13513449999999],[153.27938319999998,59.13227779999999],[153.2813814,59.1259814],[153.3068356,59.1325117],[153.303051,59.134520800000004],[153.3094105,59.1358831],[153.309896,59.1409133],[153.3226365,59.1437445],[153.3497697,59.13356859999998],[153.3437616,59.1309402],[153.35633169999997,59.12147550000001],[153.35392179999997,59.1186294],[153.3341673,59.12552580000001],[153.32434239999998,59.124669699999984],[153.32185859999998,59.118188800000006],[153.31246019999998,59.116889199999996],[153.3257478,59.11607689999999],[153.33268939999996,59.1208045],[153.34197520000004,59.1158346],[153.34329489999996,59.1093328],[153.3538252,59.1071157],[153.35031419999999,59.102484000000004],[153.3325124,59.0986177],[153.3322549,59.09422599999999],[153.33861709999996,59.09433069999999],[153.34161039999998,59.090818899999995],[153.32383809999996,59.086738999999994],[153.29017639999998,59.08877],[153.2731068,59.0846968],[153.2559246,59.0872709],[153.2491279,59.092930999999986],[153.24149969999996,59.09392290000001],[153.1772661,59.08870389999999],[153.17244349999999,59.084549300000006],[153.152917,59.0831058],[153.1380697,59.083088599999996],[153.1192593,59.0881968],[153.10890059999997,59.0834241],[153.0983596,59.08445220000001],[153.0965625,59.0807554],[153.0747896,59.0816856],[153.06451539999998,59.0748224],[153.01444749999996,59.0663784],[152.99755749999997,59.05625169999998],[152.9890224,59.029929700000004],[152.9551507,59.01565149999999],[152.9474844,59.0090348],[152.9388763,58.9713923],[152.91851349999996,58.9592386],[152.9048307,58.94379370000001],[152.90493319999996,58.926403],[152.9134883,58.91657189999999],[152.9069366,58.9065788],[152.8962229,58.90486280000001],[152.89141639999997,58.917265499999985],[152.88460749999996,58.91970659999999],[152.8136906,58.927418999999986],[152.74904329999998,58.9175379],[152.7372873,58.911770799999985],[152.734884,58.907351],[152.7261454,58.9071502],[152.7172543,58.919145],[152.6956487,58.9225498],[152.65888629999998,58.941748099999984],[152.5483855,58.9516259],[152.5438034,58.967507099999985],[152.5324931,58.97191750000001],[152.5259812,58.981012],[152.51599429999996,58.982691900000006],[152.52076859999997,58.98509670000001],[152.5173635,58.9883705],[152.49042490000002,58.9972124],[152.48538490000004,59.00007750000001],[152.4859643,59.00369109999999],[152.4706033,59.0098083],[152.4508327,59.01268219999999],[152.43730479999996,59.011078399999995],[152.4313867,59.014601600000006],[152.4352062,59.01694340000001],[152.43223959999997,59.0189814],[152.40900100000002,59.02267040000001],[152.4165487,59.033692099999996],[152.4148361,59.028838],[152.42178709999996,59.0303936],[152.42376119999997,59.03423449999999],[152.43642929999996,59.0339888],[152.4282485,59.0427209],[152.42162879999998,59.04055320000001],[152.4242587,59.036984199999985],[152.4056375,59.041103799999995],[152.3993933,59.03872009999999],[152.3929855,59.0451477],[152.3835576,59.045707799999995],[152.37964689999998,59.052923799999995],[152.36544729999997,59.0534659],[152.3644388,59.05713870000001],[152.35377969999996,59.060619499999994],[152.34206379999998,59.053536199999996],[152.34255459999997,59.049273899999996],[152.34558549999997,59.04542909999999],[152.3665658,59.03949490000001],[152.36269399999998,59.0355159],[152.35185919999998,59.03867799999999],[152.3500568,59.03583809999999],[152.3624808,59.02938600000001],[152.3683628,59.02956540000001],[152.36424299999996,59.0241496],[152.3838767,59.019655199999995],[152.3965985,59.0108759],[152.39473969999997,59.007912100000006],[152.38544049999996,59.012966600000006],[152.3687129,59.009819399999984],[152.33258489999997,59.01444279999998],[152.3000148,59.01247920000001],[152.2711086,59.00826010000001],[152.25186109999999,59.0010983],[152.21263649999997,58.9972813],[152.1618837,58.983440999999985],[152.1442079,58.974527999999985],[152.1364671,58.96191759999999],[152.14338179999996,58.9571129],[152.1436876,58.9508245],[152.14525399999997,58.95303779999999],[152.1496367,58.94483379999999],[152.14433669999997,58.919487],[152.128737,58.910828999999985],[152.12481829999996,58.9045169],[152.0767048,58.89345649999999],[152.06731170000003,58.88692090000001],[152.03425479999999,58.88626039999999],[151.980772,58.8769875],[151.92820089999998,58.879704999999994],[151.85429329999997,58.8756081],[151.8510336,58.87966600000001],[151.84323769999997,58.880502299999996],[151.8304924,58.87528419999999],[151.7701793,58.86587539999999],[151.7620592,58.8582166],[151.75044359999998,58.853339],[151.72630969999997,58.85101280000001],[151.7194783,58.847339699999985],[151.7044017,58.8512901],[151.7006853,58.84702209999998],[151.6892517,58.8432101],[151.6120228,58.8500204],[151.59533259999998,58.8567915],[151.54679619999996,58.8668555],[151.4569904,58.8639744],[151.4254008,58.85648510000001],[151.4153689,58.85125359999999],[151.4125162,58.84639390000001],[151.3972313,58.8468547],[151.3893256,58.84205990000001],[151.3445395,58.8372278],[151.34648759999996,58.8422568],[151.3586897,58.846258600000006],[151.361756,58.858053199999986],[151.3159196,58.8912565],[151.31289949999996,58.90248119999998],[151.316125,58.9022673],[151.3166187,58.90739370000001],[151.31297,58.9111864],[151.290265,58.9254849],[151.2766689,58.9276999],[151.2644756,58.93604919999999],[151.2518316,58.93674259999999],[151.25832799999998,58.94392049999999],[151.24533,58.9552622],[151.2463961,58.96508599999999],[151.2410197,58.966396800000005],[151.2395364,58.9712763],[151.23322779999998,58.97455010000001],[151.2441927,58.9846434],[151.2387693,58.9895991],[151.23879069999998,58.99785330000001],[151.17675389999997,59.02864889999999],[151.1564603,59.04812619999999],[151.1574565,59.05693680000001],[151.14283789999996,59.0670803],[151.14064769999996,59.08001009999999],[151.1288873,59.0865646],[151.1232305,59.09463040000001],[151.10183809999998,59.1056985],[151.1126696,59.107888899999985],[151.17964239999998,59.0851086],[151.2196483,59.08657040000001],[151.2325287,59.0935711],[151.2420196,59.09487279999998],[151.25509639999999,59.103231799999996],[151.3182312,59.10510210000001],[151.34798029999996,59.1165666],[151.3701427,59.119505799999985],[151.3831244,59.126454399999986],[151.38263159999997,59.1409259],[151.3922547,59.14430099999999],[151.40040629999996,59.1521221],[151.42644539999998,59.15709820000001],[151.43238429999997,59.1649985],[151.4443177,59.160797200000005],[151.4588043,59.16106799999999],[151.46342310000003,59.1659915],[151.472159,59.1606143],[151.4993304,59.15495270000001],[151.5157936,59.15778139999999],[151.5923534,59.148558300000005],[151.62649029999997,59.15310470000001],[151.6489608,59.16419829999999],[151.6699527,59.1581008],[151.70103579999997,59.141018700000004],[151.72560819999998,59.133145899999995],[151.7536078,59.1290682],[151.78421259999996,59.13102],[151.7925462,59.134024],[151.7931229,59.1415558],[151.8318164,59.1458877],[151.90635500000002,59.13063189999999],[151.9552919,59.1352171],[151.9700468,59.1393779],[151.9898307,59.1516207],[152.0454806,59.143835900000006],[152.06275639999998,59.148000499999995],[152.0834109,59.1455793],[152.1104792,59.1493224],[152.12826409999997,59.15524769999999],[152.15571999999997,59.1745786],[152.1607599,59.1818829],[152.18694630000002,59.182005200000006],[152.1981096,59.196289],[152.2163889,59.1941957],[152.24561960000003,59.19849210000001],[152.26587349999997,59.195429299999994],[152.274287,59.2024969],[152.29278589999998,59.200015],[152.29536499999998,59.19593399999999],[152.31230580000002,59.19704829999999],[152.3227827,59.20964480000001],[152.3221384,59.22960539999999],[152.2970496,59.2353592],[152.2929163,59.2419914],[152.28336069999997,59.24501049999999],[152.2654277,59.245247199999994],[152.2414595,59.264466000000006],[152.2123575,59.265644899999984],[152.20905299999998,59.26840549999999],[152.212548,59.2719937],[152.2066779,59.27971009999999],[152.1888542,59.28127429999999],[152.1723205,59.291190699999994],[152.17366,59.29785390000001],[152.15252729999997,59.28236099999999],[152.142025,59.2822922],[152.1494564,59.2851565],[152.139938,59.295587999999995],[152.1405159,59.304752400000005],[152.13054689999998,59.304309100000005],[152.12379909999999,59.2959077],[152.11474029999997,59.29285959999999],[152.11548949999997,59.2906378],[152.10039469999998,59.2872285],[152.0946409,59.290301599999985],[152.097035,59.2852984],[152.07671590000004,59.275601899999984],[152.06774359999997,59.2747563],[152.0600373,59.27818089999999],[152.05683409999997,59.27615769999999],[152.0503863,59.2791637],[152.05399189999997,59.2763492],[152.0518269,59.2736887],[152.0257935,59.27491390000001],[152.0151356,59.2647484],[152.00950229999998,59.26407429999998],[151.9521335,59.27458119999999],[151.94051229999997,59.280875899999984],[151.93234759999999,59.292462],[151.9197221,59.2950059],[151.90910619999997,59.30428040000001],[151.8975987,59.307263000000006],[151.8769744,59.3034082],[151.879805,59.30103349999999],[151.86278110000003,59.2992584],[151.81687439999996,59.3030095],[151.7375404,59.29971239999998],[151.73242339999996,59.305050800000004],[151.73127909999997,59.318477900000005],[151.7178483,59.3269759],[151.7400513,59.328241000000006],[151.74985919999997,59.33685489999999],[151.7646874,59.3381764],[151.7674811,59.349460099999995],[151.7713678,59.351280499999994],[151.76865009999997,59.360339],[151.7498447,59.3638214],[151.72101399999997,59.3833616],[151.7131376,59.3926032],[151.69440319999998,59.3971061],[151.6915305,59.402705299999994],[151.6997872,59.4073008],[151.69991019999998,59.41655489999999],[151.680589,59.44194529999999],[151.64392539999997,59.471758300000005],[151.590371,59.4988122],[151.5637808,59.505171000000004],[151.51670269999997,59.5065701],[151.49586689999998,59.522381],[151.49729399999998,59.5253081],[151.49062899999998,59.53197380000001],[151.49725029999996,59.5367186],[151.4955932,59.5403002],[151.4413128,59.5601646],[151.4252794,59.56856229999999],[151.4278534,59.570828799999994],[151.4350697,59.56851540000001],[151.44075729999997,59.5641664],[151.4363963,59.56312700000001],[151.4496991,59.56103490000001],[151.45494969999996,59.5568428],[151.47909799999996,59.5541235],[151.44571879999998,59.5773127],[151.4375604,59.58683640000001],[151.4397754,59.5927963],[151.4269361,59.5920558],[151.4085345,59.60533929999999],[151.36197349999998,59.603522299999995],[151.3597232,59.59364730000001],[151.3428996,59.56950900000002],[151.3313697,59.56789869999999],[151.3332878,59.5653234],[151.32690189999997,59.5607986],[151.3165516,59.56192259999999],[151.31659369999997,59.5643771],[151.312882,59.5631646],[151.31742590000002,59.5612536],[151.30764349999998,59.5633857],[151.3016982,59.56214969999999],[151.30438869999998,59.56038730000001],[151.2848261,59.5611807],[151.2781774,59.56598530000001],[151.274701,59.5758222],[151.2722821,59.56680519999999],[151.2624898,59.562809599999994],[151.2023587,59.575278000000004],[151.1343658,59.5837944],[151.1290345,59.5828159],[151.12547189999998,59.57784830000001],[151.11243769999996,59.58227029999998],[151.0569642,59.5824739],[151.03403879999996,59.5750145],[151.00971199999998,59.5736892],[151.0045399,59.568822700000005],[150.9898902,59.5689809],[150.9424432,59.55723780000001],[150.9268425,59.5589066],[150.9150856,59.5658406],[150.8925407,59.5508582],[150.89119919999996,59.5428816],[150.9018989,59.5320478],[150.91440909999997,59.525806599999996],[150.9292486,59.52087770000001],[150.9447774,59.520608900000006],[150.93653880000002,59.5077085],[150.93855469999997,59.50476059999999],[150.92165379999997,59.5022146],[150.91120449999997,59.4926011],[150.9156448,59.48585700000001],[150.9607617,59.48210840000001],[150.9418287,59.47340809999999],[150.9336577,59.4649123],[150.9323383,59.4600708],[150.93897379999999,59.45817360000001],[150.93936199999996,59.4551979],[150.92470379999997,59.4470166],[150.9110242,59.4446546],[150.8466803,59.4501235],[150.8144263,59.4395752],[150.78424109999997,59.44012869999999],[150.7604609,59.4328754],[150.744966,59.436135],[150.7503311,59.4410197],[150.74084389999996,59.4447529],[150.74801929999998,59.4504224],[150.74208579999998,59.4568029],[150.7711215,59.46286090000001],[150.77990599999998,59.4688189],[150.7711857,59.47944029999999],[150.75099399999996,59.48842390000001],[150.7178848,59.489889100000006],[150.6642337,59.4986895],[150.6282161,59.493919000000005],[150.5958649,59.48541999999998],[150.5484962,59.49109189999999],[150.535102,59.4861222],[150.5349295,59.47750630000001],[150.5137126,59.4797968],[150.5004681,59.485123599999994],[150.52780729999998,59.4869251],[150.5323638,59.498564900000005],[150.5413825,59.50229490000001],[150.5560385,59.50163039999999],[150.6034502,59.5145701],[150.6363925,59.5162355],[150.6660792,59.5259221],[150.6914743,59.521160800000004],[150.73220099999998,59.5262377],[150.73729279999998,59.527868600000005],[150.7368647,59.530557699999996],[150.7494807,59.528502700000004],[150.7634533,59.53129320000001],[150.7707296,59.536830900000005],[150.7691058,59.538515299999986],[150.7832879,59.54182229999999],[150.77889359999998,59.5548394],[150.7708074,59.563595500000005],[150.6861418,59.56284269999998],[150.65674439999998,59.5511735],[150.6024757,59.540422899999996],[150.588778,59.544313],[150.57622229999998,59.5429515],[150.5509428,59.5570594],[150.52352969999998,59.56112299999999],[150.5090274,59.555916299999986],[150.5215898,59.5611559],[150.5240489,59.566103700000006],[150.4991555,59.576509300000005],[150.4986013,59.57932950000001],[150.46509859999998,59.5800096],[150.4586715,59.57731259999999],[150.45880689999998,59.5828345],[150.47212419999997,59.59392570000001],[150.4626882,59.599721900000006],[150.45958759999996,59.61582649999999],[150.45059679999997,59.6183661],[150.42321679999998,59.62298890000001],[150.3919296,59.6184835],[150.36381090000003,59.6291737],[150.36666509999998,59.6328075],[150.3590906,59.63665819999999],[150.3223905,59.64464530000001],[150.1357323,59.6596448],[149.9574351,59.7075516],[149.78300569999996,59.741174300000004],[149.65500049999997,59.755462999999985],[149.581494,59.7586809],[149.49665029999997,59.752087700000004],[149.4419472,59.7416229],[149.396038,59.7286941],[149.34043999999997,59.7197645],[149.1638032,59.6579339],[149.1088915,59.632124100000006],[149.08067559999998,59.631030299999985],[149.07235950000003,59.62563939999999],[149.0570716,59.623019200000016],[149.05396500000003,59.6165987],[149.04534599999997,59.61553870000001],[149.0828293,59.609756],[149.0859762,59.610637999999994],[149.0839822,59.61525520000001],[149.0891751,59.6099741],[149.0979054,59.611781],[149.0937818,59.5920788],[149.0990042,59.5879111],[149.1069594,59.5880005],[149.10030829999997,59.5894023],[149.0976132,59.59374349999999],[149.11051389999997,59.58749540000001],[149.10692189999997,59.5793236],[149.11507629999997,59.57521879999999],[149.1163472,59.571413599999985],[149.1117494,59.5662772],[149.09583039999998,59.56193],[149.0970005,59.5471913],[149.1054736,59.54552939999999],[149.1128675,59.53708110000001],[149.1260836,59.536782399999986],[149.1396206,59.52853150000001],[149.1698872,59.529396000000006],[149.21572210000002,59.521388],[149.21715579999997,59.51338609999999],[149.226154,59.5101348],[149.230937,59.5025286],[149.2146786,59.477139099999995],[149.22598419999997,59.468271],[149.22628939999998,59.46232809999998],[149.2017773,59.45992710000001],[149.1794866,59.473924],[149.17487219999998,59.4819414],[149.1686578,59.4836397],[149.0783452,59.48594400000001],[149.0279699,59.47163459999999],[149.0238908,59.46691319999999],[148.9982534,59.45584199999999],[148.9883442,59.459668],[148.9668557,59.45988019999999],[148.94881659999996,59.4531702],[148.9318368,59.452600299999986],[148.9126797,59.46442390000001],[148.8879219,59.4714038],[148.87716880000002,59.4832988],[148.86962229999997,59.48540989999999],[148.8733055,59.48784260000001],[148.87185769999996,59.49180359999999],[148.8629369,59.4956673],[148.8765421,59.501374],[148.8750477,59.5069359],[148.883752,59.5083843],[148.8788521,59.5170381],[148.8893854,59.516312],[148.89409639999997,59.5187253],[148.8943899,59.52345929999999],[148.9106248,59.52338230000001],[148.91232859999997,59.5264926],[148.9260457,59.53011879999999],[148.91824349999996,59.5372645],[148.8985731,59.540885599999996],[148.87532030000003,59.550949599999996],[148.8606194,59.544899399999984],[148.84671579999997,59.54539210000001],[148.84910769999996,59.54106279999999],[148.8458375,59.534315199999995],[148.83010559999997,59.52941959999999],[148.8275609,59.52613560000001],[148.8332451,59.52484509999999],[148.8195717,59.515692],[148.7856102,59.5062698],[148.7654078,59.4951072],[148.7420293,59.4711231],[148.75147719999998,59.46245559999999],[148.7597918,59.45969310000001],[148.7467357,59.4572781],[148.744673,59.4610717],[148.728856,59.46610030000001],[148.72031159999997,59.46219729999999],[148.7121024,59.45374829999999],[148.7111512,59.44532780000001],[148.71626219999996,59.421838900000004],[148.7178014,59.379799000000006],[148.7253612,59.36827610000001],[148.74036509999996,59.360034399999996],[148.778671,59.3536739],[148.79733469999996,59.3563538],[148.79654199999996,59.34943899999998],[148.80014929999996,59.347082099999994],[148.8207553,59.347848699999986],[148.8279971,59.3637269],[148.83803669999998,59.367650100000006],[148.8486206,59.37743330000001],[148.89585969999996,59.3911997],[148.90845539999998,59.388134900000004],[148.9003765,59.3629068],[148.88991059999998,59.3504361],[148.89053819999998,59.3467304],[148.8950711,59.34540390000001],[148.9207399,59.35233670000001],[148.9344382,59.35054660000001],[148.9416504,59.35265940000001],[148.9242053,59.367324199999985],[148.925423,59.3741432],[148.9137125,59.369991799999994],[148.92035359999997,59.37423340000001],[148.932445,59.377102699999995],[148.98423849999998,59.37675840000001],[148.9949298,59.3616671],[148.9710903,59.349797599999995],[148.9503032,59.343513900000005],[148.9346444,59.328384499999984],[148.93596409999998,59.32275779999999],[148.92440909999996,59.3184606],[148.9247954,59.315482300000006],[148.934155,59.3133819],[148.9211798,59.303276199999985],[148.9220381,59.2984561],[148.9468163,59.29351210000001],[148.9619976,59.280877499999995],[148.9551231,59.251374899999995],[148.94342059999997,59.2405781],[148.925871,59.233363100000005],[148.9038056,59.24052850000001],[148.8991856,59.24813839999999],[148.8885426,59.25353059999999],[148.8802278,59.26648920000001],[148.86446179999996,59.27606660000001],[148.8418454,59.280344500000005],[148.7913518,59.2736138],[148.7788826,59.2438001],[148.76816819999996,59.23736379999999],[148.7562322,59.2413091],[148.7268874,59.23651619999999],[148.7190867,59.24146089999999],[148.7211199,59.2533847],[148.73203249999997,59.2590269],[148.7283397,59.2628656],[148.73016529999998,59.266831100000005],[148.72684849999996,59.2639259],[148.703768,59.26723929999999],[148.6558564,59.257464],[148.61339079999996,59.253685700000005],[148.59217049999998,59.2473998],[148.5754752,59.2382075],[148.5262191,59.24683280000001],[148.473345,59.2458703],[148.41707469999997,59.2537336],[148.4130769,59.25857020000001],[148.429048,59.261515900000006],[148.44190069999996,59.2702173],[148.44302589999998,59.281359399999985],[148.43531369999997,59.2965937],[148.40891,59.310860999999996],[148.4239519,59.32673710000001],[148.41764139999998,59.33465100000001],[148.4218234,59.34093200000001],[148.40568249999998,59.36005639999999],[148.4080726,59.362732400000006],[148.40179449999997,59.37578739999999],[148.3654233,59.38875989999999],[148.29852,59.4053289],[148.2023375,59.4092009],[148.0912182,59.40329139999999],[148.02397619999996,59.3877785],[147.9487147,59.3910596],[147.9349223,59.3860984],[147.9032567,59.3880925],[147.8727245,59.38391680000001],[147.82223890000003,59.36882109999999],[147.785805,59.34324519999999],[147.78878009999997,59.335712399999984],[147.7991967,59.327693],[147.8172145,59.324047900000004],[147.8230393,59.3164792],[147.8429211,59.3074024],[147.8477362,59.3022486],[147.84470729999998,59.2923352],[147.8200625,59.2802124],[147.7959428,59.2622184],[147.7886599,59.260637700000004],[147.74349099999998,59.266145],[147.7234442,59.2742887],[147.7048013,59.29696220000001],[147.6376076,59.30778920000001],[147.57357449999998,59.29308580000001],[147.53776469999997,59.276169800000005],[147.5322433,59.270822800000005],[147.5338686,59.2628095],[147.55877179999996,59.2500175],[147.5432691,59.235704500000004],[147.521833,59.24215060000001],[147.50653699999998,59.241271600000005],[147.4804014,59.2458007],[147.4524992,59.2608627],[147.42265939999996,59.26770700000001],[147.4179934,59.2770227],[147.4012304,59.2838203],[147.39112079999998,59.2966227],[147.36447319999996,59.306479200000005],[147.32879109999996,59.3103641],[147.295917,59.3350309],[147.25093959999998,59.335299400000004],[147.18816279999996,59.324307700000006],[147.1744405,59.31835739999998],[147.1590915,59.32038909999999],[147.1315992,59.332035100000006],[147.1300677,59.3432991],[147.1235035,59.3469785],[147.0781108,59.358844399999995],[147.05663049999998,59.3547418],[147.0473551,59.363750700000004],[147.0289932,59.36679569999999],[147.02922579999998,59.36977759999999],[146.9753367,59.370618599999986],[146.91936809999999,59.36617069999999],[146.897225,59.368352800000004],[146.8503374,59.3599448],[146.832524,59.3705557],[146.7820028,59.3721204],[146.7767375,59.37382299999999],[146.77757299999996,59.376416400000004],[146.77262479999996,59.37445089999999],[146.7602245,59.3830309],[146.7369157,59.38461369999999],[146.7344605,59.39110229999999],[146.7247255,59.38838630000001],[146.6984063,59.39061989999998],[146.6918142,59.3944514],[146.69812829999998,59.418161],[146.678007,59.4332492],[146.63465039999997,59.4413287],[146.6169644,59.44792480000001],[146.57440629999996,59.4482698],[146.57680169999998,59.4516992],[146.5718912,59.4565891],[146.54322629999996,59.4579079],[146.53444319999997,59.46302],[146.5110083,59.4654135],[146.44714229999997,59.46261760000001],[146.4299332,59.4581799],[146.3613545,59.43027570000001],[146.3077962,59.398678499999995],[146.30337409999998,59.38963730000002],[146.3115337,59.384244400000014],[146.31081200000003,59.3693383],[146.3208208,59.352030400000004],[146.3264478,59.3210655],[146.323497,59.302836600000006],[146.3028282,59.28034850000001],[146.3021394,59.274484300000005],[146.3163973,59.26409939999999],[146.331082,59.26707249999999],[146.3381296,59.2650424],[146.33300410000004,59.2616762],[146.31939649999998,59.26130400000001],[146.31257659999997,59.2504611],[146.31295199999997,59.2420147],[146.31814510000004,59.23500649999998],[146.3242339,59.2343756],[146.3305786,59.228579200000006],[146.3526304,59.223986299999986],[146.3491856,59.21994610000001],[146.3529321,59.2159055],[146.3509457,59.20506799999998],[146.3410362,59.204396300000006],[146.32456599999998,59.190925999999976],[146.30978409999997,59.18446959999999],[146.28865829999998,59.1931833],[146.2912874,59.19536930000001],[146.27903869999997,59.1954168],[146.2812658,59.19872720000002],[146.2782345,59.200216],[146.26876969999998,59.1972067],[146.2718318,59.201768099999995],[146.26162459999998,59.19749180000001],[146.2580366,59.1974601],[146.2624907,59.2004378],[146.25843869999997,59.201958199999986],[146.24668499999999,59.197444299999994],[146.2395291,59.198344],[146.23506550000002,59.2045829],[146.2243795,59.20394850000001],[146.2294194,59.213112300000006],[146.2191492,59.2073759],[146.2203871,59.20444410000001],[146.20617269999997,59.2031907],[146.2107318,59.2069346],[146.2010787,59.209355],[146.18238199999996,59.19960400000001],[146.17370989999998,59.19956369999999],[146.173977,59.19515510000001],[146.1692953,59.19760079999999],[146.15338089999997,59.19454360000001],[146.14411179999996,59.18612690000001],[146.14565139999996,59.18433230000001],[146.12997199999998,59.18526580000001],[146.12950950000004,59.1792278],[146.14150259999997,59.1738575],[146.14018430000002,59.1666271],[146.1297371,59.171594899999995],[146.1252868,59.179456599999995],[146.10867,59.1671339],[146.0848365,59.167796999999986],[146.0865327,59.163420399999985],[146.0776491,59.162433],[146.06215930000002,59.154282599999995],[146.0622573,59.1513573],[146.04725949999997,59.14112370000001],[146.0173358,59.144202400000005],[146.00450599999996,59.1407199],[145.9936159,59.1466343],[145.98045509999997,59.14431789999999],[145.9787947,59.14820170000001],[145.98737559999998,59.14920339999999],[145.98345529999997,59.1585541],[145.99037609999996,59.168065999999996],[145.99009689999997,59.1818863],[145.9693327,59.18841630000001],[145.9604869,59.1979985],[145.95232289999998,59.199327999999994],[145.9523894,59.203817799999996],[145.93632009999996,59.2078603],[145.9269694,59.21619189999999],[145.91066589999997,59.219006900000004],[145.89212939999996,59.21273140000001],[145.8891491,59.2162895],[145.8793627,59.21662440000001],[145.88169549999998,59.2196382],[145.8462527,59.2357017],[145.846086,59.239225799999986],[145.82964859999998,59.24187509999999],[145.8270792,59.244958000000004],[145.83052949999998,59.253375899999995],[145.8376488,59.2563866],[145.8424441,59.2628047],[145.8412706,59.26975259999999],[145.8502879,59.27372640000001],[145.8477544,59.287726299999996],[145.8546195,59.29230349999999],[145.8512414,59.302082],[145.860177,59.3021933],[145.86592519999996,59.3069494],[145.8767133,59.3061567],[145.8915605,59.3118716],[145.9016174,59.31732940000001],[145.9065732,59.3260987],[145.90368829999997,59.329898500000006],[145.91290569999998,59.330781200000004],[145.9237958,59.338731800000005],[145.9406478,59.34275660000001],[145.9480809,59.3483235],[145.94341949999998,59.3640346],[145.9464011,59.36463380000001],[145.9454772,59.3695981],[145.9552464,59.372329300000004],[145.9543436,59.38201309999999],[145.9582235,59.3871191],[145.9670879,59.38954069999999],[145.9650789,59.4002813],[145.9712042,59.404166399999994],[145.9542274,59.414101299999984],[145.9227575,59.4231028],[145.9013385,59.4132788],[145.9028067,59.40990469999999],[145.8971045,59.40865970000001],[145.89512569999997,59.404381],[145.8829599,59.40303279999999],[145.87695400000004,59.39884680000001],[145.8439677,59.4068577],[145.8367894,59.414138599999994],[145.8199777,59.4111686],[145.82241039999997,59.3987246],[145.8128106,59.389338300000006],[145.8106834,59.37853260000001],[145.8152857,59.3718125],[145.8025595,59.3655847],[145.7725872,59.37382519999999],[145.7713665,59.37784520000001],[145.7616431,59.3825318],[145.76904870000004,59.38591249999999],[145.7640038,59.39045229999999],[145.7151688,59.4018659],[145.7179573,59.40245219999999],[145.70698559999997,59.40789010000001],[145.7066447,59.4166188],[145.7110797,59.4200034],[145.6979614,59.42665279999999],[145.6790776,59.4232333],[145.6813375,59.4206137],[145.6737695,59.41504689999999],[145.6809727,59.41029120000001],[145.5674187,59.42079419999999],[145.50322279999997,59.4122552],[145.46787350000002,59.41152109999999],[145.4581378,59.4070967],[145.3989047,59.398616700000005],[145.35779849999997,59.388133100000005],[145.32470780000003,59.38576569999999],[145.31762649999996,59.387325199999985],[145.32173029999998,59.38864419999999],[145.32129370000004,59.3919787],[145.3318878,59.3926751],[145.3322525,59.3965364],[145.31973449999998,59.408547500000005],[145.2987385,59.4147801],[145.2575405,59.41631909999999],[145.2031928,59.40834000000001],[145.02536499999997,59.3719523],[144.9407601,59.36535070000001],[144.74159,59.3734081],[144.43386549999997,59.3666627],[144.2969565,59.3760123],[144.1270499,59.396127499999984],[143.9987156,59.402503499999995],[143.8772024,59.4007557],[143.7637159,59.38686],[143.4810883,59.3191796],[143.4715701,59.324832300000004],[143.4563115,59.3270032],[143.3816598,59.3258867],[143.3716292,59.33367009999999],[143.3590938,59.336783099999984],[143.35358419999997,59.344807599999996],[143.3163047,59.36077459999999],[143.2876301,59.36243270000001],[143.2301756,59.3586982],[143.0670118,59.326239],[143.006738,59.31709669999999],[142.82813729999998,59.269144399999995],[142.79772489999996,59.26666819999999],[142.657509,59.24327000000001],[142.54585769999997,59.222511],[142.48826859999997,59.207836],[142.42282469999998,59.18845119999999],[142.2832143,59.131936599999996],[142.17209919999996,59.0819761],[142.0785726,59.030699799999994],[141.9974229,58.9736968],[141.9522208,58.936919100000004],[141.91466569999997,58.8999159],[141.8754458,58.84985669999999],[141.6805577,58.6810519],[141.66717989999998,58.677879699999984],[141.6203409,58.6456979],[141.5967924,58.6350137],[141.56278259999996,58.611988100000005],[141.4806354,58.5767864],[141.4238516,58.558020600000006],[141.3844721,58.53853250000001],[141.3443408,58.5230959],[141.3172406,58.5071903],[141.2696776,58.49995959999999],[141.2197716,58.48326449999998],[141.1933219,58.469370899999994],[141.16867650000003,58.465339099999994],[141.1600239,58.47033590000001],[141.143867,58.470250199999995],[141.0826976,58.45077349999998],[141.03408539999998,58.440733400000006],[140.9046981,58.3748493],[140.81944039999996,58.32275649999998],[140.796195,58.31564019999999],[140.7722824,58.30003979999999],[140.7328565,58.26340529999999],[140.69386389999997,58.2210182],[140.662302,58.1792319],[140.6366277,58.13064029999999],[140.6289508,58.10622849999999],[140.61258839999996,58.0860318],[140.6062674,58.0638441],[140.5769681,58.03615359999999],[140.5529948,58.00220989999999],[140.49763019999997,57.898668699999995],[140.48997179999998,57.8750994],[140.4952477,57.86995789999999],[140.4952319,57.85025079999998],[140.4885803,57.843046799999996],[140.4735,57.8378442],[140.4623922,57.837786799999996],[140.4415041,57.82759920000001],[140.4274187,57.827114599999994],[140.4077424,57.8092252],[140.39352699999998,57.801212500000005],[140.3489738,57.7895482],[140.32271,57.7684042],[140.30650089999997,57.74706289999999],[140.29995659999997,57.748450500000004],[140.29991329999996,57.7569605],[140.2918453,57.7636636],[140.2763548,57.76700469999999],[140.25443099999998,57.7664177],[140.1977063,57.7472409],[140.1579068,57.74695159999999],[140.1117134,57.741972],[140.0610399,57.7276734],[140.00876069999998,57.70576919999999],[139.96189859999998,57.6775817],[139.91731209999998,57.64076540000001],[139.87760549999996,57.59912669999999],[139.8457226,57.5585601],[139.82166199999998,57.51173649999999],[139.8115018,57.50840259999999],[139.8011056,57.4913047],[139.7933486,57.485855399999984],[139.7877535,57.483948],[139.7554694,57.49071430000001],[139.7243153,57.49224329999999],[139.6801233,57.4829807],[139.645728,57.4690197],[139.6098003,57.46357110000001],[139.5900805,57.45142340000001],[139.57023199999998,57.4334357],[139.5373542,57.375909899999996],[139.516814,57.35277060000001],[139.4935906,57.335440000000006],[139.47974709999997,57.33511329999999],[139.4659896,57.33052630000001],[139.4166106,57.300841000000005],[139.3978312,57.3090278],[139.38029809999998,57.307932400000006],[139.35456979999998,57.3003525],[139.3087626,57.27702800000001],[139.28502,57.281074499999995],[139.21972340000002,57.27612440000001],[139.2007567,57.27023350000001],[139.182971,57.27086160000001],[139.11355069999996,57.23583550000001],[139.0540236,57.1936396],[139.03163579999998,57.1603159],[139.02744409999997,57.1372174],[139.0098381,57.14434839999999],[139.0047435,57.154308999999984],[138.99551509999998,57.15616820000001],[138.9741111,57.153829],[138.95350099999996,57.14389440000001],[138.9385688,57.1465443],[138.92707029999997,57.1434126],[138.92322189999996,57.1374029],[138.92608469999996,57.130398899999996],[138.9327961,57.1261449],[138.93278129999996,57.118074699999994],[138.9199677,57.1162306],[138.91121499999997,57.1108732],[138.908934,57.1052269],[138.9111089,57.1006171],[138.92543159999997,57.0977933],[138.93031019999998,57.0929572],[138.9220455,57.068702599999995],[138.9285996,57.0644332],[138.9141952,57.05476230000001],[138.90601889999996,57.0310192],[138.89290449999996,57.0288381],[138.8728976,57.0137696],[138.82542319999996,57.01575669999999],[138.8227086,57.021667599999994],[138.82801249999997,57.0240544],[138.8222075,57.030600299999996],[138.7955211,57.030373000000004],[138.78566509999996,57.0271911],[138.7813218,57.0190533],[138.7899667,57.013232900000006],[138.7984445,57.01230069999999],[138.7928066,57.0088443],[138.7921801,57.00395489999999],[138.77221760000003,57.01102730000001],[138.7634056,57.010868099999996],[138.7480366,57.000328599999996],[138.73187479999999,56.995129500000004],[138.7083533,56.9774479],[138.6986858,56.9790201],[138.6910524,56.9863124],[138.6737198,56.9849393],[138.6449667,56.971213000000006],[138.62671639999996,56.966546300000005],[138.6123209,56.956915900000006],[138.5883868,56.9208576],[138.5760597,56.88188949999999],[138.569756,56.8778227],[138.5651376,56.85164180000001],[138.5661378,56.8437019],[138.5709807,56.8411267],[138.5669449,56.83801170000001],[138.5677521,56.831216700000006],[138.5574493,56.82881609999999],[138.55515169999998,56.8253283],[138.5572122,56.816102199999996],[138.5656894,56.8155859],[138.57331239999996,56.81065240000001],[138.5742989,56.797174],[138.57972469999999,56.793269499999994],[138.5787382,56.7846733],[138.56147149999998,56.7792736],[138.55313379999998,56.7854916],[138.5454268,56.799919499999994],[138.54549139999997,56.811407],[138.5528487,56.818814999999994],[138.5521728,56.826013100000004],[138.5562092,56.82994849999999],[138.5517812,56.8414438],[138.5617299,56.84636179999999],[138.5624309,56.865867099999996],[138.5603335,56.86033979999999],[138.5524566,56.8576356],[138.5438233,56.86303959999999],[138.53311809999997,56.861435],[138.5333339,56.8509799],[138.5060528,56.8476043],[138.49146259999998,56.85116870000001],[138.4645699,56.8456449],[138.4554618,56.8476515],[138.4457494,56.8429064],[138.459153,56.8239878],[138.44655580000003,56.82337429999999],[138.45691249999996,56.819101100000005],[138.4658709,56.82566400000001],[138.469719,56.814773699999996],[138.45325589999996,56.807157499999995],[138.4192127,56.7841929],[138.4228569,56.7726289],[138.4137231,56.7723367],[138.41265639999997,56.7659611],[138.4018226,56.757775499999994],[138.39338879999997,56.7330067],[138.3877886,56.7309221],[138.38548849999998,56.7261124],[138.3772214,56.725655199999984],[138.3774547,56.720607],[138.3614207,56.71925339999999],[138.35398699999996,56.712685900000004],[138.3421567,56.7194271],[138.3020629,56.7044753],[138.2794066,56.68715209999999],[138.2760015,56.6794626],[138.2815418,56.676011499999994],[138.28131549999998,56.67020689999999],[138.2759051,56.666305900000005],[138.26193319999996,56.66714569999999],[138.2565517,56.6642652],[138.25883189999996,56.65707569999999],[138.25141219999998,56.654529399999994],[138.2551417,56.639572],[138.26095179999996,56.63721879999999],[138.2576542,56.63540530000001],[138.2615407,56.632792800000004],[138.2622421,56.624511600000005],[138.27216009999998,56.62012970000001],[138.2607343,56.6172611],[138.2592922,56.62155379999999],[138.2513792,56.622428600000006],[138.2438729,56.6303614],[138.229489,56.6283479],[138.2141067,56.6163252],[138.2173607,56.6117063],[138.21418069999996,56.6076364],[138.2013128,56.6104447],[138.1840077,56.6075143],[138.1781284,56.6100377],[138.1458477,56.60470960000001],[138.1256261,56.5937367],[138.1214333,56.58355999999999],[138.1126924,56.5786871],[138.10791199999997,56.5506052],[138.11079479999998,56.5252207],[138.11506339999997,56.51916550000001],[138.1194917,56.5185827],[138.1246294,56.506984399999986],[138.13082199999997,56.5057331],[138.134153,56.49294429999999],[138.174716,56.4716039],[138.19215319999998,56.4713549],[138.2002079,56.46663649999999],[138.21208479999999,56.4672885],[138.21631729999996,56.46304769999999],[138.2224408,56.46242229999999],[138.23560139999998,56.46417720000001],[138.2400576,56.4696144],[138.2564485,56.46751669999999],[138.25546439999997,56.45913999999999],[138.23079589999998,56.449794600000004],[138.2308602,56.4349651],[138.22665449999997,56.4317736],[138.22971169999997,56.42851989999999],[138.2263648,56.42518389999999],[138.2301655,56.423230200000006],[138.1990465,56.430401800000006],[138.1863785,56.427451700000006],[138.1861196,56.43627149999999],[138.17913650000003,56.4393366],[138.18033279999997,56.4450685],[138.16834869999997,56.449246099999996],[138.1688878,56.4575629],[138.1612569,56.4594318],[138.14928349999997,56.45607639999999],[138.1574079,56.44477799999999],[138.1496859,56.4429217],[138.1494565,56.43984510000001],[138.13940229999997,56.44081039999999],[138.1292689,56.436987800000004],[138.11847299999997,56.4372932],[138.10640039999998,56.4421389],[138.0862717,56.43769949999999],[138.06822179999998,56.440515700000006],[138.0543937,56.4269778],[138.06130979999998,56.423636599999995],[138.0583674,56.4150231],[138.068828,56.3974369],[138.06072229999998,56.39636509999999],[138.0418852,56.37863809999999],[138.027133,56.38312590000001],[137.99541279999997,56.37663380000001],[137.9868089,56.3722378],[137.9669524,56.37423679999999],[137.9544171,56.37005599999999],[137.9532903,56.36699289999999],[137.9408395,56.3644808],[137.9291211,56.3671125],[137.9182665,56.3648293],[137.91676409999997,56.3571414],[137.90886739999996,56.35488889999999],[137.8904916,56.3323143],[137.8870922,56.3192142],[137.87701309999997,56.3170486],[137.8650786,56.275636899999995],[137.8527492,56.269950800000004],[137.8410189,56.2581406],[137.8404982,56.2363234],[137.8437525,56.233803699999996],[137.8346872,56.22828779999999],[137.7979029,56.226470500000005],[137.77968009999998,56.2173739],[137.7518914,56.17657929999999],[137.7361293,56.17468],[137.72733449999998,56.16218700000001],[137.7221927,56.16037829999999],[137.7176705,56.1446223],[137.7244303,56.1356382],[137.6939692,56.131592500000004],[137.6881266,56.123040700000004],[137.6679155,56.128903300000005],[137.6550758,56.12692549999999],[137.64256329999998,56.11852149999999],[137.62263179999997,56.1208989],[137.5979032,56.11440480000001],[137.58619669999996,56.11601240000001],[137.5655141,56.1061185],[137.55493820000004,56.107701699999986],[137.5398011,56.09101220000001],[137.52182359999998,56.0848094],[137.5089303,56.07248909999999],[137.4914735,56.0667391],[137.4863683,56.06125120000001],[137.481589,56.0628582],[137.46111399999998,56.0559142],[137.4540537,56.0490599],[137.4319493,56.04032349999999],[137.4224421,56.02865119999999],[137.4139609,56.00687740000001],[137.4120728,55.9797556],[137.4172594,55.9734865],[137.41502430000003,55.97018320000001],[137.4046511,55.97117740000001],[137.3976878,55.9669437],[137.3935901,55.9573842],[137.3948706,55.946723000000006],[137.3902572,55.945076300000004],[137.37025440000002,55.94957089999999],[137.3622006,55.9569342],[137.3515476,55.95930119999999],[137.3549522,55.965387],[137.3513691,55.96925339999999],[137.31486629999998,55.96929],[137.3027307,55.966524199999995],[137.28033089999997,55.9548402],[137.24535199999997,55.919676],[137.2229314,55.909205],[137.1911914,55.902063],[137.1824444,55.892069],[137.17487109999996,55.8953861],[137.1598567,55.894137],[137.1269011,55.86802540000001],[137.0930817,55.857279899999995],[137.08506229999998,55.8507945],[137.0792829,55.83926360000001],[137.0641724,55.82776929999999],[137.0549782,55.8061184],[137.053289,55.787401800000005],[137.0395618,55.7893934],[137.025521,55.7866836],[137.0043473,55.7967269],[136.98063539999998,55.795823799999994],[136.9474451,55.784714300000005],[136.93693859999996,55.778264],[136.9210986,55.779565],[136.9001498,55.76601070000001],[136.8928884,55.75662839999999],[136.8916996,55.7449471],[136.87891189999996,55.7463577],[136.86882309999996,55.740552099999995],[136.8622872,55.7427967],[136.852289,55.74003789999999],[136.8425869,55.72510019999999],[136.8365794,55.72415519999999],[136.8298974,55.7156565],[136.81883259999998,55.7096021],[136.81112959999996,55.7083019],[136.8007066,55.6978865],[136.7962762,55.682902899999995],[136.7987304,55.6777094],[136.79353499999996,55.670537999999986],[136.79667969999997,55.6624069],[136.7864359,55.6590568],[136.77932149999998,55.6621433],[136.770108,55.6610547],[136.7588139,55.649945],[136.7573508,55.64406949999999],[136.75370969999997,55.6522976],[136.73031559999998,55.659173],[136.72283649999997,55.66832920000001],[136.71566959999998,55.6680977],[136.69907209999997,55.66095099999999],[136.6984981,55.6563511],[136.6421986,55.6335015],[136.6206121,55.6183458],[136.6050218,55.618201899999995],[136.6019225,55.6138319],[136.5961772,55.61383769999998],[136.59112929999998,55.61969080000001],[136.5836203,55.621846299999994],[136.552528,55.6222143],[136.5552191,55.6169461],[136.55166859999997,55.613492599999994],[136.55024170000002,55.5945464],[136.5440726,55.593437],[136.541487,55.5826322],[136.52817249999998,55.58198339999999],[136.5198791,55.578096],[136.48119849999998,55.58512439999999],[136.4683078,55.57948580000001],[136.45697149999998,55.58216529999999],[136.42897659999997,55.5690516],[136.42026570000002,55.568178100000004],[136.4004487,55.54643509999999],[136.39765,55.53752329999999],[136.38305679999996,55.541014099999984],[136.3775367,55.539492700000004],[136.37103789999998,55.5315452],[136.3596225,55.52949279999999],[136.3517143,55.52324759999998],[136.3470185,55.512688],[136.3376815,55.50877820000001],[136.3240615,55.47625229999999],[136.3001437,55.4572638],[136.301139,55.4239597],[136.2763221,55.4215465],[136.258597,55.4135572],[136.2478389,55.3851048],[136.24298139999996,55.38429320000001],[136.23419480000004,55.3721215],[136.2237657,55.36508340000001],[136.21561860000003,55.35274480000001],[136.17338059999997,55.34495679999999],[136.1689591,55.335150199999994],[136.1730648,55.3289705],[136.1678222,55.32508969999999],[136.17110670000002,55.318297400000006],[136.14732939999996,55.3144995],[136.1367045,55.301463399999996],[136.1356367,55.290308100000004],[136.0627921,55.28699739999999],[136.05825699999997,55.281684299999995],[136.049285,55.2788735],[136.0468037,55.26904329999999],[136.0338331,55.2617182],[136.0336257,55.2562362],[136.01939949999996,55.2544821],[136.0108041,55.2480357],[135.9944431,55.2518255],[135.9765877,55.242061],[135.9605857,55.2417001],[135.9530223,55.2331917],[135.95706969999998,55.22705990000001],[135.95494379999997,55.22407530000001],[135.9325351,55.2142137],[135.915665,55.2122768],[135.9090319,55.2064656],[135.90877069999996,55.1971063],[135.89957839999997,55.188699],[135.8789477,55.1853892],[135.86855409999998,55.17477230000001],[135.8524674,55.17348969999999],[135.8134489,55.18126339999999],[135.804968,55.1659436],[135.79379169999999,55.1634097],[135.7851184,55.15529759999999],[135.7724305,55.154292299999994],[135.7628402,55.1452719],[135.7592221,55.1363912],[135.7453767,55.1381081],[135.70975539999998,55.118195300000004],[135.7166755,55.11289370000001],[135.70876840000003,55.1073337],[135.7155919,55.1127832],[135.7120621,55.1153421],[135.7028782,55.11113249999999],[135.7023418,55.1140842],[135.69691299999997,55.1120837],[135.67484669999996,55.12065950000001],[135.6662829,55.12019509999999],[135.6633639,55.1167411],[135.64607980000002,55.11830569999999],[135.6075,55.104499999999994],[135.59625,55.10775],[135.58825,55.099500000000006],[135.544,55.09174999999999],[135.52925,55.0835],[135.522,55.083],[135.50625,55.069500000000005],[135.4638505,55.0558943],[135.45357229999996,55.0347245],[135.4544091,55.0273703],[135.44580459999997,55.0238894],[135.4465449,55.02708119999999],[135.4328656,55.0248673],[135.3981364,55.0069853],[135.3691041,54.99918899999999],[135.3511119,54.991135799999995],[135.33638119999998,54.9793869],[135.3238821,54.975162999999995],[135.310235,54.96180489999999],[135.29800409999999,54.9606407],[135.2887666,54.94458499999998],[135.2813315,54.94138039999999],[135.278998,54.931657499999986],[135.2669924,54.9334451],[135.2601099,54.930957799999995],[135.2561724,54.92290630000001],[135.258227,54.9162114],[135.2540578,54.91368529999998],[135.23175,54.913250000000005],[135.22425,54.90624999999999],[135.2204336,54.893656199999995],[135.20924999999997,54.89399999999999],[135.2035849,54.88961079999999],[135.202,54.878499999999995],[135.20600479999996,54.866078200000004],[135.19328,54.86875369999999],[135.18205139999998,54.86436770000001],[135.17425,54.849000000000004],[135.1724501,54.83036189999999],[135.1752325,54.816790999999995],[135.1841419,54.804873300000004],[135.2570414,54.73966740000001],[135.30355629999997,54.7225941],[135.31537409999999,54.72209219999999],[135.38349999999997,54.70175],[135.4445,54.6885],[135.51015710000001,54.67974199999999],[135.56839279999997,54.66398199999999],[135.5778535,54.6621319],[135.58102079999998,54.6648114],[135.59999999999997,54.656499999999994],[135.6217039,54.6587221],[135.6362843,54.665101400000005],[135.6556928,54.6573815],[135.66563309999998,54.65930389999999],[135.6898534,54.6452837],[135.70144059999998,54.644701700000006],[135.6930721,54.64134140000001],[135.6951937,54.6381702],[135.6852186,54.6340642],[135.69234249999997,54.62746879999999],[135.6871927,54.62004],[135.703066,54.607266200000005],[135.6939894,54.6005173],[135.7090902,54.5884586],[135.7036078,54.583537699999994],[135.7079315,54.5782183],[135.749259,54.56493379999999],[135.76475139999997,54.563005399999994],[135.7785701,54.5665883],[135.82555169999998,54.56180479999999],[135.96111059999998,54.56754619999999],[136.0136712,54.5757293],[136.0473907,54.5885976],[136.08843809999996,54.59247200000001],[136.1006883,54.6034246],[136.1334781,54.6036651],[136.1351479,54.59982409999999],[136.1523472,54.59979309999999],[136.2109568,54.614432199999996],[136.2274691,54.61264769999999],[136.2250016,54.60239640000001],[136.2430892,54.59849740000001],[136.25216439999997,54.59331659999999],[136.275897,54.59569849999999],[136.3031932,54.60668],[136.3048023,54.600080599999984],[136.3253452,54.5989067],[136.3316204,54.5901556],[136.3470307,54.5917199],[136.3748002,54.600455399999994],[136.37409949999997,54.596402199999986],[136.3817094,54.588565700000004],[136.411126,54.5939764],[136.4752589,54.5856619],[136.51104929999997,54.58706599999999],[136.52617689999997,54.59040439999999],[136.5285158,54.5940222],[136.5724182,54.6038919],[136.60331719999996,54.61771050000001],[136.61226509999997,54.6239099],[136.6151619,54.6378209],[136.6456103,54.65972120000001],[136.6547942,54.67071659999999],[136.6546118,54.6759278],[136.66640819999998,54.684245700000005],[136.6680443,54.66546129999999],[136.65273429999996,54.645966599999994],[136.65492299999997,54.6364114],[136.6415763,54.6251645],[136.65276649999998,54.615846700000006],[136.6758013,54.6063528],[136.6986751,54.6026739],[136.7080611,54.6096882],[136.745128,54.6132573],[136.7489459,54.615740800000005],[136.7460662,54.6197572],[136.7576974,54.623884499999996],[136.7647318,54.6306952],[136.7605028,54.636804600000005],[136.77324649999997,54.6426836],[136.8043366,54.64064389999999],[136.8309977,54.644583],[136.8132993,54.63308459999998],[136.8166045,54.6262457],[136.81083949999996,54.6230368],[136.81525689999998,54.618650599999995],[136.8228817,54.61965799999999],[136.8159399,54.610521199999994],[136.8182578,54.6082626],[136.8261878,54.609919],[136.8232775,54.6035371],[136.801511,54.5981882],[136.8083332,54.59853859999999],[136.81460019999997,54.594555199999995],[136.8268096,54.595790599999994],[136.8193732,54.5896398],[136.8209678,54.586633899999995],[136.840683,54.5914844],[136.8563237,54.59132770000001],[136.8634879,54.582262500000006],[136.8736557,54.57783649999999],[136.88205959999996,54.5644007],[136.8801302,54.5628112],[136.8734494,54.567680399999986],[136.8671663,54.56355539999999],[136.8570947,54.562859],[136.8503958,54.5554919],[136.8534912,54.54940969999999],[136.8505806,54.5465692],[136.8344569,54.5490345],[136.8292825,54.544505699999995],[136.8327013,54.539762],[136.8280351,54.5363848],[136.82771169999998,54.530353399999996],[136.8093704,54.5276456],[136.8116342,54.51563289999999],[136.80121439999996,54.51267570000001],[136.8134469,54.49799749999999],[136.82832779999998,54.49167299999999],[136.8350869,54.4934147],[136.849249,54.4886786],[136.8271959,54.4870801],[136.8238163,54.47774940000001],[136.82757679999997,54.47320169999999],[136.8213862,54.4740527],[136.8219337,54.4676184],[136.8062938,54.469225499999986],[136.8011399,54.4649177],[136.8020085,54.4588254],[136.8170995,54.4411749],[136.8256205,54.4380047],[136.8306103,54.427306699999995],[136.79313449999998,54.399520200000005],[136.7864639,54.40130169999999],[136.792928,54.4171383],[136.7858148,54.433654399999995],[136.7778862,54.433579599999995],[136.77685619999997,54.426904099999994],[136.7684877,54.428604899999996],[136.7698234,54.4326193],[136.76430879999998,54.43196249999998],[136.7669427,54.4294287],[136.76234009999996,54.4274471],[136.7526573,54.4313883],[136.7636007,54.42145190000001],[136.7502916,54.419419999999995],[136.7458445,54.413511],[136.74049619999997,54.4129678],[136.74715879999997,54.4114694],[136.74649730000002,54.4069383],[136.7524588,54.4049441],[136.7604035,54.393043],[136.74768449999996,54.35733150000001],[136.77894829999997,54.3326788],[136.79263830000002,54.3277865],[136.8006581,54.3330134],[136.818881,54.3215545],[136.8049979,54.295574800000004],[136.80016989999996,54.2947107],[136.79586229999998,54.29936279999999],[136.7863941,54.29854579999999],[136.7848143,54.30372789999999],[136.7719638,54.296448299999994],[136.7574531,54.29439140000001],[136.7488003,54.28688619999999],[136.7551947,54.2713894],[136.7632306,54.270399499999996],[136.7756867,54.2564445],[136.7856645,54.253266800000006],[136.79341079999998,54.26158959999999],[136.80545929999997,54.2598256],[136.7981422,54.24934449999999],[136.8077177,54.235293],[136.7940062,54.2309066],[136.7935985,54.22644119999999],[136.78569669999996,54.220410300000005],[136.75613879999997,54.21852219999999],[136.7541861,54.21591250000001],[136.7671895,54.19263749999999],[136.7755151,54.189662100000014],[136.7886794,54.1910494],[136.81263679999998,54.16888469999999],[136.8138921,54.162226699999984],[136.8076157,54.1519486],[136.8141174,54.144892000000006],[136.8155336,54.1340942],[136.8010926,54.1253684],[136.78726169999996,54.126843],[136.7714381,54.123714799999995],[136.7779291,54.11859019999999],[136.7922091,54.116521299999995],[136.8002719,54.11113159999999],[136.79227349999996,54.097516],[136.77065489999998,54.08534019999999],[136.7855868,54.0623711],[136.7667013,54.0589943],[136.7681444,54.046775700000005],[136.7596471,54.049774],[136.74206259999997,54.0463663],[136.7412203,54.0425173],[136.7201972,54.0349505],[136.710155,54.02432569999999],[136.7118716,54.0183032],[136.7085618,54.01673359999999],[136.7089266,54.01894620000001],[136.7003649,54.0201312],[136.70201719999997,54.0169574],[136.69333219999996,54.0105555],[136.69672789999998,53.9920283],[136.682657,53.9962163],[136.69581589999999,53.98877039999999],[136.6992545,53.98298880000001],[136.6929781,53.981351599999996],[136.6911569,53.97230969999999],[136.67587909999997,53.957180799999996],[136.6822922,53.93552569999999],[136.6732907,53.9170757],[136.68481349999996,53.9113157],[136.6904032,53.9121025],[136.6872435,53.907135],[136.692608,53.90092479999999],[136.6819543,53.89975539999998],[136.6869619,53.89219270000001],[136.68284479999997,53.888251999999994],[136.69147610000002,53.87144949999999],[136.703428,53.86902510000001],[136.7022425,53.85918369999999],[136.6880751,53.8534885],[136.7029023,53.83092789999999],[136.7006063,53.8231137],[136.7152217,53.8097109],[136.70715629999998,53.80035310000001],[136.7089748,53.795404000000005],[136.7213666,53.78790639999999],[136.7609453,53.7798432],[136.77894829999997,53.76696559999999],[136.7949557,53.76167010000001],[136.805204,53.7679983],[136.8095094,53.779653],[136.8340516,53.7844899],[136.84180859999998,53.7930021],[136.85944139999998,53.8005051],[136.8600422,53.8133154],[136.8519419,53.82763529999999],[136.8579286,53.82985469999999],[136.85879769999997,53.827540299999995],[136.8699288,53.8274738],[136.8788338,53.833007900000005],[136.89285639999997,53.83141870000001],[136.90591329999998,53.8376803],[136.9332826,53.838842],[136.9347095,53.8428871],[136.94086789999997,53.8453114],[136.94002099999997,53.85267400000001],[136.94363309999997,53.8534795],[136.9559204,53.848647],[136.9883859,53.84902679999999],[136.9848347,53.84503289999999],[136.9948661,53.8418046],[137.0657574,53.84537619999998],[137.06697459999998,53.8310546],[137.0743668,53.81517139999999],[137.08454309999996,53.810819499999994],[137.11524369999998,53.80598570000001],[137.16220379999996,53.8253936],[137.1951628,53.848172299999995],[137.1978235,53.88035039999999],[137.2098878,53.8964937],[137.2090068,53.9106113],[137.2343659,53.936751],[137.2523045,53.961388],[137.271831,54.00872710000001],[137.2828603,54.0202257],[137.2936857,54.0263362],[137.30145329999996,54.02572800000001],[137.3045325,54.0312801],[137.29507509999996,54.0446623],[137.2673678,54.053556199999996],[137.2417259,54.0465049],[137.23386169999998,54.0478119],[137.2206974,54.0444607],[137.19374120000003,54.0342873],[137.1779805,54.0372913],[137.1581805,54.03612410000001],[137.1604228,54.0433173],[137.1532023,54.047679599999995],[137.158851,54.059526399999996],[137.15624999999997,54.06524999999999],[137.138941,54.07735400000001],[137.1290731,54.0794461],[137.12358530000003,54.08736029999999],[137.1134573,54.0883719],[137.119503,54.095833000000006],[137.1216917,54.1116977],[137.1154046,54.1167791],[137.1016341,54.1180022],[137.08235980000003,54.12689619999999],[137.09267559999998,54.1363099],[137.0924717,54.13909749999999],[137.0887756,54.139050299999994],[137.0941803,54.14679759999999],[137.098504,54.1468369],[137.10057199999997,54.1419351],[137.1101958,54.1416586],[137.10925699999999,54.1466484],[137.1029162,54.1497683],[137.11545820000003,54.166121100000005],[137.13057520000004,54.173751900000006],[137.1400809,54.1729669],[137.1415347,54.1763391],[137.1497154,54.1743548],[137.1636951,54.177262199999994],[137.1717739,54.184319599999995],[137.19316449999997,54.1914198],[137.1921372,54.1978346],[137.19959380000003,54.20470019999999],[137.1905118,54.20766519999999],[137.189852,54.2105954],[137.20545169999997,54.2150122],[137.2102529,54.2211568],[137.22310070000003,54.22039],[137.2292429,54.2119945],[137.24001999999996,54.211762400000005],[137.2436303,54.2083052],[137.2699857,54.215234900000006],[137.2871947,54.226676399999995],[137.28938270000003,54.2360519],[137.2818542,54.2428433],[137.26874999999998,54.24025],[137.2655,54.2465],[137.29112869999997,54.25494700000001],[137.2968844,54.261984299999995],[137.3165,54.26325],[137.32074639999996,54.271061599999996],[137.3343319,54.269197299999995],[137.34458499999997,54.262937],[137.375,54.27174999999999],[137.3915,54.28349999999999],[137.39125,54.288000000000004],[137.38464240000002,54.28956380000002],[137.3797653,54.29510040000001],[137.39423249999996,54.30540789999999],[137.4071179,54.306503899999996],[137.414,54.30025000000001],[137.42649999999998,54.299249999999994],[137.4455,54.304999999999986],[137.4538436,54.3142418],[137.4573623,54.3100684],[137.4745011,54.30519409999999],[137.4993478,54.309319],[137.5068107,54.297571699999985],[137.5273955,54.29363239999999],[137.5638867,54.291034599999996],[137.6088935,54.3037702],[137.6239031,54.29854579999999],[137.6253945,54.2940564],[137.6354366,54.29311090000001],[137.6557356,54.30101870000001],[137.6706219,54.316419999999994],[137.6779236,54.3138912],[137.6957059,54.3199213],[137.7008879,54.3150744],[137.7106941,54.312427],[137.7221578,54.3159162],[137.7250776,54.3216858],[137.7348086,54.3198484],[137.7398797,54.3122669],[137.7326442,54.2952865],[137.7160837,54.2925153],[137.7095029,54.2865114],[137.6853081,54.2767665],[137.6795,54.2685],[137.6656573,54.26370579999999],[137.66499999999996,54.25450000000001],[137.62777449999996,54.2405458],[137.62175,54.221250000000005],[137.6087083,54.215123600000005],[137.6051242,54.210067099999996],[137.5874746,54.2037332],[137.585787,54.19337240000001],[137.5534758,54.17631299999999],[137.54748419999999,54.16545119999999],[137.53746,54.1641975],[137.5287291,54.157566599999996],[137.52138209999998,54.1423584],[137.50549999999998,54.14175],[137.4905186,54.1333849],[137.4807649,54.1233239],[137.4807958,54.1165639],[137.4758805,54.114944099999995],[137.47949999999997,54.102249999999984],[137.47700000000003,54.09375],[137.46425,54.08775],[137.42900000000003,54.081],[137.43525,54.08375000000001],[137.43225,54.08424999999999],[137.45048979999999,54.08731060000001],[137.4549723,54.0933665],[137.4635768,54.132811800000006],[137.4553584,54.1399146],[137.3707187,54.13709240000001],[137.33319999999998,54.12578340000001],[137.32957359999997,54.119709500000006],[137.3183083,54.11440199999999],[137.3218005,54.1035459],[137.3043608,54.0847832],[137.29730119999996,54.0600176],[137.3044252,54.049764599999996],[137.3146176,54.04423390000001],[137.3466968,54.03739209999999],[137.3740768,54.03769449999999],[137.3859215,54.043919],[137.3725748,54.06374540000001],[137.3844409,54.0467285],[137.4016285,54.0342291],[137.41225,54.031406100000005],[137.4214232,54.038208],[137.43102009999998,54.0388711],[137.4713337,54.012699],[137.54855990000001,53.9712969],[137.5756824,53.9586359],[137.5950748,53.953519299999996],[137.60490769999998,53.95314989999999],[137.6265478,53.963483599999996],[137.66252159999996,53.965604299999995],[137.67646909999996,53.9614448],[137.6889253,53.963534100000004],[137.7234721,53.9550881],[137.7312505,53.95702609999999],[137.74255869999996,53.952070299999995],[137.76633919999998,53.9505488],[137.7994645,53.95553],[137.8468752,53.9699085],[137.85663309999998,53.9687126],[137.8552155,53.9649045],[137.8413069,53.961858299999996],[137.832858,53.9550723],[137.82026229999997,53.9395867],[137.8184706,53.91998540000001],[137.80257579999997,53.90307399999999],[137.7826095,53.9030361],[137.7718251,53.8989836],[137.7592877,53.9009564],[137.7397907,53.8928597],[137.7323048,53.88420239999999],[137.71269419999996,53.8844207],[137.69931079999998,53.88053860000001],[137.68861139999998,53.867329700000006],[137.67906009999996,53.8649414],[137.6721051,53.86964510000001],[137.66234440000002,53.8699841],[137.64907079999998,53.8591266],[137.6480387,53.849905099999994],[137.6184878,53.83560369999999],[137.60840799999997,53.8339909],[137.5956166,53.8142751],[137.59818999999996,53.7732319],[137.5807907,53.7741713],[137.5785095,53.77697760000001],[137.57184769999998,53.7752695],[137.56391819999996,53.764663599999984],[137.5662571,53.745598799999996],[137.5582865,53.728984],[137.5436541,53.7244798],[137.5369335,53.7150421],[137.526794,53.712582499999996],[137.5150708,53.7000612],[137.4980646,53.692577400000005],[137.496804,53.6536235],[137.4956184,53.667800799999995],[137.4748957,53.672393099999994],[137.4378088,53.6734037],[137.3596895,53.6651374],[137.3221385,53.6559571],[137.3029125,53.6430923],[137.2818196,53.6371388],[137.23830609999996,53.6039637],[137.2181868,53.5954626],[137.2182566,53.58530540000001],[137.2229987,53.577461299999996],[137.2309005,53.5742093],[137.2363185,53.5637889],[137.2691488,53.5531078],[137.3128903,53.53305760000001],[137.3737442,53.5298723],[137.40831259999996,53.541330699999996],[137.45705369999996,53.5487798],[137.60458589999996,53.55085150000001],[137.6902878,53.54828899999999],[137.7496827,53.5600515],[137.8440857,53.5649295],[137.921226,53.57403409999999],[137.9502797,53.5816272],[137.9581654,53.592275599999994],[137.9763293,53.60171170000001],[137.9780888,53.6092489],[137.9973364,53.6144299],[138.0091703,53.625559999999986],[138.0977261,53.6428379],[138.1132561,53.65644819999999],[138.15424560000002,53.66446349999999],[138.18187239999997,53.673607],[138.19346489999998,53.6808137],[138.2021794,53.69181189999999],[138.2108831,53.69561389999999],[138.212581,53.6999999],[138.3047497,53.741795],[138.3244693,53.7576172],[138.3334547,53.7753926],[138.3378911,53.78957969999999],[138.3357936,53.82868009999999],[138.3544564,53.8557477],[138.3552021,53.8656405],[138.3613336,53.8749301],[138.3593112,53.8826493],[138.36927829999996,53.9011777],[138.42935979999996,53.9311168],[138.4889249,53.9517365],[138.5088336,53.96272930000001],[138.51373399999997,53.9723949],[138.53132129999997,53.9768845],[138.5541657,53.98820030000001],[138.5810387,53.99462929999999],[138.5915597,53.986906700000006],[138.5895292,53.9786512],[138.5964453,53.9711328],[138.5957479,53.96378659999999],[138.593629,53.9662986],[138.5799336,53.9508202],[138.5766613,53.92352979999999],[138.58107629999998,53.912848200000006],[138.5776967,53.8937527],[138.593629,53.868364],[138.591671,53.8346446],[138.5808215,53.82666799999999],[138.5848582,53.8048136],[138.5786676,53.80182939999999],[138.5728419,53.79271689999999],[138.5781139,53.8037425],[138.5778818,53.8119731],[138.57311009999998,53.81219420000001],[138.5673487,53.79900330000001],[138.5559332,53.78776690000001],[138.5470337,53.7849938],[138.5228208,53.76062159999999],[138.49227899999997,53.747169099999994],[138.4723122,53.7271758],[138.45301149999997,53.718679],[138.43731659999997,53.7045776],[138.40531379999996,53.683762099999996],[138.3749056,53.6558108],[138.35574389999996,53.64525159999999],[138.33809489999996,53.625009600000006],[138.3562316,53.62016499999999],[138.3655339,53.6054598],[138.3542955,53.603522899999994],[138.3425796,53.58872530000001],[138.30663259999997,53.5712373],[138.30251809999996,53.5661625],[138.277697,53.5620158],[138.2664907,53.5567089],[138.26703789999996,53.5495161],[138.2744059,53.5438633],[138.2637334,53.540425299999995],[138.2598066,53.53557639999999],[138.2688403,53.520110800000005],[138.2640891,53.5166124],[138.2698488,53.510892500000004],[138.2940638,53.51805679999999],[138.3222055,53.5109053],[138.3836388,53.5070132],[138.46658350000004,53.52570140000001],[138.5088015,53.5493567],[138.5222916,53.565935499999995],[138.5447806,53.57715239999999],[138.5628265,53.59833419999999],[138.5866553,53.61459379999999],[138.6203009,53.6528668],[138.63267660000002,53.6740662],[138.6455995,53.68702629999999],[138.6508808,53.70044850000001],[138.6589837,53.70693529999999],[138.6653942,53.7296928],[138.6635944,53.740817799999995],[138.6751413,53.764473300000006],[138.6765951,53.78242019999999],[138.6950272,53.822363300000006],[138.7037229,53.83292879999999],[138.7069121,53.8456516],[138.7048803,53.85959979999999],[138.70080470000002,53.86025310000001],[138.7010085,53.8324412],[138.6916772,53.904861199999985],[138.7276053,53.9287038],[138.74593019999998,53.9448534],[138.76840169999997,53.9819005],[138.7674509,53.9880828],[138.76302119999997,53.990463999999996],[138.7686056,54.00789799999999],[138.7670124,54.026011600000004],[138.7602907,54.0382867],[138.7677312,54.065498899999994],[138.7634504,54.07546800000001],[138.75597239999996,54.0781872],[138.7430441,54.07637439999999],[138.7179708,54.068215699999996],[138.7054664,54.0598098],[138.7048602,54.05621709999999],[138.71143159999997,54.0507503],[138.7087011,54.0492937],[138.6656865,54.05652879999999],[138.6616619,54.0605111],[138.694405,54.0967075],[138.72801569999996,54.147528099999995],[138.7320873,54.169092],[138.7201032,54.19609759999999],[138.73024460000002,54.21448209999999],[138.7367678,54.2468857],[138.7273371,54.263294099999996],[138.69400259999998,54.265543599999994],[138.6812729,54.27390160000001],[138.6650723,54.2787909],[138.65927339999996,54.2866827],[138.69487170000002,54.286854899999994],[138.6980494,54.289781299999994],[138.6931765,54.2940502],[138.6949038,54.2982014],[138.7120378,54.298226400000004],[138.7281901,54.30690010000001],[138.7352067,54.303404],[138.74923999999996,54.30366690000002],[138.75290989999996,54.30203759999999],[138.75283959999996,54.29617279999999],[138.770113,54.28899669999999],[138.8350493,54.27354759999999],[138.8528618,54.2639082],[138.89448699999997,54.249390000000005],[139.0071076,54.219453699999995],[139.1663638,54.18851490000001],[139.25091499999996,54.17911139999999],[139.3036526,54.1766249],[139.32483939999997,54.1780181],[139.3580814,54.187861999999996],[139.4411427,54.19393689999999],[139.47056649999996,54.2010134],[139.51836349999996,54.2211662],[139.593637,54.236277499999986],[139.6421045,54.251703000000006],[139.6658769,54.271188900000006],[139.6950459,54.2848618],[139.727667,54.29433509999999],[139.7289678,54.2970728],[139.7891405,54.2899932],[139.78434199999998,54.2847224],[139.7923404,54.270950799999994],[139.7864449,54.246942100000005],[139.7890078,54.2429863],[139.78330129999998,54.22656979999999],[139.77598429999998,54.220385300000004],[139.7901839,54.2037087],[139.82727419999998,54.187038],[139.8536865,54.1806872],[139.8591728,54.18113379999999],[139.878957,54.1987635],[139.88846809999998,54.1939149],[139.8898789,54.1893828],[139.87522599999997,54.1825931],[139.8760092,54.1762575],[139.9167949,54.150195599999996],[139.92966409999997,54.138534899999996],[139.95255949999998,54.1261637],[140.0726543,54.0869173],[140.1090621,54.079319100000006],[140.11693869999996,54.082570800000006],[140.1197393,54.07771029999999],[140.1446529,54.0685355],[140.1961139,54.05562559999999],[140.20679109999998,54.0470968],[140.21542630000002,54.02335059999999],[140.2058576,54.0038776],[140.207608,53.99931659999999],[140.2601929,53.97496889999999],[140.2797232,53.97235169999999],[140.283224,53.968713900000004],[140.3276834,53.9562194],[140.3266332,53.945781499999995],[140.3157225,53.941763599999994],[140.308371,53.9284365],[140.28345739999997,53.9232831],[140.2773894,53.9121497],[140.2591062,53.89790190000001],[140.254662,53.8843029],[140.257253,53.8693446],[140.3121257,53.803540100000006],[140.346694,53.7798496],[140.4121363,53.752798599999984],[140.48222789999997,53.73011129999998],[140.5195326,53.712207799999995],[140.5219862,53.7063327],[140.51284089999996,53.7019094],[140.5059261,53.6846078],[140.51715579999998,53.669342500000006],[140.5399167,53.65234349999999],[140.5906777,53.624285199999996],[140.6716719,53.59340459999999],[140.7323103,53.56301150000001],[140.84095,53.5277072],[140.94575629999997,53.4991707],[141.1079049,53.4605874],[141.1307788,53.44735],[141.12545729999997,53.44685160000001],[141.1073011,53.45692189999999],[141.09257339999996,53.460898499999985],[141.0676135,53.4643904],[141.0542131,53.47190849999999],[141.0380726,53.4698953],[141.0331919,53.47700480000001],[141.0241156,53.479833],[141.0084889,53.483119499999994],[141.0071189,53.4807502],[141.0054492,53.4838074],[140.9849418,53.489640999999985],[140.944683,53.49704959999999],[140.93599489999997,53.491259899999996],[140.9328671,53.492899],[140.9139345,53.465973399999996],[140.9033426,53.46386340000001],[140.9119168,53.45508300000001],[140.90880209999997,53.4275452],[140.9517462,53.4278042],[140.9686969,53.441549],[140.9960737,53.4452148],[140.9913651,53.4315414],[140.9916174,53.4125014],[141.0559393,53.40022110000001],[141.0966344,53.40127389999999],[141.1073009,53.3980474],[141.1118199,53.392559600000006],[141.1058802,53.3887341],[141.101366,53.3905288],[141.090437,53.3820268],[141.0841805,53.370498999999995],[141.093684,53.370546299999994],[141.1352891,53.35539969999999],[141.1920917,53.31577540000001],[141.1974004,53.315186499999996],[141.1931534,53.31364599999999],[141.2037707,53.31486929999999],[141.2450265,53.304674099999986],[141.26861209999998,53.308254],[141.28264209999998,53.314823999999994],[141.2913635,53.3087071],[141.3204094,53.30068589999999],[141.3471381,53.300148099999994],[141.36456559999996,53.305970599999995],[141.3701899,53.3004795],[141.3820722,53.299059200000016],[141.4024391,53.304916500000004],[141.41702620000004,53.2955509],[141.3942287,53.2756445],[141.3800589,53.253006400000004],[141.3679944,53.249595899999996],[141.3668617,53.2475961],[141.37166449999998,53.247797],[141.36259549999997,53.241719],[141.3275844,53.22641560000001],[141.36592269999997,53.2207904],[141.388979,53.2265167],[141.41440629999997,53.22578769999999],[141.41840809999997,53.2219081],[141.4073682,53.212413],[141.4114666,53.19074259999999],[141.43106549999996,53.1742398],[141.4332783,53.167927600000006],[141.44325079999996,53.16383530000001],[141.43541340000002,53.16021700000001],[141.4337558,53.155800600000006],[141.4227641,53.154407799999994],[141.40941740000002,53.1445631],[141.3986564,53.1454769],[141.3944399,53.149329699999996],[141.37628669999998,53.1394405],[141.3591421,53.1362224],[141.3601828,53.1258199],[141.3666093,53.1201735],[141.3455105,53.108980100000004],[141.3429644,53.102752800000005],[141.35465759999997,53.0904087],[141.3613529,53.09035209999999],[141.3637128,53.0844313],[141.36937749999998,53.0832088],[141.3481479,53.0772244],[141.3409854,53.07870419999999],[141.33427759999998,53.085077999999996],[141.30593059999998,53.08885639999999],[141.3281761,53.0852601],[141.2938414,53.08746799999999],[141.2800469,53.0846],[141.29808589999996,53.084190299999996],[141.2840132,53.082148299999986],[141.2663255,53.0843994],[141.2437315,53.0808295],[141.220756,53.070368],[141.2238281,53.05971370000001],[141.24133899999998,53.056743],[141.24523399999998,53.047295500000004],[141.2563025,53.0419048],[141.2454399,53.0383137],[141.2428945,53.0316614],[141.2373066,53.0287169],[141.2094976,53.0227151],[141.206557,53.01596499999999],[141.19781949999998,53.01030579999999],[141.1985701,53.007054799999985],[141.2055792,53.0047151],[141.2356603,52.868328299999995],[141.2394324,52.8666198],[141.23737509999998,52.861574499999996],[141.22064539999997,52.8557091],[141.1895522,52.8329729],[141.181896,52.823762599999995],[141.1861861,52.81990009999999],[141.1679121,52.8066316],[141.163156,52.79216439999999],[141.1778498,52.7779147],[141.1943574,52.7737654],[141.2194797,52.756529099999995],[141.2270356,52.7474393],[141.2411382,52.7431623],[141.2464881,52.73772280000001],[141.2503519,52.6858694],[141.2629754,52.6712112],[141.2805619,52.66638339999999],[141.2844578,52.65826100000001],[141.2700359,52.6517673],[141.26122479999998,52.6517443],[141.2543773,52.6408789],[141.2598333,52.6012914],[141.2683584,52.593147300000005],[141.26578989999996,52.5885256],[141.25791119999997,52.58838900000001],[141.25278169999999,52.583358299999986],[141.2417257,52.55203519999999],[141.2266902,52.53535579999999],[141.2220471,52.5170991],[141.2119032,52.508421],[141.1861958,52.506494700000005],[141.1519214,52.50872460000001],[141.11182440000002,52.4831629],[141.1152508,52.4753857],[141.1044958,52.4760533],[141.10484059999996,52.4755919],[141.10706619999996,52.475126299999985],[141.1149782,52.4750321],[141.1130379,52.46973210000001],[141.1039708,52.471721699999996],[141.12011569999999,52.4664168],[141.107797,52.4632736],[141.1118251,52.4618763],[141.1086674,52.4619116],[141.10831259999998,52.4581427],[141.1149554,52.45767669999999],[141.1057974,52.4560764],[141.11535059999997,52.45308180000001],[141.1113933,52.4529221],[141.1149695,52.45276749999999],[141.1079061,52.4457966],[141.1217086,52.4425882],[141.118625,52.4404389],[141.110433,52.4431791],[141.1184516,52.440028100000006],[141.12063989999996,52.4403047],[141.1220119,52.4368734],[141.1181405,52.43577570000001],[141.1141644,52.439956200000005],[141.11671039999996,52.436528],[141.1126902,52.4351252],[141.1113587,52.43855829999999],[141.1124818,52.4350601],[141.11777459999996,52.43555289999999],[141.11205590000003,52.43151849999999],[141.11630979999998,52.433924799999986],[141.1154052,52.4305121],[141.11815469999996,52.4298783],[141.1188558,52.434118299999994],[141.1242213,52.4295398],[141.11764929999998,52.429297099999985],[141.119044,52.4268259],[141.1135159,52.4296548],[141.1166527,52.4251027],[141.1100687,52.4239967],[141.1215908,52.4222],[141.1158215,52.4197937],[141.1214918,52.4214608],[141.1192581,52.41536709999999],[141.1137114,52.41730839999999],[141.11986869999998,52.41248519999999],[141.1124115,52.4072174],[141.11885629999998,52.407852500000004],[141.11912789999997,52.4006157],[141.13541499999997,52.3879299],[141.1322433,52.3840958],[141.1455355,52.3849808],[141.14404499999998,52.38124139999999],[141.15370100000004,52.376403599999996],[141.1706712,52.3592312],[141.19703119999997,52.35384369999999],[141.2026075,52.3485252],[141.2111592,52.34885169999998],[141.2122643,52.335421],[141.22644259999998,52.3304738],[141.2288999,52.3197326],[141.2516391,52.320735400000004],[141.2537822,52.3165349],[141.2441584,52.3119855],[141.24306679999998,52.30618270000001],[141.25014119999997,52.30377459999998],[141.2506357,52.2985398],[141.2564456,52.2947864],[141.2801847,52.2867232],[141.3147421,52.285757600000004],[141.3281786,52.27308140000001],[141.3403666,52.25230499999999],[141.36132189999998,52.241659299999995],[141.37091949999999,52.23045859999999],[141.3822688,52.2263935],[141.3845587,52.2224826],[141.40495419999996,52.2184141],[141.4390182,52.2170797],[141.4499241,52.2190024],[141.452558,52.22567020000001],[141.45743969999998,52.22053389999999],[141.4886927,52.2166328],[141.5088254,52.22289339999999],[141.50063930000002,52.2380829],[141.5040591,52.235300300000006],[141.51224789999998,52.240862],[141.52809439999996,52.23664730000001],[141.5138626,52.2187395],[141.5382224,52.20571639999999],[141.5245002,52.18327049999999],[141.5365004,52.1727671],[141.5458131,52.15223009999999],[141.50878269999998,52.1613084],[141.4614419,52.15991050000001],[141.4180862,52.1434204],[141.35936729999997,52.1055695],[141.3507628,52.0960924],[141.3520717,52.085782699999996],[141.34574169999996,52.0775864],[141.3367724,52.0345472],[141.3455057,51.9951529],[141.3495746,51.9888924],[141.3663566,51.98722570000001],[141.3932668,51.96803489999999],[141.4150353,51.9695064],[141.41367819999996,51.9597731],[141.4222974,51.9549908],[141.4165265,51.948386],[141.4042944,51.945888499999995],[141.396683,51.940293799999985],[141.3924596,51.9269207],[141.3955601,51.92144580000001],[141.3906413,51.91975389999999],[141.3906044,51.91583870000001],[141.3649142,51.9171345],[141.3616633,51.920066000000006],[141.3465929,51.91760609999999],[141.3032412,51.89832530000001],[141.2991535,51.8909039],[141.2946548,51.8919286],[141.28129519999996,51.8864606],[141.27355359999999,51.8894826],[141.24913199999997,51.88092090000001],[141.2372165,51.8687625],[141.2374454,51.86505280000001],[141.248481,51.85810049999999],[141.20454569999998,51.8520132],[141.19007699999997,51.846461899999994],[141.16914999999997,51.8284425],[141.1709022,51.8227755],[141.1611324,51.814183099999994],[141.1613828,51.79645479999999],[141.1792195,51.787847000000006],[141.1805284,51.78397110000001],[141.1590512,51.77606879999998],[141.15970559999997,51.7703134],[141.1515897,51.7656317],[141.1497749,51.7589531],[141.1376878,51.7515439],[141.13952949999998,51.7446362],[141.1255538,51.73265659999999],[141.1037834,51.72115550000001],[141.1031843,51.709739600000006],[141.1107695,51.7039157],[141.120065,51.7023634],[141.1158453,51.69821880000001],[141.1165631,51.690729],[141.1073056,51.6878823],[141.1065762,51.6821933],[141.0662705,51.686421299999985],[141.0092415,51.6794426],[140.9998827,51.674594000000006],[140.9643161,51.6662476],[140.95655109999998,51.6616632],[140.9484566,51.650197600000006],[140.9071763,51.63025849999999],[140.8979008,51.62709319999999],[140.8765775,51.628182200000005],[140.8771606,51.6211131],[140.8718077,51.613459000000006],[140.8805133,51.60676089999998],[140.87322609999998,51.59211440000001],[140.8818608,51.571264],[140.8888954,51.5644196],[140.8886587,51.54087139999999],[140.89857259999997,51.524877499999995],[140.88658309999997,51.5128338],[140.8880646,51.4976273],[140.8847382,51.4937644],[140.8581269,51.4854585],[140.84091989999996,51.491405199999996],[140.8266056,51.4843494],[140.8214611,51.48591609999999],[140.8273619,51.492837],[140.82480449999997,51.502391299999985],[140.8092629,51.4880671],[140.8042053,51.48988429999999],[140.79366579999999,51.4848233],[140.7955329,51.4767278],[140.7919514,51.477009599999995],[140.7821764,51.4683833],[140.784872,51.4650003],[140.7690132,51.4692007],[140.7546049,51.46728720000001],[140.7378888,51.47027679999999],[140.7273745,51.465955900000004],[140.7409787,51.461795],[140.7510316,51.46204899999999],[140.74867849999998,51.4630596],[140.7526535,51.46488769999999],[140.7558212,51.459936199999994],[140.7718992,51.453695999999994],[140.7849777,51.4548493],[140.7877028,51.4461908],[140.7824403,51.43944],[140.7834401,51.42846039999999],[140.78959619999998,51.421307199999994],[140.7951151,51.420299899999996],[140.7948093,51.41424119999999],[140.7981192,51.41943010000001],[140.7954906,51.421377],[140.7910107,51.421205],[140.80968439999998,51.426576199999985],[140.8297853,51.417453],[140.8344735,51.4216194],[140.84635339999997,51.419644000000005],[140.8636831,51.4222214],[140.860891,51.4249275],[140.86525909999997,51.421895000000006],[140.85409149999998,51.4128697],[140.8636834,51.3930237],[140.8541027,51.3765611],[140.85930030000003,51.371554899999985],[140.8341769,51.3661383],[140.8183296,51.348210699999996],[140.7791324,51.33441349999998],[140.7658785,51.34098980000001],[140.7661656,51.3436798],[140.75475979999996,51.345188399999984],[140.7131496,51.33814889999999],[140.6909776,51.33154859999999],[140.68711969999998,51.32694819999998],[140.6884781,51.3312261],[140.6860602,51.3324822],[140.6703025,51.32662659999998],[140.6677919,51.3198749],[140.675286,51.31323629999999],[140.67797899999997,51.30413509999999],[140.6718041,51.2886782],[140.69043549999998,51.2723301],[140.697613,51.25550509999999],[140.7039243,51.2512817],[140.66722059999998,51.24790329999998],[140.64868560000002,51.23800089999999],[140.63899069999997,51.23849719999999],[140.63113989999997,51.2342014],[140.6311077,51.229397899999995],[140.64903520000001,51.2263626],[140.6590952,51.22032579999999],[140.65481,51.209412799999996],[140.6675076,51.1720235],[140.6603192,51.1658546],[140.6642353,51.15885719999999],[140.6628083,51.14929469999999],[140.6482386,51.124090300000006],[140.64334619999997,51.1202182],[140.6268346,51.1176738],[140.6468009,51.1187635],[140.65600359999996,51.10676260000001],[140.6664132,51.10126710000001],[140.68208269999997,51.056662700000004],[140.67801109999996,51.03407949999999],[140.64353399999996,51.021353100000006],[140.6333496,50.99689759999999],[140.64040919999997,50.9806216],[140.6495716,50.978115499999994],[140.65064389999998,50.960989899999994],[140.63527819999996,50.949783],[140.58060949999998,50.938072699999985],[140.5239998,50.899061599999996],[140.5231691,50.894461199999995],[140.5304891,50.8898275],[140.49843179999996,50.867684300000015],[140.50260509999998,50.850086000000005],[140.5129348,50.8430837],[140.51857489999998,50.8333988],[140.5098929,50.8207493],[140.51337839999997,50.8178267],[140.4961411,50.79976609999999],[140.4875858,50.77985530000001],[140.4798544,50.775888200000004],[140.4783335,50.77091879999999],[140.4499427,50.75556629999999],[140.44506299999998,50.74453989999999],[140.4508299,50.73355109999999],[140.4455066,50.7274138],[140.4368246,50.727092899999995],[140.4295664,50.7171472],[140.43320599999998,50.7103111],[140.43743539999997,50.7127647],[140.4345956,50.709574999999994],[140.4450788,50.70092149999999],[140.44400499999998,50.69309209999998],[140.467515,50.6604402],[140.4678416,50.6462799],[140.4784211,50.6353047],[140.4918741,50.62892560000001],[140.4832537,50.62080529999999],[140.4757436,50.6247413],[140.4704538,50.6238713],[140.4721028,50.617835],[140.4538376,50.607798700000004],[140.4348582,50.5809617],[140.4360263,50.5748689],[140.41591949999997,50.5525573],[140.41475149999997,50.53484890000001],[140.4245963,50.506045400000005],[140.48342190000002,50.45906519999998],[140.4768235,50.44412239999999],[140.49189479999998,50.41244480000001],[140.4984992,50.36835469999999],[140.5074898,50.3573462],[140.52768669999998,50.345465000000004],[140.53075459999997,50.340271099999995],[140.52772929999998,50.3356206],[140.50996120000002,50.3272431],[140.4927828,50.3024105],[140.49684419999997,50.2779739],[140.4924258,50.2662786],[140.50639499999997,50.2447062],[140.5026907,50.23794139999998],[140.5046544,50.22315259999999],[140.4930953,50.2072737],[140.5009948,50.187332],[140.5023783,50.1650949],[140.5170616,50.1409025],[140.5437111,50.119222799999996],[140.59408589999998,50.1050558],[140.64855899999998,50.0947941],[140.66469599999996,50.0950819],[140.676659,50.099049400000006],[140.68577369999997,50.096073800000006],[140.6872793,50.090252500000005],[140.6685616,50.0828638],[140.661807,50.07461229999999],[140.6606575,50.0640803],[140.65704619999997,50.060619199999984],[140.641126,50.0581049],[140.631818,50.04572720000001],[140.6152366,50.04353869999999],[140.5730031,50.02903190000001],[140.5409724,50.0218749],[140.48279759999997,49.995526],[140.4712199,49.98279459999999],[140.4731761,49.97049640000001],[140.4611991,49.95421379999999],[140.4625964,49.94265339999998],[140.45688740000003,49.941008999999994],[140.4346474,49.9211311],[140.4338102,49.896611499999985],[140.40549189999996,49.89001940000001],[140.3994151,49.88118389999999],[140.3988474,49.87243550000001],[140.4047636,49.8634691],[140.41539219999999,49.849764500000006],[140.4324635,49.83650219999999],[140.443431,49.8220128],[140.44801280000001,49.80833539999999],[140.4927952,49.787382099999995],[140.5230395,49.78965769999999],[140.5287868,49.786055399999995],[140.5232174,49.76730510000001],[140.51800550000002,49.761925],[140.52376069999997,49.74663890000001],[140.5142939,49.74086649999999],[140.4988439,49.7154103],[140.49939899999998,49.679186599999994],[140.50985319999998,49.6654361],[140.51324229999997,49.641899499999994],[140.5332199,49.6202237],[140.5468205,49.56458289999999],[140.52182029999997,49.5347793],[140.5164026,49.53276489999999],[140.5086272,49.535194399999995],[140.50355789999998,49.5322654],[140.503832,49.51914849999999],[140.5106858,49.50913219999999],[140.5119452,49.4881138],[140.5065923,49.482290899999995],[140.48471089999998,49.4773446],[140.468894,49.4647127],[140.46230309999999,49.4530011],[140.43706599999996,49.42945619999999],[140.4358236,49.4229332],[140.4231466,49.41361499999999],[140.4179486,49.402633200000004],[140.41885519999997,49.3913015],[140.4309592,49.3843921],[140.43441099999998,49.3771388],[140.4249412,49.3712064],[140.42684159999996,49.3648209],[140.42239599999996,49.35463190000001],[140.4147693,49.3499268],[140.41747599999997,49.3367202],[140.4114061,49.32400779999999],[140.4270674,49.30649619999999],[140.4243523,49.2957576],[140.4209035,49.294405899999994],[140.413746,49.299703],[140.4086717,49.2995789],[140.38975289999996,49.2923956],[140.3758746,49.2829008],[140.3726813,49.2753729],[140.384025,49.2715874],[140.3873739,49.267054699999996],[140.3834563,49.26605839999999],[140.3765168,49.2705882],[140.3737839,49.26707259999999],[140.37668139999997,49.26348169999999],[140.368592,49.2645975],[140.3704048,49.2557424],[140.3749274,49.254362699999994],[140.37085569999996,49.2506618],[140.3598178,49.249279599999994],[140.3583484,49.25358860000001],[140.3506859,49.2552453],[140.345416,49.26084190000001],[140.3378448,49.25971619999999],[140.34070319999998,49.25471170000001],[140.33496329999997,49.25006609999999],[140.3439421,49.2471519],[140.334473,49.2433305],[140.3283026,49.23551239999999],[140.3288353,49.2259031],[140.3244623,49.219773],[140.3168009,49.2208317],[140.3105189,49.2165105],[140.3105429,49.202070299999995],[140.3229898,49.19195990000001],[140.3332166,49.19103119999999],[140.3317206,49.1964968],[140.3426012,49.1978902],[140.34574259999997,49.2034482],[140.3453904,49.1916175],[140.3417348,49.1889859],[140.34409699999998,49.18220170000001],[140.3298489,49.17832339999999],[140.3348718,49.172391499999996],[140.33231,49.167426899999995],[140.34848029999998,49.156985799999994],[140.35583859999997,49.157573199999995],[140.36160920000003,49.149967499999995],[140.3519017,49.15053890000001],[140.3469442,49.1449069],[140.35267949999997,49.14011180000001],[140.34883779999998,49.1358513],[140.3548024,49.1330108],[140.35483719999996,49.1293585],[140.35121269999996,49.13327700000001],[140.34648179999996,49.1294522],[140.3373306,49.13064359999999],[140.32867779999998,49.1258483],[140.3339473,49.119354099999995],[140.3278259,49.1161915],[140.3307782,49.111604],[140.3270748,49.10661120000001],[140.33501,49.10363069999999],[140.3377293,49.10801320000001],[140.3402953,49.106048],[140.3439293,49.108972900000005],[140.3476209,49.1052369],[140.3521321,49.1089992],[140.351332,49.1035818],[140.34415019999997,49.09748359999999],[140.34500709999998,49.0940951],[140.32247349999997,49.0964919],[140.3149786,49.09124779999999],[140.3039681,49.092861400000004],[140.3016147,49.0872856],[140.29301959999998,49.092303099999995],[140.2808626,49.0932813],[140.2601358,49.077571500000005],[140.2664414,49.0774805],[140.2706793,49.0827363],[140.2791143,49.08542390000001],[140.2905839,49.0839388],[140.2979799,49.0777563],[140.3062091,49.07748759999999],[140.2996364,49.0737052],[140.30995939999997,49.0717019],[140.30395059999998,49.0658943],[140.3057632,49.06316299999999],[140.323292,49.0705604],[140.32481329999996,49.06773919999999],[140.3090386,49.057204],[140.3174608,49.0501482],[140.3248919,49.05410620000001],[140.32792449999997,49.0515163],[140.33347279999998,49.05389749999999],[140.3313852,49.0441921],[140.31382279999997,49.0366498],[140.3035219,49.025310899999994],[140.29946159999997,49.02824220000001],[140.3134755,49.0419772],[140.3156048,49.0494467],[140.31231739999998,49.05114669999999],[140.2959498,49.04098079999999],[140.2861198,49.0254368],[140.27831829999997,49.0269985],[140.2680285,49.021305999999996],[140.25631649999997,49.0265339],[140.24773989999997,49.0176231],[140.2322932,49.0185061],[140.215084,49.00924689999999],[140.2041937,49.0180787],[140.20276139999999,49.0143983],[140.20052399999997,49.01547560000001],[140.20827980000004,49.004865800000005],[140.2116738,49.007474],[140.22272389999998,49.0065553],[140.22367779999996,49.0101305],[140.233804,49.0143569],[140.2504509,49.011333699999994],[140.25881289999998,49.0184465],[140.2691306,49.0148942],[140.27869209999997,49.018938999999996],[140.2863801,49.01693650000001],[140.272627,49.0056333],[140.25223339999997,48.9992014],[140.25779559999998,48.9963703],[140.25701869999997,48.9887927],[140.2423487,48.9866322],[140.2255434,48.9769589],[140.2195445,48.97739339999999],[140.224043,48.975179],[140.2171185,48.97374429999999],[140.2261104,48.97461929999999],[140.21522339999999,48.9702727],[140.2202723,48.971024699999994],[140.21694699999998,48.9693227],[140.2284616,48.9662953],[140.2619535,48.9733682],[140.2620756,48.9646843],[140.25231389999996,48.9628365],[140.24681529999998,48.9577325],[140.2484425,48.9518135],[140.2535662,48.949246499999994],[140.25984399999996,48.94901149999999],[140.2535436,48.9504334],[140.2511533,48.9557173],[140.2702163,48.96249869999999],[140.2819078,48.9550865],[140.2720299,48.97054599999999],[140.2753922,48.981415],[140.2871454,48.979172000000005],[140.2826345,48.9828023],[140.28393679999996,48.9948184],[140.29419509999997,48.9938344],[140.30176679999997,48.99931780000001],[140.3052412,48.99471979999999],[140.30943929999998,49.0001432],[140.3064691,49.0000495],[140.30586329999997,49.005248699999996],[140.3163813,49.004050899999996],[140.31509299999996,49.0125372],[140.32856099999998,49.01683179999999],[140.333495,49.023407000000006],[140.3406756,49.0206434],[140.34958599999996,49.0252833],[140.35138529999998,49.0205259],[140.3479927,49.016762099999994],[140.3507563,49.01162829999999],[140.34367709999998,49.0126886],[140.33414589999998,49.00864459999999],[140.3354205,49.00244790000001],[140.3430683,49.0058623],[140.34603049999998,48.9982277],[140.35427479999998,49.00082549999999],[140.3563098,49.00459349999999],[140.3524342,48.99037739999999],[140.37522789999997,48.99029519999999],[140.3792277,48.987480899999994],[140.3752505,48.98522719999999],[140.3769504,48.98198740000001],[140.39113649999996,48.976864],[140.3695888,48.9671657],[140.36074419999997,48.9199512],[140.3398598,48.9038423],[140.3227364,48.89626499999999],[140.3192727,48.88833040000001],[140.3070932,48.8801166],[140.2610257,48.860524899999994],[140.2352222,48.8430086],[140.2308995,48.8324827],[140.23627109999998,48.8122081],[140.21691739999997,48.793482899999994],[140.2073564,48.7740883],[140.1927663,48.7591726],[140.19026079999998,48.74841070000001],[140.1997709,48.73941589999999],[140.1824529,48.716205499999994],[140.17798369999997,48.683350499999996],[140.18076689999998,48.6798419],[140.1752375,48.6742034],[140.1868036,48.633442200000005],[140.181096,48.6316671],[140.1844299,48.6254571],[140.17811669999998,48.6216332],[140.1837038,48.614919],[140.1813762,48.6093894],[140.173597,48.609244],[140.16994389999996,48.60531519999999],[140.1804562,48.598912899999995],[140.19127589999997,48.598534699999995],[140.1931846,48.5951519],[140.1872926,48.5914613],[140.1842536,48.580613199999995],[140.18837159999998,48.570090099999994],[140.1743045,48.570349],[140.15984319999998,48.553368999999996],[140.1647336,48.54079339999999],[140.1745153,48.536347299999996],[140.1693865,48.5305703],[140.1707612,48.524827599999995],[140.18186479999997,48.520205],[140.17974979999997,48.51435609999999],[140.1842833,48.51166769999999],[140.17927389999997,48.50983769999999],[140.17900109999997,48.4902426],[140.1691905,48.4755255],[140.17410689999997,48.4467804],[140.1449222,48.4317753],[140.1057167,48.417581799999994],[140.08289869999996,48.4030029],[140.08203860000003,48.39713150000001],[140.0587464,48.3802894],[140.0473447,48.36139549999999],[140.04689909999996,48.3510824],[140.0389991,48.3473256],[140.0390269,48.336400499999996],[140.0330342,48.33024399999999],[139.992091,48.32448719999999],[139.95220919999997,48.3134142],[139.92404769999996,48.3012987],[139.91612639999997,48.29638059999999],[139.904928,48.2806322],[139.8793581,48.2701636],[139.8663346,48.25017879999999],[139.867077,48.2460443],[139.84218179999996,48.2374586],[139.84031339999999,48.23147459999999],[139.8254649,48.2260855],[139.81248209999998,48.2126007],[139.7707088,48.1905912],[139.7610397,48.1820981],[139.720827,48.1626295],[139.70706019999997,48.14779909999999],[139.7104757,48.1436883],[139.70762919999999,48.136350699999994],[139.6879741,48.1249634],[139.6907706,48.1162822],[139.66923039999998,48.101492],[139.6437312,48.06130900000001],[139.6288568,48.058371199999996],[139.6142622,48.04911839999999],[139.5551575,47.9997793],[139.5388021,47.990900999999994],[139.53211599999997,47.9756592],[139.5389467,47.970672699999994],[139.51894329999996,47.96545379999999],[139.5065065,47.9580725],[139.4758603,47.95047009999999],[139.44311899999997,47.9364126],[139.42521,47.9338283],[139.40273979999998,47.92363449999999],[139.377972,47.89600190000001],[139.3552543,47.8774233],[139.35231759999996,47.8707705],[139.3421224,47.8683917],[139.3308189,47.8600277],[139.3044997,47.834332499999995],[139.3041672,47.8293854],[139.28444159999998,47.8215731],[139.2674865,47.8062801],[139.2607266,47.7954122],[139.2613915,47.7883767],[139.24554449999997,47.76313019999999],[139.2445472,47.75303559999998],[139.2165578,47.7283845],[139.1984895,47.692926],[139.2023001,47.673567799999994],[139.1969428,47.655480000000004],[139.192842,47.6521243],[139.1807808,47.650663099999996],[139.1774067,47.6420213],[139.1635518,47.639078],[139.165736,47.6293682],[139.1539022,47.625083999999994],[139.15772659999996,47.61922289999999],[139.1073171,47.5633514],[139.110977,47.5579541],[139.10117159999996,47.54454629999999],[139.1033364,47.53474609999999],[139.07129990000004,47.5095195],[139.0584677,47.478125799999994],[139.0519918,47.4736087],[139.05915429999996,47.4610897],[139.05010989999997,47.425984799999995],[139.05256669999997,47.4079791],[139.0205876,47.3897249],[138.9864291,47.35273589999999],[138.9843928,47.34064549999999],[138.9917016,47.328319699999994],[138.9905118,47.31664409999999],[138.9524378,47.31249549999999],[138.9386374,47.315056299999995],[138.9343073,47.3189487],[138.92768699999996,47.3182837],[138.88673340000003,47.303886199999994],[138.8568354,47.288297299999996],[138.8125698,47.2515609],[138.7094774,47.142460699999994],[138.6040786,47.07486609999999],[138.5611969,47.0300551],[138.5329726,46.987292399999994],[138.5204686,46.9556076],[138.5020906,46.937794999999994],[138.4995019,46.9273347],[138.5027517,46.92006930000001],[138.4952554,46.87999419999999],[138.4844537,46.8680616],[138.4844463,46.85753749999999],[138.46288129999996,46.8379463],[138.44337589999998,46.8319444],[138.4393507,46.82043579999999],[138.43367809999998,46.82014509999999],[138.42068319999998,46.8097384],[138.42174979999996,46.80457539999998],[138.4104439,46.7949174],[138.40518459999998,46.77605869999999],[138.38931849999997,46.765442199999995],[138.3818171,46.7536466],[138.36554660000002,46.7143301],[138.36671909999998,46.705971],[138.3482118,46.691836],[138.3524105,46.68356469999999],[138.3528179,46.663777],[138.3422832,46.646999199999996],[138.3393395,46.6285701],[138.34382599999998,46.60898469999999],[138.3584814,46.6013472],[138.3593165,46.597006799999996],[138.34995809999998,46.586779799999995],[138.3469686,46.56453259999999],[138.3394988,46.54749719999999],[138.3432813,46.5402824],[138.2972273,46.5142874],[138.2321847,46.4922345],[138.21921899999998,46.4818687],[138.2145042,46.471833],[138.18037889999997,46.4526],[138.1662104,46.4333879],[138.1581448,46.4081475],[138.12089149999997,46.35383219999999],[138.1101665,46.3088545],[138.0969429,46.29108],[138.09848,46.25967309999999],[138.1092933,46.25033539999999],[138.1038145,46.23953349999999],[138.0738257,46.21516329999999],[138.0688756,46.203988599999995],[138.03112149999998,46.167698099999996],[138.0157041,46.166591],[138.00085539999998,46.14626510000001],[137.97748800000002,46.12357449999999],[137.9418897,46.1038129],[137.9276277,46.07219],[137.8818349,46.037552899999994],[137.86269410000003,46.0179127],[137.7992557,45.9710954],[137.77678,45.9467705],[137.7702048,45.945380799999995],[137.7478269,45.9037244],[137.72710299999997,45.874633499999995],[137.7211805,45.8747869],[137.718776,45.8681656],[137.6919781,45.8541286],[137.6868102,45.832238399999994],[137.69362109999997,45.8202007],[137.6875762,45.810044799999986],[137.6691121,45.79912959999999],[137.6459723,45.777386],[137.6248992,45.770208700000005],[137.58083130000003,45.739143999999996],[137.5637623,45.73509700000001],[137.549846,45.72576290000001],[137.5335019,45.7119059],[137.5267528,45.7002839],[137.4992339,45.6837842],[137.4887477,45.6733925],[137.46349539999997,45.670551299999985],[137.44590709999997,45.663615699999994],[137.3591489,45.6132753],[137.34018959999997,45.58732549999999],[137.32713579999998,45.57831500000001],[137.3213969,45.56052139999999],[137.3135394,45.5473767],[137.30468770000002,45.5409079],[137.2975248,45.52194300000001],[137.27987909999996,45.5156417],[137.2674432,45.5028254],[137.2607135,45.4894093],[137.2439356,45.47560450000001],[137.2215556,45.4660772],[137.21640059999996,45.46701149999999],[137.20125889999997,45.45767819999998],[137.1863534,45.4360766],[137.18227679999998,45.421978],[137.1646124,45.4144978],[137.1554017,45.4021563],[137.1537709,45.388203499999996],[137.13891149999998,45.374963199999996],[137.09077659999997,45.367411],[137.05976489999998,45.3530387],[137.0248425,45.3310981],[137.0029664,45.31159749999999],[136.9785797,45.29955429999999],[136.9437647,45.265569],[136.9184768,45.252655],[136.8558174,45.23313219999999],[136.833233,45.220538899999994],[136.8081363,45.19955079999999],[136.8016365,45.1986603],[136.7899007,45.183391099999994],[136.7915207,45.1738919],[136.7831665,45.1624462],[136.7736399,45.1365016],[136.7650666,45.0925174],[136.72701969999997,45.06989509999999],[136.7103015,45.0662656],[136.7004532,45.060671299999996],[136.6859031,45.0470604],[136.6888422,45.04377469999999],[136.6847978,45.0404108],[136.67377,45.0402028],[136.6659707,45.035545400000004],[136.6626707,45.03814189999999],[136.6536627,45.0369657],[136.64533309999996,45.033461],[136.6473252,45.027879299999995],[136.63463719999996,45.026948499999996],[136.62151999999998,45.0051603],[136.6167837,44.999920799999984],[136.6015084,44.99427409999999],[136.57373559999996,44.9652961],[136.5688443,44.9535112],[136.5611138,44.95557879999999],[136.5536684,44.950978899999996],[136.5506301,44.9345744],[136.55970239999996,44.93070899999999],[136.5614807,44.92146429999999],[136.55480059999996,44.91359799999999],[136.54303849999997,44.9016562],[136.5269088,44.90426169999999],[136.52309059999996,44.90193409999999],[136.5234231,44.895185099999985],[136.50798459999996,44.89079269999999],[136.497738,44.87683079999999],[136.49414489999998,44.857818599999995],[136.4874864,44.8550556],[136.4785543,44.841238800000006],[136.46470509999997,44.84282019999999],[136.4481824,44.8291467],[136.4427058,44.828703899999994],[136.4372809,44.8122727],[136.44496189999998,44.8071825],[136.44378669999998,44.7961866],[136.45351259999998,44.788923399999995],[136.4498212,44.785937],[136.45043909999998,44.77170929999999],[136.44266609999997,44.7689376],[136.43390979999998,44.7704852],[136.42978029999998,44.77536819999999],[136.4238363,44.7735431],[136.4051759,44.79076429999999],[136.39271729999996,44.7947347],[136.3907905,44.8026262],[136.3789546,44.80561039999999],[136.36415889999998,44.802639199999994],[136.3501238,44.79494319999999],[136.3545618,44.77824489999999],[136.3496385,44.7753976],[136.3497273,44.7647653],[136.34055109999997,44.7519459],[136.328914,44.7530152],[136.3038486,44.7488325],[136.3057881,44.7392119],[136.3153324,44.7393918],[136.3161621,44.743048599999995],[136.3165422,44.73623169999998],[136.32792059999997,44.72961279999999],[136.337882,44.7308494],[136.3378363,44.722844],[136.3204837,44.7113669],[136.29780520000003,44.7112824],[136.2783712,44.7038717],[136.24189329999996,44.6770989],[136.23274,44.6594225],[136.2274559,44.65621749999999],[136.2233985,44.6372812],[136.2144453,44.63629220000001],[136.2109781,44.62979779999999],[136.2126069,44.6158817],[136.2295006,44.592028],[136.2289284,44.5860514],[136.1935839,44.57597080000001],[136.186014,44.56472099999999],[136.1867576,44.539964],[136.1926745,44.5346409],[136.1787347,44.5217325],[136.1574482,44.50930579999999],[136.1502412,44.4965943],[136.1328785,44.4890047],[136.1165474,44.48644530000001],[136.1087148,44.477339199999996],[136.06321329999997,44.46420260000001],[136.0363426,44.4466438],[136.02717449999997,44.4476194],[136.0271975,44.45718339999999],[136.02392259999996,44.4560252],[136.0266745,44.4513612],[136.0196716,44.4546728],[136.00739029999997,44.45329529999999],[135.9942989,44.4461144],[135.9942957,44.4373941],[135.9889581,44.4342494],[135.97016119999998,44.4350653],[135.9669104,44.43167909999999],[135.943825,44.428134799999995],[135.9186881,44.41593149999999],[135.9074832,44.41699959999998],[135.9007634,44.4126766],[135.8840531,44.412481899999996],[135.8745284,44.4068292],[135.8759726,44.398493499999994],[135.86993909999998,44.38907749999999],[135.8636296,44.3867599],[135.8480531,44.3700652],[135.83331879999997,44.3672329],[135.8296075,44.3626148],[135.8289851,44.3477801],[135.8376155,44.3429298],[135.84074909999998,44.34666210000001],[135.8413569,44.3430072],[135.8371726,44.3410225],[135.83740999999998,44.3340209],[135.8225992,44.3065375],[135.80055719999996,44.2850224],[135.7961111,44.26614500000001],[135.7751033,44.254854099999996],[135.76679649999997,44.255732699999996],[135.7370049,44.2488105],[135.71992630000003,44.23940339999999],[135.6889005,44.203062299999985],[135.6856702,44.19197419999999],[135.6483405,44.175856],[135.6487288,44.1503417],[135.6605286,44.1310333],[135.6503725,44.12506470000001],[135.6453194,44.1029076],[135.63485809999997,44.1031527],[135.6309438,44.09780639999999],[135.6371435,44.0765963],[135.6301811,44.0618067],[135.6359967,44.045365399999994],[135.6323413,44.03532270000001],[135.61423979999998,44.0369741],[135.597695,44.022217299999994],[135.5841045,44.0222445],[135.57972579999998,44.0255653],[135.5655384,44.0232546],[135.5536728,44.0116914],[135.5276213,44.005862799999996],[135.52202009999996,43.994452499999994],[135.53091839999996,43.9846611],[135.53071029999998,43.9709142],[135.5151685,43.9690766],[135.51181089999997,43.9560534],[135.5068276,43.951631899999995],[135.5090058,43.945253599999994],[135.52084149999996,43.9392913],[135.5198003,43.921404],[135.5151553,43.923117999999995],[135.508239,43.94228259999999],[135.5028688,43.94530459999999],[135.46680159999997,43.9564708],[135.452815,43.948209799999994],[135.45331739999997,43.9413472],[135.4701123,43.9322407],[135.4664034,43.92298050000001],[135.473578,43.91858909999999],[135.47136489999997,43.9148981],[135.4658158,43.9165686],[135.4618901,43.91389759999999],[135.46428589999996,43.906562699999995],[135.4736374,43.90237739999999],[135.4786411,43.9089546],[135.4844282,43.9097808],[135.48950420000003,43.9035682],[135.47144929999996,43.897617499999996],[135.46866259999996,43.889965499999995],[135.4566729,43.88451249999999],[135.4592171,43.877545000000005],[135.4871373,43.8729747],[135.5069114,43.88536129999999],[135.5014794,43.8961805],[135.51689409999997,43.9001008],[135.52710379999996,43.899614],[135.5274994,43.896612899999994],[135.5231257,43.8886051],[135.51109799999998,43.8828612],[135.5110491,43.87201590000001],[135.5031162,43.8655665],[135.5025592,43.84979940000001],[135.5068358,43.844220299999996],[135.4921477,43.84604999999999],[135.4826606,43.841194099999996],[135.4809804,43.833877599999994],[135.4731474,43.8288815],[135.4786536,43.822115099999984],[135.4732329,43.8127554],[135.4553561,43.8060974],[135.4358151,43.786534399999994],[135.4356924,43.764761499999985],[135.4189663,43.7568517],[135.408483,43.76076489999999],[135.40090689999997,43.7589923],[135.37730069999998,43.7404664],[135.37189730000003,43.7251556],[135.36070800000002,43.72114299999999],[135.3550722,43.7151937],[135.3389182,43.715535],[135.30683079999997,43.700974699999996],[135.30123279999998,43.6940793],[135.27815579999998,43.6864829],[135.2683496,43.687871599999994],[135.2531308,43.7005394],[135.25122639999998,43.71252590000001],[135.26107549999998,43.72815789999999],[135.28338070000004,43.7317823],[135.293836,43.738937400000005],[135.2797544,43.7411233],[135.2591632,43.7289297],[135.2373755,43.728142399999996],[135.2203452,43.720718500000004],[135.2233368,43.7155076],[135.2180904,43.70254829999999],[135.23433119999999,43.6971477],[135.2358547,43.6928483],[135.23157119999996,43.687251],[135.2266735,43.6890858],[135.22141379999997,43.6850948],[135.227302,43.6771699],[135.227149,43.66363989999999],[135.2256519,43.659674],[135.2150047,43.65506899999999],[135.2191333,43.6444445],[135.2251788,43.641917299999996],[135.2254576,43.6355271],[135.2228339,43.632217],[135.2131092,43.6326665],[135.19916619999998,43.625752],[135.185665,43.613861],[135.1744931,43.6093229],[135.1741129,43.603548],[135.1821453,43.6004985],[135.1783455,43.5960635],[135.1828433,43.5932244],[135.1699696,43.574001499999994],[135.16888119999996,43.5569117],[135.1476071,43.54407609999999],[135.14639669999997,43.5339125],[135.15201369999997,43.52166849999999],[135.14124719999998,43.5052188],[135.1255262,43.5000936],[135.1118847,43.5034229],[135.0939528,43.5012198],[135.06902409999998,43.48864679999999],[135.0357894,43.4812831],[135.03266789999998,43.4741956],[135.022237,43.46988189999999],[135.0149425,43.4708067],[135.0064354,43.4625654],[135.0,43.46181229910396],[135.0,40.97989806962013],[140.31415045137314,40.97989806962013],[140.320794,41.0139327],[140.3173202,41.0248605],[140.32054439999996,41.022727899999985],[140.3184906,41.02481949999999],[140.32219389999997,41.0255777],[140.3192711,41.03714969999999],[140.3228781,41.03840569999999],[140.3240561,41.061402799999996],[140.320137,41.090661],[140.3121675,41.0955997],[140.305682,41.106788],[140.2868173,41.1202311],[140.2670409,41.120006399999994],[140.275366,41.118191599999996],[140.247983,41.124129],[140.248667,41.133767],[140.25711299999998,41.14074399999999],[140.264837,41.13558199999999],[140.278022,41.13992999999999],[140.2841,41.135954],[140.28773899999996,41.137997999999996],[140.2905322,41.1338565],[140.2969042,41.1370254],[140.2912355,41.133174399999994],[140.3032859,41.1313191],[140.29679189999996,41.13512839999999],[140.3046246,41.13288949999999],[140.3050097,41.1318417],[140.3125661,41.1380017],[140.310299,41.14505299999999],[140.3167672,41.144973699999994],[140.32482999999996,41.15263099999999],[140.335702,41.18853],[140.330545,41.199819999999995],[140.334894,41.20745099999999],[140.328618,41.220568],[140.33267000000004,41.238177],[140.340493,41.239309999999996],[140.342807,41.24626200000001],[140.33904399999997,41.260263],[140.34514099999998,41.2609477],[140.3613021,41.250229999999995],[140.374904,41.247374],[140.3968012,41.23519269999999],[140.40337619999997,41.22149379999999],[140.4264473,41.2077285],[140.43200009999998,41.1985611],[140.43740909999997,41.1983388],[140.4346117,41.1977468],[140.43313299999997,41.19803350000001],[140.43100099999998,41.1989159],[140.43083789999997,41.1967691],[140.4463659,41.18928460000001],[140.45920919999998,41.1875149],[140.464518,41.1822422],[140.4821815,41.18323349999999],[140.495715,41.188322],[140.5195938,41.2052112],[140.52066340000002,41.2156533],[140.526892,41.221172],[140.536641,41.221250999999995],[140.5388296,41.218081899999994],[140.55016629999997,41.22965429999999],[140.554999,41.22436799999999],[140.56350299999997,41.226637000000004],[140.60414999999998,41.214377999999996],[140.61783299999996,41.196805999999995],[140.63306399999996,41.19072699999999],[140.64464389999998,41.172042100000006],[140.633215,41.129711],[140.6316204,41.09743840000001],[140.6378409,41.0639884],[140.64433939999998,41.0499378],[140.64924639999998,41.0473199],[140.64556249999998,41.0488997],[140.645343,41.03985649999999],[140.6500267,41.0126381],[140.65438189999998,41.0078916],[140.6521418,41.00937239999999],[140.6511392,41.00632370000001],[140.6523259,40.9983168],[140.6556385,40.99784170000001],[140.654014,40.990961999999996],[140.6589228,40.983204],[140.6556477,40.986074599999995],[140.6565108925669,40.97989806962013],[140.87265949989225,40.97989806962013],[140.8710393,40.98338209999999],[140.863372,40.98493299999999],[140.87122599999998,40.986928999999996],[140.876158,40.992546],[140.878922,41.009902000000004],[140.902908,41.00804900000001],[140.9214389,40.99300300000001],[140.9404448,40.9952079],[140.94870599999996,40.992359],[140.95476225539048,40.97989806962013],[141.22197977405378,40.97989806962013],[141.23705199999998,41.020154],[141.239918,41.036284],[141.2371659,41.0396381],[141.2396014,41.03755429999999],[141.24227499999998,41.052632],[141.2415075,41.08338129999999],[141.24788619999998,41.0936906],[141.246275,41.103944],[141.25910609999997,41.1256148],[141.26487699999998,41.126408],[141.272532,41.13523],[141.27905,41.15847],[141.26560299999997,41.19493599999999],[141.24766,41.224185],[141.226018,41.24945],[141.1980143,41.2723272],[141.187774,41.276929],[141.18405559999997,41.2742787],[141.1805123,41.275089200000004],[141.18402059999997,41.2744038],[141.18852,41.27920999999999],[141.18142069999996,41.27577279999999],[141.17258919999998,41.2798747],[141.159852,41.27819499999999],[141.1387244,41.2470511],[141.133184,41.24397],[141.13418239999996,41.23991769999999],[141.1444678,41.240960599999994],[141.157593,41.253288999999995],[141.1566578,41.2626771],[141.1589414,41.25470059999999],[141.152071,41.240997],[141.11446929999997,41.213800199999994],[141.09952280000002,41.2130705],[141.07535450000003,41.200994099999996],[141.055589,41.18255899999999],[141.032667,41.185532],[141.0094166,41.19753600000001],[140.996922,41.1951223],[140.9803755,41.1990791],[140.9642461,41.1912553],[140.945375,41.173895],[140.91588499999997,41.175931599999984],[140.89208419999997,41.1635472],[140.8766312,41.1668794],[140.85454599999997,41.161430999999986],[140.83274499999996,41.149728],[140.8262761,41.141856999999995],[140.8253503,41.145376899999995],[140.81130799999997,41.127579999999995],[140.798899,41.12882100000001],[140.7922867,41.13330010000001],[140.783048,41.131313],[140.777411,41.135432],[140.7791852,41.1385836],[140.77367009999998,41.1421268],[140.76918799999999,41.14073299999999],[140.76418499999997,41.14564899999999],[140.769079,41.171947],[140.764023,41.194598],[140.77950699999997,41.20894499999999],[140.785589,41.234717999999994],[140.77968099999998,41.25292],[140.785316,41.256009999999996],[140.7985765,41.29346939999999],[140.8019889,41.2925716],[140.798368,41.298967999999995],[140.806251,41.314158000000006],[140.79873699999996,41.321362],[140.8068717,41.328177999999994],[140.800953,41.32793399999999],[140.814045,41.335730999999996],[140.820295,41.345927],[140.8307393,41.4010592],[140.83152069999997,41.398555599999995],[140.839004,41.413418],[140.835217,41.415732],[140.837607,41.420256],[140.847419,41.42069599999999],[140.8540111,41.4328801],[140.8607019,41.4365119],[140.8555426,41.4319584],[140.8662088,41.4356437],[140.86512999999997,41.44589299999999],[140.87879399999997,41.4531341],[140.877573,41.45687],[140.884948,41.467124],[140.882021,41.46843799999999],[140.898567,41.47674299999999],[140.9071085,41.4925963],[140.9046838,41.4937506],[140.9088955,41.4941861],[140.90614699999998,41.49810999999999],[140.90892649999998,41.5063701],[140.9069324,41.5103275],[140.9004301,41.5111596],[140.9060618,41.51394100000001],[140.89732599999996,41.52583099999999],[140.90049339999996,41.52439489999999],[140.9032802,41.5307029],[140.90811529999996,41.529957499999995],[140.90565299999997,41.5326451],[140.90909699999997,41.535512000000004],[140.9077057,41.54422649999999],[140.9097669,41.5414675],[140.9122902,41.5464509],[140.9186765,41.54683049999999],[140.92477139999997,41.53414539999999],[140.952615,41.521967],[140.973284,41.498943],[141.00191899999996,41.485734],[141.06631899999996,41.48239099999999],[141.094602,41.467349],[141.112814,41.462948],[141.11158799999998,41.45960399999999],[141.11979999999997,41.455787],[141.12086999999997,41.448890000000006],[141.133248,41.436589999999995],[141.14300799999998,41.433471999999995],[141.1566513,41.41728789999999],[141.168831,41.412452],[141.19276069999998,41.3871483],[141.230075,41.367445999999994],[141.238241,41.364121899999994],[141.24036679999998,41.36689429999999],[141.2393412,41.36368699999999],[141.27208299999998,41.354373],[141.309664,41.35114299999999],[141.3574077,41.36376750000001],[141.40265399999998,41.383218],[141.46085099999996,41.43093499999999],[141.46504599999997,41.429591],[141.463672,41.42418099999999],[141.469012,41.418567],[141.46112,41.415453],[141.463667,41.40227500000001],[141.45527229999996,41.40141489999999],[141.4527522,41.396241],[141.460672,41.38936999999999],[141.46040999999997,41.380976],[141.4521152,41.371757],[141.4525817,41.3744178],[141.449858,41.372943],[141.44149599999997,41.355177],[141.40782099999998,41.248749],[141.4036644,41.2272899],[141.4080381,41.225145000000005],[141.40304240000003,41.2255413],[141.4024578,41.2225761],[141.4089931,41.22495129999999],[141.403888,41.2228951],[141.40071409999996,41.2138456],[141.4046596,41.2092543],[141.4005456,41.211081300000004],[141.39873889999998,41.2061596],[141.4041643,41.2052217],[141.40826139999996,41.20936729999999],[141.4044044,41.2049468],[141.3989995,41.20494349999999],[141.3944075,41.19376189999999],[141.39397229999997,41.1887754],[141.3990533,41.1880124],[141.400381,41.1827157],[141.39369699999997,41.1877218],[141.3928735,41.184500099999994],[141.3969719,41.1841166],[141.391312,41.18046300000001],[141.38890799999996,41.14887299999999],[141.39151099999998,41.13755699999999],[141.39660549999996,41.1369192],[141.3966541,41.13380119999999],[141.3925529,41.1365723],[141.39145919999999,41.133322199999995],[141.3958633,41.1323516],[141.39286799999996,41.113972],[141.3986656,41.10270799999999],[141.3960729,41.10505890000001],[141.3956469,41.101393699999996],[141.39291039999998,41.1032792],[141.39439589999998,41.099744399999985],[141.4003757,41.1020305],[141.39227199999996,41.07821],[141.385201,41.013161],[141.38616547764133,40.97989806962013],[180.0,40.97989806962013]],[[140.87804799999998,41.009963000000006],[140.87138899999997,41.01255999999999],[140.87101999999996,41.017136],[140.875043,41.01492600000001],[140.87804799999998,41.009963000000006]],[[139.816915,41.36416100000001],[139.80852699999997,41.353858],[139.803378,41.355208],[139.79903599999997,41.35211700000001],[139.799959,41.35764399999999],[139.794255,41.357563],[139.803275,41.365724],[139.816915,41.36416100000001]],[[139.34042599999998,41.495142],[139.334435,41.517990000000005],[139.34059,41.52521800000001],[139.37279099999998,41.523722],[139.3839345,41.5088491],[139.3720843,41.501384099999996],[139.34042599999998,41.495142]],[[139.4629,42.215797],[139.47276699999998,42.222033999999994],[139.522361,42.230073],[139.527712,42.234005],[139.5362994,42.232866],[139.5499568,42.2389897],[139.55872,42.252759],[139.5634115,42.2342844],[139.560546,42.226848999999994],[139.5510283,42.2184817],[139.551028,42.210121],[139.544779,42.202622],[139.531061,42.19520800000001],[139.5170542,42.1762169],[139.51654999999997,42.159355],[139.52262399999998,42.154016],[139.5177165,42.1429894],[139.519749,42.135969],[139.505945,42.107789],[139.50494799999998,42.09781999999999],[139.485438,42.07423],[139.454822,42.066794],[139.45217499999998,42.063557],[139.45437,42.061946],[139.452995,42.05840560000001],[139.4537816,42.0617229],[139.4504221,42.0608842],[139.451301,42.055405],[139.4570683,42.0604829],[139.45034529999998,42.0519262],[139.443453,42.064237],[139.420782,42.071738],[139.42539299999999,42.10146],[139.41748,42.11499799999999],[139.42279969999998,42.136970999999996],[139.405003,42.16471],[139.4113465,42.1700167],[139.407474,42.177919],[139.419749,42.19466799999999],[139.42491199999998,42.196397],[139.425336,42.205226999999994],[139.435473,42.215900999999995],[139.44677199999998,42.216497999999994],[139.448145,42.21911600000001],[139.4629,42.215797]],[[135.2785853,43.681342699999995],[135.28107199999997,43.67745499999999],[135.2766137,43.6762295],[135.2755998,43.6772641],[135.2785853,43.681342699999995]],[[141.3356465,44.430099600000005],[141.3186988,44.415216799999996],[141.2942542,44.4127684],[141.29303479999996,44.421771299999996],[141.3071302,44.4272888],[141.32663450000004,44.44231739999999],[141.3356465,44.430099600000005]],[[141.142468,45.193879],[141.13547699999998,45.199713],[141.13939559999997,45.20460359999999],[141.13254599999996,45.213788],[141.141613,45.223685999999994],[141.150896,45.225402],[141.15592,45.235002],[141.171176,45.238736],[141.179274,45.25104699999999],[141.184978,45.253274],[141.187526,45.250661999999984],[141.189195,45.256804],[141.19915,45.25972899999999],[141.202796,45.254736],[141.21494399999997,45.252216999999995],[141.225033,45.244797],[141.232197,45.246763],[141.2312932,45.242575],[141.22722599999997,45.24307],[141.22942789999996,45.2354878],[141.2533987,45.2354449],[141.264348,45.23012669999999],[141.270426,45.235493],[141.280411,45.23077399999999],[141.2824488,45.22341670000001],[141.295556,45.220315],[141.303303,45.214865],[141.312101,45.200678],[141.318463,45.197076],[141.324613,45.183661],[141.33039399999998,45.15014699999999],[141.3107421,45.1377512],[141.308685,45.13005900000001],[141.29216299999996,45.12272999999998],[141.28576900000002,45.109069],[141.280118,45.106906],[141.274575,45.11067599999999],[141.23647599999998,45.09717499999999],[141.22706879999998,45.09995369999999],[141.22703499999997,45.105456],[141.20207,45.115354999999994],[141.19310499999997,45.124767999999996],[141.180015,45.128018999999995],[141.16600500000004,45.137183],[141.161739,45.146346],[141.151804,45.15196],[141.15130199999996,45.156851],[141.141168,45.16164599999998],[141.13548999999998,45.17762199999999],[141.13979099999997,45.181441],[141.12683799999996,45.185955],[141.13059469999996,45.1916368],[141.1300323,45.1880938],[141.1340436,45.19014039999999],[141.1354982,45.18666189999999],[141.142468,45.193879]],[[141.022768,45.309639999999995],[141.00242100000003,45.32819800000001],[140.99945,45.351727],[140.98305,45.37962400000001],[140.98337399999997,45.383906999999994],[140.990805,45.386306999999995],[140.984714,45.39847],[140.991679,45.40806799999999],[140.98930770000004,45.411345],[140.984405,45.41066699999999],[140.986534,45.414145],[140.982577,45.415474999999994],[140.993441,45.41876],[140.99440599999997,45.423831],[140.98252,45.435334999999995],[140.966432,45.43838900000001],[140.976846,45.447631],[140.973491,45.45213799999999],[140.96755699999997,45.452902],[140.96725999999998,45.464209999999994],[140.97123199999996,45.458634],[140.978127,45.456402999999995],[140.9745353,45.456674],[140.98727399999999,45.446013],[140.98767699999996,45.44147300000001],[141.00297699999996,45.433997],[141.0170934,45.4333916],[141.035669,45.440575999999986],[141.033087,45.46105],[141.04444,45.455754799999994],[141.04159609999996,45.45568939999999],[141.052423,45.447212],[141.0675,45.423571],[141.0622949,45.4216321],[141.05627979999997,45.406804599999994],[141.058651,45.395779],[141.0543013,45.3885555],[141.05924699999997,45.37811899999999],[141.059308,45.35309099999999],[141.049638,45.338469],[141.057244,45.318796999999996],[141.044882,45.29502],[141.04656199999997,45.27837100000001],[141.042776,45.273982],[141.027111,45.27341800000001],[141.01461,45.28420799999999],[141.025634,45.291158],[141.022768,45.309639999999995]],[[140.970912,45.479665],[140.969423,45.47528],[140.96362,45.475156],[140.96346699999998,45.480124999999994],[140.970912,45.479665]],[[141.2108159,46.25100989999999],[141.21965679999997,46.256811600000006],[141.2133318,46.2835279],[141.2176569,46.286522299999994],[141.2186801,46.2817696],[141.2279055,46.28167969999999],[141.2340747,46.2883156],[141.23703989999998,46.280749199999995],[141.2454043,46.279360700000005],[141.243048,46.26590329999999],[141.2479833,46.261513199999996],[141.2538072,46.2636184],[141.2532654,46.25726149999999],[141.26292049999998,46.2481998],[141.25697219999998,46.2396368],[141.24272349999998,46.237453699999996],[141.2295967,46.225708999999995],[141.22012849999996,46.227820599999994],[141.2176923,46.2252408],[141.21140599999998,46.229613],[141.2183368,46.2334611],[141.2108159,46.25100989999999]],[[140.87729389999998,51.4220653],[140.8689496,51.423962],[140.8712214,51.4288287],[140.86368439999998,51.433119700000006],[140.8637863,51.43781150000001],[140.8690971,51.437410199999995],[140.875175,51.42733700000001],[140.891059,51.42579839999999],[140.87729389999998,51.4220653]],[[140.8187836,51.4657067],[140.81101149999998,51.4632281],[140.8098899,51.4640265],[140.81590529999997,51.4671736],[140.8187836,51.4657067]],[[141.2004381,52.3922705],[141.19691629999997,52.4002171],[141.2048214,52.401104899999986],[141.2190099,52.387402],[141.20767349999997,52.3834079],[141.1980104,52.384920399999984],[141.2004381,52.3922705]],[[141.1804857,52.4004143],[141.1738628,52.4061346],[141.18941659999996,52.4022961],[141.1804857,52.4004143]],[[141.2988353,52.513184800000005],[141.2810683,52.5127474],[141.28211969999998,52.51842109999999],[141.30289079999997,52.51577040000001],[141.2988353,52.513184800000005]],[[141.19571410000003,53.388072599999994],[141.2043622,53.38986160000001],[141.21914509999996,53.384204200000006],[141.2095781,53.386219000000004],[141.2072974,53.3838231],[141.19571410000003,53.388072599999994]],[[141.31673939999996,53.378915799999994],[141.3086308,53.374247],[141.31153039999998,53.381301699999995],[141.2972971,53.3888822],[141.3068795,53.3802972],[141.307521,53.3746048],[141.29113259999997,53.38228839999999],[141.2812766,53.382443099999996],[141.2543395,53.40034090000001],[141.2489298,53.399501400000005],[141.2351834,53.41063429999999],[141.2309594,53.408690699999994],[141.2109881,53.41452129999999],[141.20634899999996,53.421372299999994],[141.20061339999998,53.4176792],[141.2057267,53.4179662],[141.1995389,53.4167464],[141.19472209999998,53.4228682],[141.1905461,53.418393],[141.197091,53.4189873],[141.1881638,53.41681789999999],[141.1817167,53.42880720000001],[141.1789007,53.4274826],[141.1641538,53.4357608],[141.15220589999998,53.43565350000001],[141.1115134,53.4466212],[141.1369371,53.440077900000006],[141.1685014,53.439221599999996],[141.1848903,53.4353391],[141.21734760000004,53.41976789999999],[141.2997869,53.38965569999999],[141.3217471,53.3789375],[141.3258179,53.37219210000001],[141.31673939999996,53.378915799999994]],[[141.0701096,53.436408],[141.0679063,53.4392832],[141.0709833,53.4436214],[141.0807506,53.447286600000005],[141.0840816,53.443638199999995],[141.0830371,53.4407798],[141.0818515,53.4448656],[141.0696001,53.43916550000001],[141.0701096,53.436408]],[[137.7986344,54.343712200000006],[137.7990763,54.34859269999999],[137.8053838,54.3524121],[137.8170999,54.3535589],[137.82191319999998,54.342645399999995],[137.8076364,54.34395339999999],[137.791982,54.3374933],[137.784863,54.34041500000001],[137.7870091,54.3450426],[137.7986344,54.343712200000006]],[[139.7640069,54.351924000000004],[139.76650799999996,54.35522929999999],[139.77599229999998,54.35499479999999],[139.7800693,54.35843740000001],[139.7843011,54.3532963],[139.80868679999998,54.35348760000001],[139.8016714,54.34326839999999],[139.7656379,54.336200399999996],[139.7544273,54.341199],[139.7539,54.3467726],[139.7597552,54.34966399999999],[139.7576064,54.3526954],[139.7640069,54.351924000000004]],[[137.8409957,54.37100180000001],[137.84396139999998,54.3676514],[137.8356617,54.368365499999996],[137.8353849,54.3694577],[137.8409957,54.37100180000001]],[[137.85799449999996,54.441729300000006],[137.8539561,54.4381769],[137.8534742,54.41551489999999],[137.8492667,54.4139978],[137.8405856,54.3983511],[137.8347585,54.3953861],[137.8351324,54.38784749999999],[137.829853,54.38258930000001],[137.81613859999996,54.3805499],[137.8117291,54.37542239999999],[137.7996598,54.37882119999999],[137.78499099999996,54.370646],[137.76319689999997,54.37259389999999],[137.75456329999997,54.36565039999999],[137.7432714,54.36597809999999],[137.73291429999998,54.3576099],[137.7124715,54.35544530000001],[137.70969239999997,54.36773],[137.7030685,54.37316460000001],[137.7115055,54.3734953],[137.7173081,54.37909440000001],[137.7366672,54.383241100000006],[137.73941209999998,54.38611749999999],[137.73581649999997,54.3873608],[137.7412681,54.3917037],[137.7569844,54.3916324],[137.77289529999996,54.3974338],[137.7782017,54.40726269999999],[137.7907012,54.41167889999999],[137.7922146,54.41618760000001],[137.8248205,54.43280070000001],[137.8273618,54.437887],[137.8224667,54.4392179],[137.8242683,54.4440215],[137.82020139999997,54.4480106],[137.8382556,54.46995989999999],[137.84153779999997,54.485451299999994],[137.8687474,54.49276749999999],[137.8978191,54.49004289999999],[137.9155808,54.4958823],[137.9501696,54.4666725],[137.9542808,54.4597039],[137.9399526,54.454808199999995],[137.92099739999998,54.45411279999999],[137.85799449999996,54.441729300000006]],[[137.98467320000003,54.4590085],[137.9937012,54.4625506],[137.9921364,54.45719679999999],[137.98467320000003,54.4590085]],[[137.6555456,54.500358199999994],[137.6512243,54.4967686],[137.6622485,54.4887436],[137.6557721,54.4835876],[137.64618639999998,54.4827311],[137.64784939999998,54.4675358],[137.6319074,54.4636503],[137.6238631,54.44799259999999],[137.60513849999998,54.43232],[137.6171364,54.4193333],[137.6305724,54.4147597],[137.63097409999997,54.4114894],[137.63698689999998,54.40917730000001],[137.6376065,54.4035712],[137.6458418,54.402878599999994],[137.6427987,54.3994187],[137.65241039999998,54.3948756],[137.6503152,54.3919969],[137.6571457,54.3892188],[137.6559747,54.3870579],[137.6592921,54.38755749999999],[137.6558233,54.378806],[137.64297969999998,54.38751859999999],[137.63963349999997,54.39363359999999],[137.616425,54.401473],[137.6076677,54.3971459],[137.617533,54.39055359999999],[137.5955275,54.3821566],[137.56913199999997,54.38439679999999],[137.5667826,54.3925736],[137.5550661,54.396426399999996],[137.54829659999996,54.3951003],[137.5391415,54.404212],[137.54449299999996,54.4090253],[137.5537527,54.41041379999999],[137.5702136,54.4240182],[137.5914806,54.452364200000005],[137.5871606,54.466694],[137.5709077,54.4649015],[137.5657782,54.46799599999999],[137.57066239999997,54.4813651],[137.56030629999998,54.4862154],[137.5685891,54.5015148],[137.5589545,54.5036196],[137.5538717,54.508970599999984],[137.5736207,54.52609180000001],[137.5723364,54.5338379],[137.5868065,54.53648859999999],[137.5911345,54.54056729999999],[137.5893517,54.54638899999999],[137.6005605,54.5466997],[137.60904159999998,54.5556379],[137.62364789999998,54.55864309999998],[137.6229346,54.5524837],[137.618242,54.5522188],[137.6162702,54.54886750000001],[137.6191639,54.5450665],[137.62671359999996,54.54428949999999],[137.62496229999996,54.54206550000001],[137.6297687,54.5379759],[137.6386018,54.5361744],[137.63316049999997,54.5346621],[137.63125559999997,54.5291489],[137.6370466,54.526334],[137.6344721,54.5152902],[137.6410056,54.508709199999984],[137.6536414,54.50635879999999],[137.6555456,54.500358199999994]],[[139.2716546,54.600469100000005],[139.2447669,54.5817332],[139.2157236,54.5805542],[139.2121818,54.592437699999984],[139.24349299999997,54.59377610000001],[139.26346639999997,54.6033893],[139.2788783,54.6151581],[139.2716546,54.600469100000005]],[[137.0828614,54.60557910000001],[137.079345,54.596437],[137.07038089999998,54.59470679999999],[137.0668567,54.59898529999999],[137.0582306,54.60150550000001],[137.05893419999998,54.60722249999999],[137.07379849999998,54.61146120000001],[137.0769578,54.6151944],[137.081539,54.612908],[137.0951056,54.614834],[137.0828614,54.60557910000001]],[[136.3489774,54.677992200000006],[136.33036319999997,54.67551819999999],[136.3295444,54.664865],[136.3358728,54.6573233],[136.3661189,54.644695600000006],[136.4145176,54.6357408],[136.426414,54.6362113],[136.4301597,54.6402438],[136.4498692,54.641275],[136.4554065,54.6515669],[136.4661142,54.6417013],[136.45763889999998,54.6344906],[136.45505179999998,54.62431380000001],[136.4409964,54.63053670000001],[136.37803199999996,54.63478680000001],[136.357381,54.6414741],[136.3507364,54.6470755],[136.333638,54.65055530000001],[136.3155603,54.6489979],[136.3057922,54.6529804],[136.287918,54.649705],[136.2860551,54.66077359999999],[136.27845669999996,54.6635714],[136.280108,54.674024700000004],[136.26952449999996,54.6813377],[136.2587788,54.680394199999995],[136.2633133,54.694590600000005],[136.27647689999998,54.70204549999999],[136.2854553,54.6965414],[136.3037458,54.6932086],[136.3318627,54.697105],[136.3328788,54.6917033],[136.3489774,54.677992200000006]],[[137.18572379999998,54.68268820000001],[137.18872009999998,54.6877823],[137.2040784,54.69001479999999],[137.18572379999998,54.68268820000001]],[[138.20292829999997,54.69885730000001],[138.1803501,54.7109077],[138.18142839999996,54.71639499999999],[138.1975847,54.7220488],[138.2259332,54.72338919999999],[138.24644649999996,54.71525849999998],[138.24443759999997,54.710348],[138.20292829999997,54.69885730000001]],[[136.3668565,54.79447350000001],[136.35489119999997,54.788516200000004],[136.35086059999998,54.79106669999999],[136.3645338,54.7961244],[136.3668565,54.79447350000001]],[[136.3160682,54.824416299999996],[136.3166819,54.8202252],[136.3084897,54.8240601],[136.3160682,54.824416299999996]],[[137.6319873,55.1966668],[137.65187029999998,55.184317099999994],[137.6666254,55.183554],[137.6775819,55.176468199999995],[137.69166649999997,55.174023],[137.7025348,55.1646735],[137.7108014,55.1630647],[137.73428850000002,55.148868400000005],[137.763095,55.1421189],[137.7866864,55.1444503],[137.83419499999997,55.1319907],[137.8791153,55.1266401],[137.8930414,55.1302194],[137.9144025,55.1430891],[137.9223981,55.1433236],[137.9315901,55.14016720000001],[137.9451889,55.12921649999999],[137.9400873,55.1269836],[137.93952939999997,55.12176610000001],[137.95899419999998,55.10287129999998],[137.9993879,55.079827699999996],[138.05254429999997,55.05502169999999],[138.0747986,55.0482059],[138.1065291,55.051573999999995],[138.12341089999998,55.0455936],[138.1698078,55.0384657],[138.20842619999996,55.0338637],[138.21718099999998,55.035446999999984],[138.22154219999996,55.0243876],[138.20252,55.01767730000001],[138.19234369999998,55.00229660000001],[138.1799023,54.9947779],[138.1533363,54.99606270000001],[138.12709630000003,55.0021366],[138.09374969999996,54.98469],[138.0769014,54.980776799999994],[138.06406969999998,54.9696423],[138.06242419999998,54.961801799999996],[138.05790599999997,54.95887590000001],[138.0574232,54.94079649999999],[138.035869,54.9448992],[138.0278572,54.9400631],[138.0250812,54.9320073],[137.9971791,54.920586699999994],[137.998298,54.88859999999999],[137.9926586,54.869556800000005],[138.00440129999998,54.8459938],[138.00050679999998,54.83969389999999],[138.0109245,54.8251304],[138.0076629,54.823307],[138.0082315,54.80078069999998],[137.9997504,54.7857036],[137.9836786,54.7702975],[137.9595548,54.7666412],[137.9510495,54.75259309999999],[137.9182285,54.76275520000001],[137.8901231,54.758368],[137.8700987,54.7435126],[137.8617374,54.7318588],[137.85889029999998,54.7170281],[137.8448558,54.705079299999994],[137.8357092,54.701230299999985],[137.81539549999997,54.7016805],[137.8100278,54.69922259999999],[137.80375000000004,54.68699999999999],[137.7925873,54.6879606],[137.7788859,54.68462220000001],[137.7690176,54.67610919999999],[137.76579739999997,54.6671552],[137.74815019999997,54.662866699999995],[137.73101449999996,54.6462212],[137.73240629999998,54.63578949999999],[137.72350649999998,54.631816],[137.7220129,54.6207812],[137.70075,54.61475],[137.6969485,54.619423600000005],[137.70058949999998,54.6224838],[137.6989923,54.62928920000001],[137.6902985,54.6415153],[137.6758468,54.644675299999996],[137.6653647,54.6425956],[137.6577756,54.6513245],[137.654034,54.66354069999999],[137.64344949999997,54.6747252],[137.63907339999997,54.692164000000005],[137.6272968,54.69751589999999],[137.62461789999998,54.71867739999999],[137.617669,54.733800699999996],[137.6111939,54.7375254],[137.595629,54.73789539999999],[137.5899484,54.7600522],[137.5824013,54.76954859999999],[137.5594765,54.769773],[137.550196,54.77693],[137.5528675,54.7868852],[137.5463976,54.8011837],[137.5202894,54.83410359999999],[137.49274849999998,54.8588068],[137.4900448,54.8684023],[137.4723959,54.86803179999999],[137.4410838,54.8571455],[137.4186551,54.85579920000001],[137.39692929999998,54.843918099999996],[137.387799,54.8296914],[137.37256409999998,54.817713],[137.37495659999996,54.81260029999999],[137.352359,54.81181209999999],[137.3294878,54.796609200000006],[137.30764389999996,54.793361899999994],[137.3013461,54.788914399999996],[137.3055062,54.7845235],[137.3050743,54.777326],[137.2943723,54.775383],[137.2921783,54.7711748],[137.2691448,54.76437649999999],[137.25171449999996,54.7654652],[137.2420907,54.76081639999999],[137.2352672,54.761769699999995],[137.2466612,54.775859499999996],[137.2490028,54.79014850000001],[137.2533667,54.7910516],[137.2617566,54.80918129999999],[137.2710049,54.853254699999994],[137.277807,54.865302799999995],[137.2852421,54.870489],[137.2867226,54.8804829],[137.2969794,54.8922576],[137.3021936,54.90559569999999],[137.340517,54.94014169999999],[137.3654294,54.95211460000001],[137.3784756,54.96341259999999],[137.3954809,54.9717885],[137.39777679999997,54.976388400000005],[137.3914522,54.984515299999984],[137.4077654,54.99815509999999],[137.4515605,55.013586600000004],[137.47884389999996,55.0318838],[137.49116059999997,55.04656469999999],[137.48769519999996,55.058075800000005],[137.5091636,55.0745776],[137.5019324,55.08248199999999],[137.5124252,55.090698],[137.51866309999997,55.10256129999999],[137.512747,55.10903369999999],[137.5045985,55.111617300000006],[137.5163895,55.1274054],[137.5556391,55.15837919999999],[137.5578847,55.1679736],[137.5521433,55.17704500000001],[137.55610759999996,55.18158919999999],[137.61951679999999,55.1878204],[137.6319873,55.1966668]],[[136.92763489999996,54.9113993],[136.92939549999997,54.9019101],[136.9187972,54.904507999999986],[136.92763489999996,54.9113993]],[[136.5411232,54.958267699999986],[136.5566258,54.9598755],[136.56539769999998,54.956161200000004],[136.5672704,54.95009120000001],[136.55188099999998,54.95550870000001],[136.5264701,54.951562599999995],[136.5193024,54.94397990000001],[136.50109289999997,54.9536642],[136.5000518,54.957404399999994],[136.50443129999996,54.961706500000005],[136.5411232,54.958267699999986]],[[137.08641530000003,55.0147185],[137.0692277,55.00477019999999],[137.0682728,54.9922529],[137.0634448,54.990080199999994],[137.06228609999997,54.9816465],[137.0560205,54.9798856],[137.0557308,54.97596969999999],[137.06367009999997,54.965445100000004],[137.08341119999997,54.9544558],[137.09060489999996,54.95373190000001],[137.08820699999998,54.9486426],[137.0926809,54.9453984],[137.08329859999998,54.9399106],[137.0837599,54.932375599999986],[137.06561210000004,54.9259212],[137.0620984,54.91556239999999],[137.03355429999996,54.9123463],[137.0195344,54.916632299999996],[137.00998039999996,54.9126886],[136.9979989,54.9179735],[136.980169,54.91628000000001],[136.96943339999999,54.91880900000001],[136.94136679999997,54.9144863],[136.9309705,54.92093479999999],[136.9342643,54.926038299999995],[136.9280577,54.9344899],[136.9436574,54.9363451],[136.9445693,54.942157],[136.9307192,54.9534523],[136.90942469999996,54.96119749999999],[136.9000394,54.960684900000004],[136.8952596,54.955712600000005],[136.868754,54.951252],[136.860584,54.9526568],[136.8710446,54.9425729],[136.8787533,54.94094599999999],[136.8786406,54.9441721],[136.8889377,54.95352239999998],[136.87788959999997,54.93851159999999],[136.8643016,54.937864399999995],[136.8396199,54.9467417],[136.82345149999998,54.9434665],[136.820823,54.934892],[136.8311428,54.93033439999999],[136.82659509999996,54.9253262],[136.8092626,54.9251074],[136.80430049999998,54.92867999999999],[136.7875528,54.9301503],[136.7749089,54.93534969999999],[136.7628765,54.9321506],[136.75694079999997,54.92606909999999],[136.7635109,54.92339650000001],[136.7597008,54.9188553],[136.7620772,54.91221680000001],[136.7705463,54.9077946],[136.7700514,54.90321769999999],[136.7760931,54.8971751],[136.78620220000002,54.89363029999999],[136.7750484,54.8937817],[136.7591509,54.8821108],[136.75298989999996,54.881615499999995],[136.70615849999996,54.8973633],[136.69374529999996,54.890073300000005],[136.6916692,54.896959200000005],[136.67273689999996,54.898089299999995],[136.66770639999996,54.9124496],[136.6782743,54.916878999999994],[136.683054,54.9237972],[136.6857791,54.94191659999999],[136.6818201,54.9507807],[136.7127192,54.96769309999999],[136.7437577,54.9778846],[136.76696419999996,54.9903941],[136.77614809999997,55.0000505],[136.77352219999997,55.00416880000001],[136.7858228,55.0130237],[136.8487072,55.02512560000001],[136.8934572,55.03983969999999],[136.9004953,55.0448436],[136.9030273,55.0527724],[136.94688679999996,55.0668006],[136.99793459999998,55.093577499999995],[137.0136416,55.1063455],[137.0541322,55.1081867],[137.0892477,55.1047682],[137.1697596,55.11896529999999],[137.18913449999997,55.1169666],[137.19537729999996,55.1088158],[137.16856599999997,55.090710300000005],[137.1562707,55.07564630000001],[137.1416044,55.071346600000005],[137.1389866,55.0647424],[137.13237759999998,55.0609576],[137.12862249999998,55.0426891],[137.11311939999996,55.03476760000001],[137.1100241,55.0171975],[137.08641530000003,55.0147185]],[[138.4241449,55.060344],[138.4168269,55.047777999999994],[138.40673819999998,55.04340830000001],[138.386382,55.04941589999999],[138.3666171,55.05062249999999],[138.35472150000004,55.05701650000001],[138.34095509999997,55.05946509999999],[138.3319076,55.059381699999996],[138.3220215,55.054214],[138.3260345,55.08309489999999],[138.3305276,55.08876359999999],[138.3679313,55.096386800000005],[138.4081472,55.0937022],[138.42570279999998,55.087452600000006],[138.4293785,55.07898279999999],[138.4241449,55.060344]],[[139.8428109,57.4504913],[139.84977559999996,57.45225659999999],[139.8543047,57.446400899999986],[139.8428109,57.4504913]],[[144.87305000000003,42.965001],[144.88027499999998,42.957355],[144.863923,42.946512],[144.87305000000003,42.965001]],[[145.11675199999996,43.052423],[145.097569,43.045205],[145.095229,43.045892],[145.09654,43.053069],[145.11675199999996,43.052423]],[[145.150148,43.074743],[145.150671,43.070135999999984],[145.12494689999997,43.0673791],[145.12915,43.070530000000005],[145.12767299999996,43.07547999999999],[145.119887,43.078517999999995],[145.1157466,43.0759204],[145.121435,43.082266999999995],[145.13425229999999,43.08513399999999],[145.138265,43.080758],[145.160603,43.084596999999995],[145.165209,43.078323],[145.17272599999998,43.076165],[145.156828,43.077740999999996],[145.150148,43.074743]],[[145.6091136,43.21392529999999],[145.5964184,43.2047154],[145.58722209999996,43.2075324],[145.58742060000003,43.2148395],[145.5952729,43.2212612],[145.5993048,43.21693249999999],[145.60408469999996,43.2178334],[145.6030652,43.2143557],[145.6091136,43.21392529999999]],[[145.60091099999997,43.228342000000005],[145.60736,43.23060699999999],[145.613582,43.225988999999984],[145.606398,43.224357],[145.60091099999997,43.228342000000005]],[[145.94994259999999,43.4522715],[145.9379035,43.449271800000005],[145.9343845,43.4394355],[145.9554519,43.4251242],[145.9333508,43.4222617],[145.91267469999997,43.4262063],[145.905428,43.4174889],[145.8994366,43.41650940000001],[145.9048319,43.41919219999999],[145.9019861,43.42580890000001],[145.89638690000004,43.4277753],[145.89284099999998,43.4233517],[145.8908442,43.4285292],[145.89917239999997,43.434006499999995],[145.89678790000002,43.44619709999999],[145.8824931,43.45243309999999],[145.8723047,43.4492017],[145.8628965,43.4565526],[145.8777952,43.4558259],[145.88918659999996,43.462091099999995],[145.89456439999998,43.45016559999999],[145.9168106,43.44658259999999],[145.9273472,43.44846739999999],[145.9323862,43.4562698],[145.9450141,43.4565891],[145.94994259999999,43.4522715]],[[141.387525,43.806702],[141.412359,43.81470800000001],[141.43353999999997,43.826404],[141.44669699999997,43.82874300000001],[141.45686799999996,43.835748],[141.46643699999998,43.833048999999995],[141.4937499,43.8363709],[141.5103249,43.856381899999995],[141.53654939999998,43.859109200000006],[141.5324291,43.8567688],[141.53418220000003,43.854617399999995],[141.5292837,43.856818],[141.5287512,43.85403639999999],[141.5373689,43.85189259999999],[141.5441859,43.85500090000001],[141.5469089,43.8606829],[141.5585419,43.85802790000001],[141.5656872,43.867168099999994],[141.57858219999997,43.86958899999999],[141.58825189999996,43.8820879],[141.5975399,43.8844289],[141.6180553,43.91753059999999],[141.624914,43.91896199999999],[141.629127,43.925132999999995],[141.63387499999996,43.940003999999995],[141.628017,43.945972999999995],[141.63179799999997,43.95072799999999],[141.62962099999996,43.963063999999996],[141.63152499999998,43.952752999999994],[141.63465049999996,43.95278189999999],[141.63203799999997,43.951659],[141.63526,43.951913],[141.6372983,43.9457034],[141.64484619999996,43.9447541],[141.6462918,43.94195429999999],[141.6474002,43.9454006],[141.6407126,43.94741260000001],[141.6376611,43.95334689999999],[141.6431424,43.95595349999999],[141.640854,43.96091],[141.64546269999997,43.9711132],[141.63829109999998,43.9701325],[141.6331859,43.97435469999999],[141.6463125,43.975900800000005],[141.6501223,43.999404999999996],[141.658779,44.00528],[141.662845,44.05023299999999],[141.653251,44.140604999999994],[141.6534276,44.15811690000001],[141.65401729999996,44.154449299999996],[141.658489,44.163538],[141.652727,44.22346769999999],[141.657987,44.24216099999999],[141.647607,44.291892999999995],[141.64723239999998,44.31609269999999],[141.6540335,44.3195891],[141.648517,44.3141931],[141.6547072,44.3154827],[141.65336719999996,44.3175142],[141.65811519999997,44.316303899999994],[141.6550088,44.3180028],[141.66064920000002,44.3164293],[141.672065,44.323857],[141.690682,44.36422],[141.6978877,44.3709546],[141.70245939999998,44.36922479999999],[141.6973256,44.3721959],[141.70275,44.371403],[141.7004466,44.374516699999994],[141.706974,44.377950999999996],[141.710397,44.392978],[141.73657899999998,44.415648],[141.74633099999997,44.431161],[141.761477,44.478992999999996],[141.76438199999998,44.525924],[141.7631807,44.53341669999999],[141.7590979,44.5346571],[141.7636201,44.533547],[141.768256,44.557709],[141.7730819,44.5654118],[141.78030499999997,44.567830199999996],[141.78748779999998,44.5865283],[141.79172759999997,44.6647152],[141.7845611,44.7100831],[141.7771237,44.7255287],[141.7815875,44.7218089],[141.7852419,44.7217482],[141.7820446,44.7222682],[141.7844727,44.725116699999994],[141.7785157,44.7256011],[141.782758,44.728233],[141.77498449999996,44.7683384],[141.74715999999998,44.857108999999994],[141.741268,44.867402],[141.73599789999997,44.866908699999996],[141.74162499999997,44.868494],[141.7363993,44.87156180000001],[141.7383634,44.8767526],[141.73297409999998,44.87527999999999],[141.7340999,44.869736399999994],[141.73272629999997,44.8752774],[141.7369283,44.8775702],[141.7321849,44.87807359999999],[141.7375309,44.879302499999994],[141.736674,44.887322],[141.677881,45.00667],[141.636778,45.075154999999995],[141.6251798,45.08475459999999],[141.63095469999996,45.083084],[141.62892359999998,45.0867495],[141.6248538,45.0854017],[141.62819999999996,45.08861199999999],[141.58709,45.153677],[141.56892999999997,45.198277999999995],[141.571053,45.234733999999996],[141.6071495,45.268914],[141.61667469999998,45.284670799999994],[141.6188567,45.2992687],[141.6136622,45.308104],[141.61769,45.308153],[141.61158,45.31191679999999],[141.62079649999998,45.3123299],[141.63365539999998,45.3230894],[141.65096370000003,45.34285],[141.6566009,45.3554738],[141.65743549999996,45.3690208],[141.6365101,45.3919845],[141.63424179999998,45.4207977],[141.6431656,45.44894080000001],[141.666614,45.43765820000001],[141.6613363,45.4388298],[141.67562529999998,45.421013],[141.6837132,45.4198345],[141.67944279999998,45.417746300000005],[141.68564219999996,45.4142318],[141.67999809999998,45.412265999999995],[141.6783756,45.4147611],[141.6772794,45.4050354],[141.68134739999996,45.40317799999999],[141.678894,45.40995190000001],[141.6858562,45.410915399999986],[141.682834,45.40581799999999],[141.68608699999996,45.403512],[141.6885151,45.408833699999995],[141.6918065,45.4015161],[141.69428099999996,45.405086],[141.7001173,45.4026701],[141.702686,45.40528150000001],[141.70266779999997,45.4015508],[141.70643379999999,45.4014945],[141.70657480000003,45.4067822],[141.70841679999998,45.3961123],[141.7417774,45.40167640000001],[141.74631469999997,45.4136419],[141.7562432,45.40866580000001],[141.75555189999997,45.4118815],[141.7566258,45.4069248],[141.76705189999998,45.4041582],[141.802505,45.40827190000001],[141.837928,45.421851],[141.86463099999997,45.440641],[141.878537,45.461276999999995],[141.87256929999998,45.46549550000001],[141.875566,45.465064999999996],[141.873779,45.47372200000001],[141.879685,45.482353999999994],[141.87907499999997,45.49459279999999],[141.89202969999997,45.501885],[141.89223109999998,45.510578100000004],[141.91321199999996,45.517675999999994],[141.92519939999997,45.51885579999999],[141.92404449999998,45.5158737],[141.9366418,45.52293900000001],[141.9465173,45.5220772],[141.9422336,45.52087999999999],[141.944817,45.516494],[141.9499356,45.51881409999999],[141.961422,45.51049499999999],[141.96863999999997,45.484140999999994],[141.97763499999996,45.475394],[141.992812,45.462654],[142.01860699999997,45.453776999999995],[142.023999,45.446043],[142.024295,45.436751],[142.034984,45.430266],[142.034479,45.41805899999999],[142.04565999999997,45.405797],[142.076473,45.386774],[142.092619,45.3813447],[142.1684372,45.3399746],[142.17048,45.3415584],[142.1697968,45.338368599999995],[142.19228,45.31496799999999],[142.2401426,45.272414899999994],[142.273628,45.235586],[142.413907,45.11467999999999],[142.482214,45.061429],[142.504428,45.060022],[142.49846099999996,45.05167899999999],[142.50453499999998,45.044498999999995],[142.50942999999998,45.044419999999995],[142.50780199999997,45.040011],[142.51732859999998,45.0364329],[142.524054,45.029031],[142.534141,45.02857699999999],[142.53167,45.012420000000006],[142.542013,45.00204399999999],[142.536655,44.999709499999994],[142.540121,44.991127],[142.562929,44.97728599999999],[142.565767,44.96922399999999],[142.578277,44.961422999999996],[142.58475699999997,44.96141600000001],[142.5786438,44.9553784],[142.5795802,44.947620300000004],[142.5915367,44.9388856],[142.5852809,44.93433299999999],[142.5889753,44.9339329],[142.5879093,44.92692129999999],[142.5927889,44.92858199999999],[142.58745599999997,44.9263319],[142.5880937,44.919673100000004],[142.61586169999998,44.8935284],[142.6325107,44.887758399999996],[142.6359427,44.87555739999999],[142.65766329999997,44.84912229999999],[142.6575697,44.8425653],[142.6808261,44.8309385],[142.6838467,44.8205923],[142.70204469999996,44.807728299999994],[142.7015947,44.7973323],[142.7207949,44.7853075],[142.7330467,44.76528729999999],[142.77432669999996,44.73654319999999],[142.7774467,44.729198200000006],[142.80525569999998,44.7087182],[142.814955,44.7064658],[142.81894069999998,44.7098343],[142.8153297,44.70449519999999],[142.81922469999998,44.7000062],[142.8318047,44.69113719999999],[142.83758070000002,44.6913892],[142.852448,44.677737],[142.86280600000003,44.675133],[142.870421,44.662612],[142.893068,44.652043],[142.89895,44.643071],[142.917434,44.629007],[142.92745000000002,44.628851000000004],[142.933135,44.622898],[142.93239099999997,44.614467],[142.94440249999997,44.6085897],[142.9438174,44.6014328],[142.95468290000002,44.5988332],[142.9587931,44.591245199999996],[142.96426019999998,44.5905215],[142.9639197,44.58433159999999],[142.99020899999996,44.560295999999994],[143.045651,44.529432],[143.055875,44.527796],[143.06302599999998,44.53193999999999],[143.0625368,44.5202145],[143.082691,44.50735799999999],[143.209591,44.442963],[143.21937799999998,44.439275],[143.22324299999997,44.441486],[143.23278430000002,44.432007199999994],[143.2290091,44.4318995],[143.2280814,44.42746759999999],[143.236151,44.42049599999999],[143.331151,44.37572999999999],[143.348805,44.370549],[143.36891899999998,44.3509446],[143.3612088,44.3552455],[143.3569736,44.3526035],[143.36547729999998,44.3427818],[143.36374179999999,44.3386771],[143.3714959,44.3394659],[143.3765366,44.3337308],[143.38063229999997,44.3373182],[143.3753666,44.33246809999999],[143.372636,44.332383],[143.3863576,44.3229204],[143.43939299999997,44.297631],[143.535141,44.26072],[143.62090109999997,44.2311272],[143.62757259999998,44.2318203],[143.6316206,44.227724599999995],[143.69130699999997,44.208189],[143.783337,44.18453300000001],[143.7837888,44.1795752],[143.78874769999996,44.178673499999995],[143.7894632,44.181118399999995],[143.9296671,44.1468653],[144.0711617,44.1239765],[144.09779389999997,44.126513800000005],[144.10055149999997,44.12914469999999],[144.09933910000004,44.126199099999994],[144.10740519999996,44.123683],[144.10598159999998,44.1215313],[144.11949969999998,44.1165739],[144.2045204,44.1019047],[144.2343704,44.10593110000001],[144.2436901,44.1134458],[144.25001899999998,44.10934269999999],[144.2574781,44.0854311],[144.2517662,44.061767999999994],[144.2615642,44.0568964],[144.2548806,44.0384593],[144.2723429,44.0241882],[144.289209,44.02014499999999],[144.28566899999998,44.019463],[144.2900296,44.0161156],[144.28751459999998,44.01244609999999],[144.2800544,44.0111752],[144.2872017,44.006967399999986],[144.28861209999997,44.01021039999999],[144.286842,44.0040104],[144.3014556,43.991757],[144.29600469999997,43.9885963],[144.29843010000002,43.98262309999999],[144.345038,43.961562],[144.4038792,43.9448601],[144.4733018,43.93137509999999],[144.5898982,43.9184653],[144.6602805,43.9154676],[144.6632383,43.9194162],[144.71161039999998,43.91914130000001],[144.7952127,43.9313039],[144.80685009999996,43.9430838],[144.8348494,43.9518714],[144.8335803,43.96059149999999],[144.8488902,43.973681299999996],[144.88004230000004,43.9851211],[144.88543419999996,43.9912013],[144.91047519999998,44.00427059999999],[144.9244866,44.019439599999984],[144.9354586,44.04304489999999],[144.9453854,44.0395799],[144.9581715,44.048478700000004],[144.96042969999996,44.054970999999995],[144.9764484,44.0626414],[144.9763086,44.06760069999999],[144.98966169999997,44.067706],[144.9871458,44.07025759999999],[144.99259220000002,44.0704054],[144.98488,44.0709336],[144.9907338,44.0765094],[144.9940995,44.0759932],[144.9919636,44.0739082],[144.9972385,44.072623899999996],[144.99328349999996,44.07493399999999],[144.9982012,44.073683],[145.00588689999998,44.0795102],[145.01003679999997,44.085739999999994],[145.009154,44.09497000000001],[145.01525,44.100129],[145.01936759999998,44.0988713],[145.026289,44.10570799999999],[145.04101799999998,44.10768],[145.0554555,44.119815499999994],[145.0698281,44.1238983],[145.07950389999996,44.1367315],[145.0868021,44.1370121],[145.09780839999996,44.1481394],[145.11862549999998,44.1556135],[145.122565,44.160615],[145.120185,44.16343999999999],[145.1313324,44.164516799999994],[145.1359489,44.17061989999999],[145.1475862,44.174044],[145.1566848,44.1819893],[145.1920344,44.19556689999999],[145.2226271,44.235979900000004],[145.225498,44.248096],[145.2587467,44.27005320000001],[145.2667506,44.2835195],[145.27186009999997,44.282841899999994],[145.2810064,44.290091],[145.28094469999996,44.296833899999996],[145.2888584,44.2990097],[145.28619929999996,44.30376729999999],[145.28988499999997,44.3101049],[145.297103,44.308086],[145.30585199999996,44.31190900000001],[145.3103374,44.31888119999999],[145.3068485,44.3260531],[145.3099708,44.325310300000005],[145.31461719999996,44.3302934],[145.31434089999996,44.3364517],[145.3184863,44.3344753],[145.3204192,44.34078509999999],[145.3322299,44.3462465],[145.34493839999996,44.3385519],[145.3410553,44.3269667],[145.3520078,44.316319400000005],[145.34598079999998,44.30912159999999],[145.3489452,44.29426019999999],[145.35502949999997,44.2893163],[145.36094119999998,44.27279790000001],[145.36790080000003,44.271240500000005],[145.36708299999998,44.258647],[145.361214,44.255329],[145.361651,44.251028],[145.348037,44.242713],[145.348251,44.223043000000004],[145.33726599999997,44.213275],[145.32893299999998,44.191502],[145.31931699999998,44.187914],[145.306645,44.168823999999994],[145.29658099999997,44.164133],[145.28634999999997,44.15080799999999],[145.25949399999996,44.13298799999999],[145.240053,44.089354],[145.2453,44.072990299999994],[145.238715,44.057529],[145.222622,44.037148],[145.2050412,44.029370899999996],[145.2042872,44.02192],[145.20297269999998,44.02550790000001],[145.1988368,44.01884789999999],[145.19941069999996,44.0213456],[145.1945734,44.0194205],[145.1650608,43.9863802],[145.1655569,43.9899029],[145.15512609999996,43.9825283],[145.152528,43.974236],[145.142213,43.968458],[145.140514,43.96017899999998],[145.14014299999997,43.962900999999995],[145.12757399999998,43.946005],[145.118617,43.923076],[145.095991,43.895007],[145.0968238,43.87303609999999],[145.0953816,43.8754285],[145.093317,43.87245699999999],[145.09860400000002,43.861185],[145.092013,43.838755000000006],[145.08360699999997,43.820853],[145.061082,43.80591700000001],[145.06443099999998,43.796566999999996],[145.059055,43.78458799999999],[145.06895199999997,43.748169],[145.0936434,43.7266111],[145.12523899999997,43.67576600000001],[145.1386614,43.6660485],[145.1274193,43.66993709999999],[145.1335742,43.666450899999994],[145.13641,43.65280299999999],[145.142132,43.64754299999999],[145.2096033,43.6245898],[145.31642299999996,43.59997799999999],[145.332237,43.59294800000001],[145.343332,43.583315000000006],[145.3500852,43.566377299999985],[145.3411388,43.555278],[145.3231251,43.5499478],[145.2815294,43.5502472],[145.2943317,43.5523195],[145.2934599,43.5548426],[145.30419,43.552776],[145.281943,43.56193600000001],[145.30273699999998,43.557891999999995],[145.304961,43.56517399999999],[145.316075,43.56620699999999],[145.3132492,43.564802],[145.3291976,43.562084899999995],[145.3360909,43.5650721],[145.3305119,43.5656513],[145.34085449999998,43.5686209],[145.33156149999996,43.5684335],[145.341833,43.573499],[145.339696,43.585370999999995],[145.338091,43.579927999999995],[145.337856,43.585125999999995],[145.335849,43.583118000000006],[145.33841399999997,43.586918],[145.33285199999997,43.580332999999996],[145.321208,43.576019],[145.31915199999997,43.579316],[145.320801,43.576981999999994],[145.328361,43.580155],[145.31974799999998,43.582018],[145.32703199999997,43.58214300000001],[145.32360199999997,43.584146],[145.326688,43.585499],[145.32557599999998,43.58336],[145.33139,43.583797999999994],[145.333223,43.591362999999994],[145.329355,43.586088],[145.327775,43.59366700000001],[145.314714,43.593815],[145.315893,43.59768400000001],[145.30688999999998,43.600664],[145.308025,43.59874799999999],[145.299809,43.598003000000006],[145.303892,43.59487399999998],[145.27896199999998,43.59160000000001],[145.29136499999998,43.602458999999996],[145.288126,43.602992],[145.26841599999997,43.59346799999999],[145.262455,43.596613],[145.27213399999997,43.599217],[145.2728069,43.6037493],[145.240419,43.590683],[145.26594,43.603622],[145.266987,43.610308],[145.22942499999996,43.614382],[145.223942,43.620273000000005],[145.1997578,43.62492079999999],[145.1919913,43.620784099999995],[145.2001693,43.615823199999994],[145.2002498,43.6095293],[145.1946932,43.6062132],[145.19597299999998,43.59936100000001],[145.218978,43.587496],[145.2142634,43.5773402],[145.22482910000002,43.567525599999996],[145.22202500000003,43.5583214],[145.23617559999997,43.5402329],[145.2378428,43.541816299999994],[145.24516479999997,43.5244354],[145.2466601,43.5022504],[145.261173,43.45587199999999],[145.26291599999996,43.43615499999999],[145.27771,43.402111999999995],[145.28627299999997,43.38985999999999],[145.292313,43.38856629999999],[145.2878149,43.389161699999995],[145.2916608,43.388324],[145.29645199999996,43.373734000000006],[145.31555399999996,43.35084],[145.3481568,43.3245201],[145.37989669999996,43.3059598],[145.3896363,43.2889209],[145.4097669,43.29127609999999],[145.4731907,43.271254],[145.4810404,43.27345379999999],[145.48641129999996,43.26729569999999],[145.49313429999998,43.2666328],[145.51375699999997,43.296004],[145.5240927,43.30013679999999],[145.522272,43.307016],[145.531611,43.313809],[145.53740299999998,43.310877],[145.552843,43.31809499999999],[145.550345,43.324961],[145.56451499999997,43.32566500000001],[145.577245,43.333832],[145.5792379,43.3401392],[145.5870406,43.34126140000001],[145.58135299999998,43.346951],[145.6237714,43.36330190000001],[145.6277141,43.369170299999986],[145.638438,43.37358600000001],[145.63916,43.379788],[145.650666,43.39146699999999],[145.666501,43.39233399999999],[145.672713,43.386708],[145.67943199999996,43.38926399999999],[145.696572,43.38374000000001],[145.7213143,43.383199899999994],[145.72892900000002,43.386106],[145.73337499999997,43.393778000000005],[145.73600999999996,43.38979599999999],[145.74607999999998,43.389614],[145.75109199999997,43.3973],[145.757349,43.399479],[145.762839,43.39872499999999],[145.759961,43.39415699999999],[145.76486,43.39100500000001],[145.773641,43.39309899999999],[145.77323899999996,43.38976],[145.78565199999997,43.386250999999994],[145.78897759999998,43.389856699999996],[145.79045399999998,43.38695499999999],[145.808266,43.38797099999999],[145.817457,43.385397999999995],[145.806373,43.377181],[145.80615299999997,43.370514],[145.809574,43.37174799999999],[145.810999,43.367689],[145.800688,43.362085999999984],[145.789907,43.36123400000001],[145.785508,43.354332],[145.7586027,43.3419418],[145.7541782,43.33670059999999],[145.737704,43.338785],[145.73066199999997,43.328227],[145.723403,43.33588900000001],[145.707618,43.335127],[145.701876,43.328217],[145.688764,43.327639999999995],[145.68055299999997,43.323555],[145.676257,43.31882900000001],[145.680673,43.31461500000001],[145.676724,43.311527],[145.659391,43.321047],[145.627873,43.318337],[145.60839,43.30910299999999],[145.611122,43.30002700000001],[145.603107,43.293333999999994],[145.59735,43.294864],[145.59959,43.289069],[145.5906299,43.2780313],[145.5822832,43.2824065],[145.5752075,43.28049759999999],[145.580856,43.2827459],[145.58448759999996,43.28264649999999],[145.58260019999997,43.286464699999996],[145.58192289999997,43.284117699999996],[145.5679211,43.2830271],[145.56636119999996,43.2717764],[145.558415,43.26083700000001],[145.553703,43.234984],[145.54875529999998,43.2297105],[145.5503251,43.2227847],[145.55371759999997,43.22061789999999],[145.55400399999996,43.223565799999996],[145.55672499999997,43.219258],[145.54630799999998,43.21283],[145.53473639999999,43.21210799999999],[145.53014989999997,43.2086121],[145.5278244,43.2032235],[145.5311495,43.20249809999999],[145.5319956,43.20139699999999],[145.52930489999997,43.20268550000001],[145.52865029999998,43.199564699999996],[145.5342525,43.19915869999999],[145.5351886,43.194812999999996],[145.5294734,43.18605230000001],[145.51778569999996,43.18631059999999],[145.5155589,43.190281700000014],[145.50937950000002,43.1883373],[145.50817720000003,43.1779509],[145.51134379999996,43.1805388],[145.5106303,43.178099800000005],[145.523917,43.173768],[145.5201813,43.165109],[145.4956908,43.1586571],[145.49343429999996,43.166437800000004],[145.503015,43.16856419999999],[145.50302300000004,43.173336],[145.497184,43.180919],[145.4845512,43.1869439],[145.4229666,43.1877289],[145.3710896,43.18264090000001],[145.3513179,43.1774809],[145.3436194,43.1791891],[145.337206,43.173494999999996],[145.3256969,43.1734618],[145.3171414,43.166858],[145.310935,43.167438999999995],[145.30902740000002,43.1711753],[145.2917902,43.17216849999999],[145.248753,43.158849],[145.23043299999998,43.148923],[145.225315,43.141929000000005],[145.201746,43.135977999999994],[145.183458,43.13960699999999],[145.178204,43.14805299999999],[145.16921699999997,43.150298],[145.145703,43.144695],[145.13152999999997,43.13345799999999],[145.122244,43.13244],[145.112808,43.119419],[145.11006099999997,43.09926],[145.11784549999996,43.0812748],[145.116252,43.0779966],[145.100227,43.07782999999999],[145.08936199999997,43.06939299999999],[145.089309,43.057907],[145.084369,43.05360799999999],[145.08790999999997,43.049049999999994],[145.085864,43.044926000000004],[145.06014499999998,43.03989700000001],[145.05007099999997,43.030743],[145.031571,43.0294818],[145.03071569999997,43.0269266],[145.03388280000001,43.0271559],[145.0330602,43.0266946],[145.0296569,43.026870300000006],[145.029775,43.02289799999999],[145.0240633,43.0198891],[145.025544,43.013295],[145.030462,43.010841],[145.02487899999997,42.999986],[145.00144599999996,42.99100699999999],[144.993965,42.99359],[144.97349,42.98119500000001],[144.960589,42.980090999999994],[144.95532999999998,42.98537499999999],[144.946995,42.983101],[144.92889699999998,42.990483999999995],[144.92265499999996,42.98082200000001],[144.91899,42.985954],[144.90871499999997,42.98583000000001],[144.903709,42.98961599999999],[144.883552,42.984791],[144.876534,42.98588399999999],[144.8748467,42.9927621],[144.8675904,42.995191],[144.871508,42.99552179999999],[144.854154,43.001419],[144.85916999999998,43.00533300000001],[144.85326699999996,43.012411],[144.840596,43.01578],[144.832175,43.014196000000005],[144.83847299999996,43.024111],[144.83096139999998,43.0356475],[144.8353245,43.03682140000001],[144.8360526,43.0339001],[144.8412128,43.038171],[144.836665,43.0411237],[144.84352579999998,43.03925449999999],[144.8464674,43.04244829999998],[144.8414603,43.0437817],[144.85170199999996,43.04546199999999],[144.85405,43.048840999999996],[144.8258158,43.05827549999999],[144.80234739999997,43.0588879],[144.78361269999996,43.0548966],[144.7800225,43.0502413],[144.7822812,43.05336809999999],[144.77755509999997,43.0517645],[144.745211,43.02319],[144.726237,42.994526],[144.721997,42.98084599999999],[144.7244433,42.9737628],[144.72674599999996,42.97601559999999],[144.7284239,42.9714419],[144.73911599999997,42.967251],[144.747776,42.95556299999999],[144.756326,42.95426299999998],[144.759766,42.949753],[144.785163,42.938139],[144.781545,42.934124999999995],[144.753264,42.932629],[144.7204025,42.9352668],[144.7165294,42.93280529999999],[144.71953629999996,42.9350468],[144.674963,42.938900999999994],[144.664492,42.94512199999999],[144.640318,42.94577099999999],[144.629852,42.951275],[144.583827,42.948202],[144.571449,42.95044],[144.55145,42.94676499999999],[144.5317574,42.9504495],[144.5276165,42.9480115],[144.53193019999998,42.951206],[144.52841929999997,42.95136490000001],[144.485622,42.93941199999999],[144.46220899999997,42.944704],[144.4471977,42.943809200000004],[144.4451094,42.9473847],[144.44494309999996,42.94384800000001],[144.43976100000003,42.951937],[144.42362,42.952321999999995],[144.40452099999996,42.957617],[144.3936282,42.965487599999996],[144.3867428,42.9656964],[144.3938778,42.966113199999995],[144.38813019999998,42.9664472],[144.389568,42.96912399999999],[144.374505,42.967449],[144.3619886,42.9706526],[144.3551925,42.9763884],[144.3616683,42.9713888],[144.37079129999998,42.97472599999999],[144.36888959999996,42.9768287],[144.37278649999996,42.9757657],[144.37175180000003,42.9856045],[144.3674388,42.984494100000006],[144.36574,42.9903236],[144.3616866,42.9869311],[144.36261269999997,42.99453150000001],[144.3571091,42.99354280000001],[144.3593331,42.9880408],[144.35250039999997,42.9960893],[144.3415143,42.99036639999999],[144.35195119999997,42.997837399999995],[144.34056629999998,42.99388379999999],[144.3373901,42.994524799999986],[144.3402198,42.99920670000001],[144.334527,42.99567199999999],[144.32876349999998,42.9964142],[144.3286758,43.0006913],[144.32271,42.997166],[144.3237122,43.0013153],[144.32010759999997,43.00161549999999],[144.3189545,42.99721869999998],[144.31443339999998,42.99768199999999],[144.3135798,42.994501799999995],[144.31434979999997,43.002466600000005],[144.2717154,43.00374349999999],[144.176337,42.98639299999999],[144.128162,42.97025899999999],[144.0869446,42.94993479999999],[144.0843446,42.9511949],[144.0886153,42.95253259999999],[144.08197199999998,42.9529486],[144.0837094,42.950367199999995],[144.07844379999997,42.9526597],[144.027665,42.931896],[143.91731,42.87361400000001],[143.8224189,42.808164999999995],[143.8249878,42.7998923],[143.8210011,42.8074917],[143.81815319999998,42.803692600000005],[143.82403679999996,42.799364700000005],[143.81798359999996,42.803614599999996],[143.815069,42.802302],[143.6506,42.68356699999999],[143.6421433,42.67546089999999],[143.6474079,42.67004000000001],[143.6469985,42.665130899999994],[143.64144249999998,42.6757205],[143.6369859,42.672587299999996],[143.6453548,42.667778899999995],[143.6349113,42.6710677],[143.591407,42.636256],[143.52220399999996,42.57158899999999],[143.43847399999999,42.483167],[143.433722,42.477093],[143.43522679999998,42.47267089999999],[143.4320038,42.4767678],[143.43271,42.4719763],[143.43699489999997,42.471697999999996],[143.43019469999996,42.469987499999995],[143.397225,42.42834899999999],[143.3955497,42.4203552],[143.3915662,42.41869959999999],[143.39710569999997,42.420642300000004],[143.385727,42.411253],[143.3643552,42.37933460000001],[143.328223,42.316539000000006],[143.32596649999996,42.307665400000005],[143.335636,42.30392770000001],[143.34027609999998,42.3008831],[143.32769289999996,42.306867999999994],[143.332986,42.3028278],[143.3240686,42.299420299999994],[143.3287035,42.29489480000001],[143.3198143,42.2959091],[143.3217946,42.2860495],[143.3262318,42.292215999999996],[143.33980819999996,42.296065600000006],[143.3477411,42.30225539999999],[143.3401372,42.2958293],[143.3259696,42.29070200000001],[143.3205179,42.2824624],[143.3265808,42.2834044],[143.3196413,42.28101879999999],[143.308915,42.256776],[143.308101,42.243731000000004],[143.31646769999998,42.2335505],[143.31548399999997,42.227402],[143.3207728,42.22346689999999],[143.3211194,42.22715159999999],[143.3237243,42.222792799999986],[143.3198412,42.222324199999996],[143.3191901,42.2120492],[143.335979,42.201573],[143.33481559999998,42.178433],[143.32275,42.156785],[143.326182,42.15194],[143.32087999999996,42.144511],[143.3165579,42.1232606],[143.32309,42.11554099999999],[143.308105,42.079811],[143.312141,42.053912999999994],[143.30999199999997,42.047499],[143.300353,42.0440973],[143.2989054,42.03997669999999],[143.2999066,42.0438409],[143.29410129999997,42.04296769999999],[143.2977667,42.0406515],[143.29336539999997,42.0404974],[143.28777,42.033155],[143.28967900000004,42.028305],[143.27294119999996,42.0199334],[143.256437,41.998048999999995],[143.24058899999997,41.948328],[143.249103,41.924366],[143.24171999999996,41.924460999999994],[143.2202727,41.9475403],[143.21559099999996,41.94741],[143.2153271,41.9515445],[143.196256,41.95764],[143.193699,41.963696999999996],[143.18244599999997,41.967286],[143.177477,41.975223],[143.16359,41.98272999999998],[143.15843899999996,42.0004313],[143.134645,42.027545],[143.1119646,42.04069],[143.10157979999997,42.0429838],[143.0948684,42.0502372],[143.0603969,42.062582599999985],[143.0647166,42.06266629999999],[143.0613946,42.0653121],[143.03616919999996,42.07542659999999],[143.008878,42.08098300000001],[143.000152,42.087107999999986],[142.998159,42.094046000000006],[142.97789,42.10196199999999],[142.964684,42.118443],[142.9321484,42.1260467],[142.921829,42.123957999999995],[142.9218506,42.11981599999999],[142.9089927,42.1224657],[142.91815679999996,42.1227397],[142.9195752,42.1260031],[142.9123256,42.1276104],[142.91634949999997,42.1243059],[142.9110284,42.12387679999999],[142.91231399999998,42.130235],[142.90710469999996,42.1326214],[142.8755589,42.1312503],[142.848868,42.139494],[142.81495899999996,42.141524],[142.78761199999997,42.15643899999999],[142.7555651,42.1647028],[142.77347159999997,42.16161989999999],[142.7631389,42.17033800000001],[142.7576207,42.1669342],[142.76306439999996,42.17052619999999],[142.7589443,42.175167599999995],[142.73691069999998,42.1765716],[142.71720699999997,42.185801],[142.6980082,42.18491349999999],[142.7005178,42.1858831],[142.68962599999998,42.191691999999996],[142.6700413,42.1917208],[142.6283741,42.222531],[142.61389889999998,42.224108],[142.616644,42.22523009999999],[142.583941,42.243666],[142.55559359999998,42.2478909],[142.55353449999998,42.2453587],[142.55026779999997,42.245538499999995],[142.5532798,42.245626],[142.551817,42.2494082],[142.54804090000002,42.248042],[142.51249229999996,42.265682399999996],[142.495607,42.265409999999996],[142.4807577,42.2691269],[142.4829217,42.2721331],[142.44817009999997,42.29619249999999],[142.45224639999998,42.29490839999999],[142.445636,42.30347700000001],[142.4274361,42.30862559999999],[142.406506,42.308547],[142.3770963,42.3227687],[142.3677252,42.323424],[142.3723709,42.3236797],[142.3689833,42.32620459999999],[142.3671705,42.324157199999995],[142.36836399999999,42.3276614],[142.3595004,42.33528479999999],[142.3371597,42.3433698],[142.3198323,42.3550284],[142.2743582,42.37638739999999],[142.2781908,42.376908],[142.26589529999998,42.390756],[142.22510450000001,42.41748069999999],[142.219294,42.426355],[142.2068227,42.4324147],[142.2038709,42.4317298],[142.20183039999998,42.43272399999999],[142.2039065,42.431886600000006],[142.20879000000002,42.4330078],[142.2065519,42.4348865],[142.2035093,42.4326968],[142.20713969999997,42.4376855],[142.194286,42.447765999999994],[142.151619,42.46415789999999],[142.11777799999996,42.468631],[142.0778418,42.4694053],[142.07014729999997,42.47154369999999],[142.07615029999997,42.47237],[142.07175469999999,42.4721645],[142.07436630000004,42.47398270000001],[142.0697015,42.47791289999999],[142.0276079,42.484838499999995],[142.01412500000004,42.4930711],[142.01952919999997,42.4929909],[142.01190349999996,42.5017465],[141.9819404,42.5160463],[141.9631433,42.535504599999996],[141.93797879999997,42.54517239999999],[141.93501359999996,42.547412300000005],[141.9431422,42.54636469999999],[141.89537089999996,42.5808342],[141.82137299999997,42.60516799999999],[141.81753699999996,42.600857],[141.813013,42.603085],[141.816563,42.601538999999995],[141.81921,42.604528],[141.81672099999997,42.606528000000004],[141.814491,42.604246999999994],[141.81823999999997,42.61300899999999],[141.810309,42.61171499999999],[141.8011205,42.60162119999999],[141.7814051,42.606865899999995],[141.78600169999999,42.6156222],[141.77799919999998,42.61691040000001],[141.7746667,42.6083589],[141.7766507,42.6140219],[141.77300879999999,42.616082999999996],[141.74191739999998,42.62402639999999],[141.7295699,42.620011],[141.7350314,42.62190869999999],[141.73068509999996,42.624902099999986],[141.72992420000003,42.6208497],[141.7259742,42.62577689999999],[141.645763,42.629526999999996],[141.6303931,42.627069399999996],[141.63014689999997,42.6233839],[141.6205409,42.614865599999995],[141.62993179999998,42.623468800000005],[141.62950839999996,42.62718939999999],[141.639837,42.630992],[141.639602,42.633962],[141.686648,42.651112],[141.69844899999998,42.652531],[141.6954181,42.6574021],[141.66786899999997,42.64810599999999],[141.66312499999998,42.650231],[141.66499999999996,42.647105999999994],[141.63398439999997,42.63693940000001],[141.6302754,42.63640459999999],[141.62314209999997,42.64332509999999],[141.623158,42.62700219999999],[141.6148843,42.6290894],[141.6200911,42.62118039999999],[141.61162399999998,42.620235],[141.61059209999996,42.62725449999999],[141.57031780000003,42.621489600000004],[141.523708,42.61158700000001],[141.461982,42.592687999999995],[141.348143,42.54169499999999],[141.3228757,42.5264634],[141.316854,42.518674499999996],[141.3114388,42.5203744],[141.312172,42.51466769999999],[141.3071806,42.51794910000001],[141.30113499999996,42.514889999999994],[141.205785,42.45331999999999],[141.193172,42.452208000000006],[141.1864475,42.4459099],[141.19014479999998,42.451636],[141.1867611,42.4545447],[141.1839571,42.453025399999994],[141.189123,42.4522502],[141.1865145,42.44806369999999],[141.18241919999997,42.44924399999999],[141.165672,42.439519000000004],[141.158819,42.441540999999994],[141.14112399999996,42.43079899999999],[141.075651,42.381047],[141.05303679999997,42.3580709],[141.054293,42.35136],[141.04286199999999,42.34965499999999],[141.03366609999998,42.34127959999999],[141.03472739999998,42.3355064],[141.0314567,42.333778],[141.03406079999996,42.33558489999999],[141.0307384,42.3369449],[141.023405,42.332443],[141.00902269999997,42.317521499999984],[141.00926089999996,42.3050181],[141.002469,42.30106899999999],[140.98405419999997,42.3044129],[140.9811677,42.307729200000004],[140.9721318,42.3058488],[140.9751762,42.308817],[140.9679329,42.3075143],[140.966594,42.31480599999999],[140.9519329,42.3185966],[140.947652,42.316593000000005],[140.9304193,42.335280899999994],[140.9307847,42.3404345],[140.9355155,42.3388582],[140.9334696,42.34040480000001],[140.9427409,42.341712799999996],[140.9417509,42.34660829999999],[140.95102659999998,42.347465699999994],[140.95220899999998,42.341809],[140.9565129,42.3439261],[140.95425,42.339454],[140.95974109999997,42.34265749999999],[140.96154999999996,42.335364],[140.96380769999996,42.338745100000004],[140.96422899999996,42.3351056],[140.9668623,42.33682509999999],[140.9669635,42.3333072],[140.9710141,42.333997],[140.9696748,42.3242682],[140.9715231,42.32729919999999],[140.9759916,42.323571099999995],[140.9768285,42.327783],[140.97913659999998,42.3235207],[140.97926339999998,42.328063799999995],[140.98421589999998,42.32686859999999],[140.982104,42.330194],[140.985019,42.328534999999995],[140.98687999999999,42.332231],[140.982426,42.333164999999994],[140.981107,42.343721],[141.0075863,42.34826439999999],[141.001624,42.35081],[140.97647919999997,42.3486703],[140.9832156,42.361963900000006],[140.9800573,42.3567875],[140.971608,42.355558],[140.9527409,42.3602613],[140.94802969999998,42.3539612],[140.9525057,42.3602328],[140.94477309999996,42.3641318],[140.93440149999998,42.364138499999996],[140.91709229999998,42.369163199999996],[140.9178571,42.37168309999999],[140.9157802,42.36601979999999],[140.9138903,42.37417039999998],[140.9083051,42.37697250000001],[140.90139899999997,42.415837],[140.8729142,42.45900989999999],[140.8641569,42.464968199999994],[140.8579718,42.4629578],[140.8559872,42.466720099999996],[140.8583367,42.462168600000005],[140.8508134,42.46786149999999],[140.8372432,42.47014219999999],[140.825981,42.483354799999994],[140.80744499999997,42.490782],[140.807811,42.494416],[140.800154,42.499323999999994],[140.787643,42.50150800000001],[140.77968099999998,42.499261],[140.78277299999996,42.50404100000001],[140.779103,42.51603099999999],[140.785902,42.513311],[140.7861351,42.517876199999996],[140.7813319,42.520030199999994],[140.778226,42.517814],[140.77113299999996,42.522051],[140.77624999999998,42.52710799999999],[140.7723103,42.529966],[140.7775072,42.5289524],[140.7735736,42.529805800000005],[140.7764866,42.5322198],[140.77404199999998,42.536285],[140.759627,42.550254],[140.7473679,42.553781900000004],[140.75238209999998,42.5532699],[140.722924,42.574312],[140.711704,42.57387599999999],[140.70849319999996,42.58247239999999],[140.687901,42.58723299999999],[140.6456218,42.5865827],[140.60703199999998,42.573974],[140.5970806,42.575103999999996],[140.59814939999998,42.5730503],[140.591422,42.573149],[140.582705,42.56618399999999],[140.56751999999997,42.569796],[140.564525,42.574958],[140.552605,42.577642],[140.533959,42.58879999999999],[140.516228,42.589301],[140.509345,42.58367499999999],[140.497555,42.58654099999999],[140.49154399999998,42.583812],[140.47832800000003,42.588736],[140.4735459,42.585256499999986],[140.4756408,42.5890123],[140.441393,42.567516],[140.40181699999997,42.534431],[140.40063959999998,42.528172],[140.3955004,42.527122999999996],[140.4020939,42.5282401],[140.390544,42.523355],[140.3649694,42.4942386],[140.3678893,42.4916869],[140.363803,42.4907537],[140.3687812,42.4917626],[140.35910999999996,42.487404999999995],[140.34005299999998,42.459847],[140.328575,42.441992],[140.3333158,42.43840219999999],[140.3279956,42.4394829],[140.324632,42.435693],[140.29356469999996,42.37086020000001],[140.2990861,42.37372409999999],[140.29539719999997,42.3704417],[140.29279199999996,42.370802000000005],[140.288985,42.362894],[140.2765863,42.3200493],[140.2752444,42.2854325],[140.28807239999998,42.2518766],[140.2901425,42.2567531],[140.289614,42.25101800000001],[140.2968186,42.243074400000005],[140.337231,42.227721],[140.383517,42.223397999999996],[140.39611229999997,42.2181859],[140.409488,42.201705],[140.4296245,42.18989429999999],[140.4339531,42.1909944],[140.43125119999996,42.1941759],[140.4343244,42.1933182],[140.443082,42.180007999999994],[140.45642369999996,42.1783648],[140.463209,42.165887],[140.49806819999998,42.14745129999999],[140.51533299999997,42.12872999999999],[140.54603939999998,42.1156714],[140.5448336,42.1186792],[140.549437,42.113228],[140.5887044,42.1090854],[140.5919908,42.1125511],[140.58943999999997,42.109546],[140.5992901,42.1115497],[140.59242529999997,42.11183880000001],[140.6019793,42.1152929],[140.6005738,42.11222879999999],[140.63921799999997,42.12251799999999],[140.6448812,42.1272118],[140.6422855,42.124082099999995],[140.659592,42.128806999999995],[140.6764106,42.1262908],[140.6889795,42.12933730000001],[140.6813539,42.126177399999996],[140.68851389999998,42.125958999999995],[140.7073921,42.1379231],[140.714975,42.136874999999996],[140.734234,42.12369499999999],[140.73540979999999,42.1261804],[140.743346,42.120309],[140.75915899999998,42.11690200000001],[140.774054,42.085167],[140.790169,42.076155],[140.802618,42.076744],[140.803347,42.05734199999999],[140.8074418,42.057073],[140.8040662,42.056504],[140.80819,42.05312850000001],[140.8085934,42.05757679999999],[140.8206036,42.0354314],[140.8267596,42.0342762],[140.82218549999996,42.03426240000001],[140.828249,42.0297447],[140.8278615,42.0352471],[140.82875889999997,42.0301174],[140.85308699999996,42.013569],[140.87936099999996,42.005219999999994],[140.880688,42.001155],[140.891011,41.997825],[140.9076233,41.9842666],[140.9074199,41.987547],[140.90954590000004,41.975305000000006],[140.931977,41.954053],[140.9366136,41.938020900000005],[140.9429719,41.934007],[140.94857209999998,41.9357763],[140.94330179999997,41.93685010000001],[140.950803,41.936557],[140.95255399999996,41.924757],[140.9611487,41.9153292],[141.011153,41.893651],[141.02267689999996,41.891672],[141.032976,41.89538999999999],[141.0688835,41.887186099999994],[141.06860799999998,41.889195699999995],[141.1109357,41.87374169999999],[141.118208,41.86507600000001],[141.12964999999997,41.859523],[141.145724,41.85643100000001],[141.15023699999998,41.852644000000005],[141.1434333,41.84753820000001],[141.1471919,41.830576799999996],[141.16392669999996,41.821932999999994],[141.1729039,41.820165300000006],[141.1672,41.8241649],[141.183175,41.8178929],[141.18658529999996,41.8022196],[141.16490199999998,41.79357699999999],[141.156001,41.7843227],[141.13566,41.78354399999999],[141.128015,41.7890636],[141.11032599999996,41.78541799999999],[141.09152199999997,41.767261999999995],[141.0933293,41.762355],[141.0805518,41.7578547],[141.076626,41.74951699999999],[141.0787485,41.743588100000004],[141.07648050000003,41.7457872],[141.068159,41.738396],[141.0527296,41.734611],[141.05067269999998,41.73167419999999],[141.051683,41.72756199999999],[141.0536749,41.7291166],[141.0525826,41.725894],[141.0368712,41.72769910000001],[141.0296866,41.718115899999994],[141.016888,41.722507],[141.0046785,41.7150445],[140.9973488,41.71406780000001],[140.99301399999996,41.717498500000005],[140.96531789999997,41.70998],[140.95674829999996,41.7112426],[140.9525675,41.7131993],[140.9572124,41.711573],[140.9506664,41.7154911],[140.9440045,41.7285152],[140.9348971,41.7337374],[140.9370513,41.72971530000001],[140.93390999999997,41.73510300000001],[140.923959,41.739674],[140.9069298,41.7451995],[140.90929359999998,41.74215499999999],[140.890514,41.750756],[140.8710998,41.752100999999996],[140.8746481,41.752563],[140.8610041,41.75891339999999],[140.85310450000003,41.7600001],[140.8456444,41.7569867],[140.84941419999998,41.75876989999999],[140.8358997,41.75896199999999],[140.7861123,41.7738473],[140.7654405,41.7741482],[140.736921,41.768055],[140.719,41.753094],[140.722536,41.74509199999999],[140.702377,41.740177],[140.69253,41.756554],[140.6972942,41.77405009999999],[140.6995006,41.7710395],[140.70240839999997,41.7757608],[140.7017705,41.785302900000005],[140.7052496,41.78032],[140.7109528,41.78041699999999],[140.7069405,41.778659999999995],[140.7122169,41.77927],[140.7057634,41.777228900000004],[140.70599379999996,41.773852999999995],[140.7119388,41.77420620000001],[140.7104274,41.77061799999999],[140.7147529,41.76660480000001],[140.7242197,41.7735669],[140.7255716,41.77724469999999],[140.7217219,41.777498900000005],[140.72201299999998,41.77991999999999],[140.72559169999997,41.777795999999995],[140.7272541,41.780392600000006],[140.7219124,41.78196789999999],[140.72694779999998,41.7847413],[140.72495799999996,41.79409840000001],[140.71714029999998,41.79386889999999],[140.7183097,41.800419],[140.7144156,41.79769579999999],[140.7113881,41.80180099999999],[140.7158116,41.8066773],[140.7088512,41.8065712],[140.7007066,41.816162299999995],[140.6830498,41.82105760000001],[140.6612126,41.8220607],[140.64854689999999,41.8185788],[140.65018429999998,41.81611699999999],[140.6398139,41.8164528],[140.626935,41.80940400000001],[140.61916799999997,41.798907],[140.6208338,41.787456],[140.612006,41.76846],[140.60415299999997,41.762022],[140.605858,41.754826],[140.6082939,41.75650420000001],[140.602686,41.7525613],[140.601058,41.74179899999999],[140.5892503,41.7413092],[140.5777878,41.73137030000001],[140.5613418,41.7277456],[140.540463,41.714829],[140.527004,41.700540999999994],[140.517822,41.70165],[140.501749,41.69769599999999],[140.497447,41.700529],[140.4832981,41.69739379999999],[140.4802102,41.70069719999999],[140.46173099999996,41.697315],[140.44355099999999,41.68358],[140.435579,41.665268],[140.4286329,41.60205950000001],[140.4308337,41.56274619999999],[140.43968,41.55339199999999],[140.429517,41.535036],[140.42039699999998,41.532033],[140.409209,41.51696599999999],[140.39836,41.519495],[140.385545,41.515013999999994],[140.36225699999997,41.51537499999999],[140.352686,41.511914999999995],[140.34913299999997,41.505844],[140.33709499999998,41.50711],[140.309406,41.49346499999999],[140.286466,41.490026],[140.2581301,41.4801869],[140.2567976,41.4738581],[140.2601849,41.475206799999995],[140.255998,41.465823],[140.2460227,41.461936599999994],[140.236733,41.440886],[140.222984,41.429535],[140.21606699999998,41.41008299999999],[140.203574,41.404018],[140.19931120000004,41.398115100000005],[140.18367599999996,41.401737000000004],[140.168992,41.41560900000001],[140.144598,41.428461],[140.119996,41.430254],[140.092428,41.424801],[140.09004799999997,41.4207],[140.08612199999996,41.421502],[140.091916,41.41937999999998],[140.088506,41.41815],[140.08414299999998,41.423275],[140.074982,41.42432699999999],[140.047609,41.44604400000001],[140.03981199999998,41.44609899999999],[140.040332,41.45013099999999],[140.027289,41.46242600000001],[140.02900899999997,41.472709],[140.022217,41.48455899999999],[140.017032,41.4867691],[140.012941,41.50829099999999],[140.00174599999997,41.52385],[139.99801499999998,41.539674],[139.990626,41.54245099999999],[139.991393,41.546580999999996],[139.987834,41.55064],[139.987384,41.546683],[139.985786,41.551067999999994],[139.982093,41.60049399999999],[139.99346799999998,41.629744],[139.992043,41.636127],[139.998728,41.641659],[139.99656899999997,41.649657999999995],[140.002577,41.651903999999995],[140.008579,41.692023999999996],[140.0214024,41.706786699999995],[140.02283999999997,41.7035025],[140.027207,41.71461099999999],[140.047858,41.734043],[140.04895259999998,41.741144],[140.057467,41.745352],[140.070427,41.76711900000001],[140.073832,41.79055799999999],[140.06995699999996,41.804534999999994],[140.07719099999997,41.80868699999999],[140.0897289,41.8074336],[140.095182,41.810024],[140.10115679999998,41.8097164],[140.0981317,41.8082186],[140.10179669999997,41.8053239],[140.1094003,41.8056429],[140.12223,41.822531],[140.125429,41.83964199999999],[140.12266179999997,41.8486401],[140.1262695,41.855253],[140.11995559999997,41.865277],[140.1146589,41.866569500000004],[140.1100079,41.8633045],[140.11361979999998,41.87057849999999],[140.1200191,41.8666443],[140.1261811,41.8691889],[140.1220936,41.87052619999999],[140.13081,41.871711],[140.1336271,41.889605],[140.13884919999998,41.8934663],[140.13536899999997,41.89992],[140.140955,41.91389199999999],[140.140227,41.924451999999995],[140.13243200000002,41.954204999999995],[140.12661399999996,41.962559],[140.132755,41.97510599999999],[140.127155,41.97992299999999],[140.119366,42.003745],[140.102169,42.007561999999986],[140.1057991,42.0134142],[140.099501,42.020269],[140.099311,42.028753],[140.094878,42.029627],[140.095847,42.03376],[140.082744,42.03647000000001],[140.0862656,42.04240529999999],[140.081078,42.047575],[140.079478,42.043632499999994],[140.067144,42.063008],[140.067596,42.06924099999999],[140.02358799999996,42.114566999999994],[140.010144,42.120961],[140.0039015,42.1190993],[139.987765,42.128916],[139.98496809999997,42.12601870000001],[139.97596099999998,42.128215299999994],[139.98513889999998,42.1247414],[139.9758719,42.12678389999999],[139.97088799999997,42.13038699999999],[139.959218,42.128530999999995],[139.92073499999998,42.133068],[139.912296,42.153713999999994],[139.895734,42.174951],[139.895661,42.183313],[139.88192399999997,42.191401],[139.87846,42.209924],[139.863344,42.219096],[139.853438,42.21641799999999],[139.848041,42.21994099999999],[139.835585,42.21964],[139.834423,42.22259509999999],[139.8278982,42.2228863],[139.8313244,42.2201545],[139.82777039999996,42.221488799999996],[139.826102,42.22414800000001],[139.814542,42.220673999999995],[139.812147,42.229058],[139.803409,42.227639999999994],[139.795456,42.230636],[139.788692,42.24405699999999],[139.774439,42.259204],[139.785628,42.2748713],[139.774985,42.297013],[139.76624199999998,42.306336],[139.77491229999998,42.32548189999999],[139.771767,42.329449999999994],[139.776505,42.34223599999999],[139.781588,42.353498],[139.7962105,42.35627089999999],[139.80301399999996,42.36693699999999],[139.814657,42.374413],[139.817685,42.389518],[139.823639,42.388456],[139.829411,42.394029],[139.846061,42.43237499999999],[139.843933,42.443760000000005],[139.8473656,42.454816],[139.842509,42.455605999999996],[139.8475121,42.456212799999996],[139.85290400000002,42.464614],[139.845677,42.48256599999999],[139.84907899999996,42.493022],[139.84275800000003,42.498956],[139.84664199999997,42.528516],[139.837871,42.54086499999999],[139.835517,42.56640500000001],[139.83310799999998,42.574226],[139.827951,42.576026],[139.827186,42.58804399999999],[139.822782,42.59353],[139.827985,42.595799],[139.822134,42.606539999999995],[139.82502099999996,42.616654999999994],[139.84234699999996,42.625722],[139.841395,42.631265000000006],[139.846263,42.631868],[139.854762,42.641255],[139.85604699999996,42.650095999999984],[139.863939,42.655808],[139.868303,42.665516],[139.87473,42.665972],[139.89872799999998,42.67990199999999],[139.940942,42.689784],[139.95656599999998,42.68803599999999],[139.97217999999998,42.691057],[139.983198,42.688070999999994],[139.989349,42.692097],[140.00301579999996,42.6886747],[139.99798309999997,42.688960699999996],[140.0018815,42.68660899999999],[140.01461199999997,42.688053],[140.018106,42.691195],[140.02887509999996,42.68777899999999],[140.053922,42.698478],[140.06529299999997,42.706829],[140.06273079999997,42.7139873],[140.07333899999998,42.72773699999999],[140.07671800000003,42.72553599999999],[140.0929594,42.7358228],[140.105905,42.736471],[140.10566899999998,42.741093000000006],[140.1149214,42.7417934],[140.113555,42.745882],[140.1304628,42.746458999999994],[140.1442928,42.7545274],[140.150277,42.76431139999999],[140.146982,42.771168],[140.15673399999997,42.790441],[140.175924,42.808657999999994],[140.186096,42.827718],[140.205257,42.809143],[140.2249383,42.8049563],[140.23015949999998,42.79668529999999],[140.2335036,42.7990721],[140.2381145,42.7954467],[140.2329402,42.7983923],[140.2340032,42.7940362],[140.23799309999998,42.7945594],[140.23685789999996,42.78484709999999],[140.2464197,42.7678436],[140.277091,42.768662],[140.30443199999996,42.777453],[140.310135,42.795502000000006],[140.303157,42.812254],[140.304463,42.82870200000001],[140.34669099999996,42.85739399999999],[140.3585134,42.872636],[140.358337,42.877501],[140.3660603,42.87774069999999],[140.362663,42.879036000000006],[140.377053,42.896365],[140.376774,42.90332099999999],[140.390967,42.917113],[140.390124,42.922844],[140.40138800000003,42.924298],[140.417107,42.94251800000001],[140.44678999999996,42.953449],[140.449802,42.95774999999999],[140.50224169999998,42.98080709999999],[140.5064899,42.989482200000005],[140.5104475,42.9926503],[140.5091024,42.996862099999994],[140.5107555,42.9927029],[140.5065413,42.98739929999999],[140.5101261,42.986799399999995],[140.5068196,42.98572479999999],[140.51327469999998,42.9838212],[140.5162861,42.9863226],[140.51070919999998,42.986353400000006],[140.52006399999996,42.98997099999999],[140.5196222,42.9978101],[140.52444899999998,42.9979503],[140.52812399999996,43.002808999999985],[140.5290476,43.0282559],[140.52489399999996,43.031832],[140.5066721,43.0333674],[140.5114103,43.0335696],[140.508358,43.037411000000006],[140.5040661,43.0324291],[140.508467,43.042705999999995],[140.49491099999997,43.058777],[140.4950421,43.0647701],[140.48503199999996,43.076496],[140.46442199999998,43.08491200000001],[140.45903,43.105214],[140.44942499999996,43.10819299999999],[140.45044049999998,43.11284],[140.44088799999997,43.12327499999999],[140.442504,43.127956000000005],[140.436492,43.128538],[140.427307,43.136299],[140.429438,43.14222449999999],[140.4235684,43.1437548],[140.4243346,43.1407092],[140.42207299999998,43.144866],[140.42201,43.145508],[140.403332,43.157482],[140.359979,43.1793],[140.344076,43.196665],[140.346538,43.199406999999994],[140.338471,43.21123],[140.32454399999997,43.220943],[140.336292,43.254341],[140.330955,43.260304999999995],[140.326853,43.258856],[140.34094099999996,43.265826],[140.338138,43.268893],[140.343761,43.276000999999994],[140.336424,43.28218699999999],[140.342827,43.281195999999994],[140.346567,43.284403999999995],[140.36024,43.315971],[140.355604,43.32614000000001],[140.346242,43.333793],[140.366699,43.330062999999996],[140.3750025,43.33315009999999],[140.38056419999998,43.32940200000001],[140.393914,43.333133],[140.3998286,43.330354899999996],[140.406115,43.335421999999994],[140.417491,43.330121],[140.429517,43.32958599999999],[140.445747,43.335362700000005],[140.46025999999998,43.34512699999999],[140.45904,43.350545999999994],[140.471014,43.364943],[140.46103700000003,43.36812100000001],[140.46165,43.37219300000001],[140.481908,43.375719999999994],[140.496549,43.37268199999999],[140.507097,43.366800999999995],[140.512003,43.357071],[140.527258,43.359328],[140.526712,43.35321600000001],[140.533481,43.34576500000001],[140.540283,43.34337699999999],[140.541167,43.338719],[140.548754,43.338253],[140.562602,43.323964],[140.570147,43.323255],[140.580018,43.309844],[140.586494,43.30721],[140.59090899999998,43.30895099999999],[140.594578,43.302392999999995],[140.6039714,43.3023486],[140.6006448,43.30035959999999],[140.60802919999998,43.2954782],[140.618155,43.29734599999999],[140.626178,43.294737],[140.630466,43.297930999999984],[140.634586,43.286113],[140.646302,43.284862],[140.6364196,43.274808699999994],[140.6415705,43.2652551],[140.68230369999998,43.25459],[140.6872801,43.25561609999999],[140.695928,43.250703],[140.708444,43.252571],[140.71177889999998,43.24793510000001],[140.71793999999997,43.25007399999999],[140.7264248,43.2420433],[140.735681,43.24220799999999],[140.73847799999996,43.233766],[140.74672,43.235594000000006],[140.74853699999997,43.23085],[140.75462100000001,43.230729],[140.758669,43.226234000000005],[140.774992,43.226817999999994],[140.77869029999997,43.2166574],[140.7739743,43.204032700000006],[140.7856265,43.19890869999999],[140.788632,43.200381],[140.7907015,43.1951141],[140.796326,43.19415],[140.83049,43.195232],[140.844034,43.19775899999999],[140.8445551,43.200437799999996],[140.852328,43.19946000000001],[140.85761,43.203618],[140.85352,43.21199399999999],[140.860522,43.209748],[140.854743,43.216526],[140.86397899999997,43.21728699999999],[140.867359,43.207693000000006],[140.876719,43.205185],[140.892289,43.208144999999995],[140.894874,43.211619],[140.917997,43.21193259999999],[140.92118600000003,43.215243],[140.918721,43.224103],[140.92232299999998,43.222371],[140.925833,43.227585],[140.937111,43.225503],[140.93894800000004,43.228059],[140.952772,43.227987999999996],[140.978486,43.239063],[141.009616,43.239656],[141.01708799999997,43.238285399999995],[141.01313299999998,43.231663999999995],[141.01591799999997,43.225451],[141.0212406,43.22464349999999],[141.0137099,43.21793709999999],[141.014816,43.212737],[141.0035996,43.2097888],[141.0019415,43.2066232],[141.0063191,43.20485450000001],[141.0012616,43.2037547],[141.002059,43.200659],[141.007437,43.203253000000004],[141.00625559999997,43.1978088],[141.01166539999997,43.1996716],[141.009908,43.1938867],[141.01569869999997,43.19338],[141.011655,43.190982],[141.01894889999997,43.1914276],[141.0260429,43.1873039],[141.02295019999997,43.184804199999995],[141.0348435,43.183296999999996],[141.039922,43.17911019999999],[141.05685019999999,43.1797617],[141.073757,43.17304899999999],[141.10048989999999,43.1679272],[141.127382,43.15434199999999],[141.161408,43.14389499999999],[141.2046576,43.156917099999994],[141.2447325,43.173900499999995],[141.26634289999998,43.188598899999995],[141.2609502,43.193163799999994],[141.26431539999996,43.19048209999999],[141.27606639999996,43.2007496],[141.2861617,43.1964964],[141.289754,43.1846238],[141.294149,43.1853632],[141.2895593,43.208503],[141.2954574,43.2124234],[141.2955751,43.2063219],[141.3078663,43.21256699999999],[141.2988194,43.21456679999999],[141.304709,43.2185007],[141.3004643,43.2199274],[141.3039186,43.2193138],[141.30960759999996,43.21481349999999],[141.3048818,43.2204277],[141.3006901,43.2212634],[141.30930589999997,43.2235725],[141.3070677,43.221920700000005],[141.31485079999996,43.22103810000001],[141.3307259,43.231701699999995],[141.367628,43.26793309999999],[141.37314449999997,43.2695972],[141.37278350000003,43.27546759999999],[141.39502599999997,43.294506999999996],[141.42349899999996,43.328237],[141.421507,43.344388],[141.4269214,43.3581123],[141.4240345,43.3562796],[141.428453,43.359731],[141.424789,43.371159],[141.431859,43.38990700000001],[141.42748899999998,43.421479],[141.3919586,43.476979099999994],[141.389087,43.476291],[141.37443,43.491485999999995],[141.371924,43.501904],[141.35773599999996,43.517933000000006],[141.360648,43.538792999999984],[141.376097,43.55768199999999],[141.38559999999998,43.591328],[141.3827913,43.60458959999999],[141.3798966,43.6022332],[141.38081999999997,43.60687999999999],[141.364751,43.618303999999995],[141.36094299999996,43.63148199999999],[141.351077,43.643285],[141.349505,43.667592],[141.33821799999998,43.68517799999999],[141.33886899999996,43.693558],[141.328508,43.714940999999996],[141.328777,43.72504899999999],[141.3539,43.758112999999994],[141.36168199999997,43.761476],[141.36301200000003,43.769698],[141.3678897,43.77354029999999],[141.3653598,43.7769435],[141.3702349,43.7776406],[141.372167,43.792147],[141.387525,43.806702]],[[141.4288537,44.443605],[141.428086,44.43080100000001],[141.4222113,44.4272642],[141.3846847,44.43042619999999],[141.3808547,44.4335081],[141.3969916,44.44194809999999],[141.40382159999996,44.4408902],[141.423211,44.446434],[141.4288537,44.443605]],[[142.5143453,47.8700083],[142.527625,47.86493409999999],[142.5310126,47.85841069999999],[142.5194013,47.8449295],[142.5226951,47.79572639999999],[142.533837,47.75115489999999],[142.5536692,47.69771120000001],[142.60429859999996,47.604101400000005],[142.6363724,47.560383099999996],[142.7113616,47.4796317],[142.7552036,47.44326230000001],[142.79882849999998,47.41955089999999],[142.84695799999997,47.4091762],[142.88251879999999,47.378345],[142.9113311,47.37194409999999],[142.92406080000003,47.3608332],[142.9376703,47.35613819999999],[142.94313669999997,47.33819739999999],[142.97411079999998,47.2859396],[142.9813367,47.28357059999999],[143.0186489,47.25128039999999],[143.0122948,47.2503537],[143.0086791,47.2461824],[143.0158621,47.2340125],[143.01681699999997,47.21857529999998],[143.0273151,47.208461699999994],[143.0306261,47.169211399999995],[143.04254999999998,47.1460942],[143.0393314,47.1401979],[143.0407047,47.11533569999999],[143.0200678,47.0963162],[143.0168116,47.09022449999999],[143.0195475,47.07737029999999],[143.0511332,47.03261419999999],[143.05558559999997,47.0136859],[143.0673873,46.99993159999999],[143.0725104,46.98300449999999],[143.08672069999997,46.97142769999999],[143.085444,46.9579408],[143.10136019999996,46.9381509],[143.0916881,46.91745599999999],[143.0996489,46.9073346],[143.1112039,46.90075209999999],[143.1154203,46.8921232],[143.13416359999997,46.8790527],[143.15469859999996,46.87696989999999],[143.16915029999998,46.85297179999999],[143.2181259,46.827017999999995],[143.2652378,46.8083139],[143.3098054,46.7967544],[143.3703267,46.7925309],[143.4197438,46.8016421],[143.42581629999998,46.8056758],[143.4311324,46.81858059999999],[143.42335130000004,46.8314182],[143.42617029999997,46.8446471],[143.4312102,46.84875269999999],[143.4544596,46.8430657],[143.47636519999998,46.82614039999999],[143.4819925,46.815025199999994],[143.47854269999996,46.7999571],[143.4887347,46.77805169999999],[143.4873022,46.76117179999999],[143.5016155,46.7268449],[143.5048342,46.7230867],[143.508954,46.72342869999999],[143.5071301,46.7015547],[143.500218,46.6988321],[143.4968989,46.692843999999994],[143.499577,46.66227909999999],[143.5046237,46.64850309999999],[143.52113659999998,46.6258707],[143.50919859999996,46.610854],[143.5095119,46.59837319999999],[143.5175139,46.57859899999999],[143.53298659999996,46.5589488],[143.52897829999998,46.555639],[143.5333085,46.5356908],[143.5298623,46.5327172],[143.53175,46.51925],[143.5432541,46.5065526],[143.53944439999998,46.5064381],[143.5373693,46.5006558],[143.54515309999996,46.4912574],[143.54069649999997,46.481453699999996],[143.5570836,46.46211759999999],[143.55506570000003,46.453630800000006],[143.5695332,46.43484769999999],[143.5645125,46.4201916],[143.56960089999998,46.4090855],[143.59361689999997,46.3856947],[143.60262379999998,46.383551700000005],[143.611014,46.38823550000001],[143.61676279999998,46.3718135],[143.6052561,46.36988139999999],[143.5913783,46.358576],[143.5863089,46.36051599999999],[143.5786593,46.358065100000005],[143.57226219999998,46.3482884],[143.5651891,46.34648459999999],[143.5606885,46.33692859999999],[143.5607314,46.31935549999999],[143.5645992,46.29943449999998],[143.5701446,46.296420299999994],[143.5659081,46.2954353],[143.55854,46.30017019999999],[143.5422698,46.29839119999999],[143.5232502,46.286299899999996],[143.5156649,46.2708298],[143.5102656,46.2404887],[143.5052794,46.2376874],[143.5075673,46.225816599999995],[143.50456860000003,46.2182025],[143.48847269999996,46.2051357],[143.4783232,46.2037713],[143.46152190000004,46.1842651],[143.45720889999998,46.1366681],[143.4608072,46.1116939],[143.46708479999998,46.1010567],[143.4608191,46.0899525],[143.426621,46.057888500000004],[143.42610059999998,46.042679799999995],[143.4142373,46.019371500000005],[143.4065956,46.03931359999999],[143.3972186,46.0986333],[143.4084892,46.110563299999995],[143.41176689999998,46.1199046],[143.4072769,46.1545673],[143.4208971,46.17217470000001],[143.4245557,46.19551],[143.4211922,46.2147598],[143.40290490000004,46.2635576],[143.3730358,46.3207078],[143.3698386,46.336550800000005],[143.34336520000002,46.375625799999995],[143.34173479999998,46.3874059],[143.33392379999998,46.40029889999999],[143.33490189999998,46.4137272],[143.3300224,46.4277231],[143.3418399,46.4430708],[143.33940089999996,46.4646871],[143.3003658,46.5063357],[143.30448109999998,46.5093597],[143.2741288,46.5351956],[143.2085414,46.580390599999994],[143.16907269999996,46.59893749999999],[143.13978249999997,46.6083095],[143.1185109,46.6077221],[143.1162625,46.6013219],[143.10613989999996,46.5963827],[143.0663992,46.5956224],[143.0073836,46.6103088],[142.9721298,46.607348],[142.9359054,46.61943789999999],[142.8866719,46.6274123],[142.8360415,46.6128324],[142.82575069999996,46.6130506],[142.8193664,46.6091613],[142.791428,46.603915],[142.77064169999997,46.6076238],[142.7660245,46.61959679999999],[142.756315,46.6203917],[142.7661791,46.61975189999999],[142.770192,46.624711],[142.764232,46.629497],[142.75599239999997,46.628429999999994],[142.7614538,46.6308069],[142.75401479999996,46.638933],[142.761119,46.6426],[142.748652,46.6601066],[142.7517537,46.669874199999995],[142.7471958,46.6802438],[142.7391783,46.6870599],[142.741266,46.69448309999999],[142.73514489999997,46.701304799999996],[142.73365039999996,46.7225072],[142.7272706,46.736050399999996],[142.730947,46.74013480000001],[142.71919239999997,46.7413471],[142.7102958,46.7510367],[142.70619849999997,46.75149629999999],[142.7090312,46.748524599999996],[142.69937609999997,46.75145349999999],[142.70017760000002,46.7433611],[142.694093,46.741683599999995],[142.69366289999996,46.7385614],[142.6896133,46.7427556],[142.68028709999996,46.72986600000001],[142.6218303,46.7280625],[142.57037399999996,46.7167906],[142.5057781,46.6858383],[142.4701296,46.6631489],[142.4435308,46.6375926],[142.4125333,46.5954571],[142.3505346,46.454952],[142.3073274,46.39069169999999],[142.2902412,46.3548382],[142.28701069999997,46.3384288],[142.2516635,46.2789481],[142.2500324,46.25190009999999],[142.24321210000002,46.2306458],[142.2482729,46.2048889],[142.24608419999998,46.193200299999994],[142.239904,46.1891046],[142.238197,46.163386599999995],[142.2266092,46.1471701],[142.2272594,46.1428457],[142.22005599999997,46.13799139999999],[142.21905049999998,46.1188734],[142.2018136,46.102676699999996],[142.20136399999998,46.0932105],[142.1890952,46.078105599999994],[142.19333589999997,46.0686158],[142.1852508,46.05625909999999],[142.1875101,46.048629999999996],[142.1806535,46.02763269999999],[142.17525819999997,46.0245031],[142.1718973,46.015448899999996],[142.1633649,46.0158227],[142.1467865,46.0065963],[142.120226,46.0018514],[142.09800399999997,45.9845737],[142.0860616,45.9569405],[142.08971249999996,45.940735399999994],[142.0835623,45.9334474],[142.08485659999997,45.9185333],[142.0784032,45.91263429999999],[142.08194370000004,45.90595679999999],[142.0774567,45.9039258],[142.0837489,45.897354],[142.0809049,45.8926856],[142.0770282,45.9009753],[142.06522659999996,45.91048030000001],[142.0554328,45.9121902],[142.03818080000002,45.923169699999995],[142.0355605,45.9298655],[142.0273264,45.9311876],[142.01527479999996,45.9549315],[141.99174379999997,45.9764177],[141.98624999999998,45.99275],[141.9709669,46.010874799999996],[141.94267449999998,46.02935699999999],[141.932475,46.026381199999996],[141.93641959999997,46.0300189],[141.9338985,46.035692499999996],[141.9139391,46.047472899999995],[141.92715979999997,46.052607099999996],[141.9310108,46.0598907],[141.9314942,46.1029067],[141.92767439999997,46.114606499999994],[141.9202463,46.11607579999999],[141.9262925,46.1223102],[141.92521739999998,46.13206379999999],[141.91344729999997,46.164584799999986],[141.9100141,46.195873899999995],[141.8960096,46.2438539],[141.88652499999998,46.31659249999999],[141.8709612,46.356465699999994],[141.8705106,46.3707698],[141.85494299999996,46.40282179999999],[141.847111,46.4307363],[141.8359637,46.44497379999999],[141.8342256,46.45874739999999],[141.8234539,46.4808416],[141.82448390000002,46.4939313],[141.8175316,46.5065452],[141.81040429999996,46.5468616],[141.82048989999998,46.555870999999996],[141.8233635,46.5656049],[141.81038889999996,46.5994624],[141.83263779999996,46.6101163],[141.85088219999997,46.628333],[141.85010929999999,46.64488899999999],[141.8557075,46.653507],[141.84976099999997,46.6540464],[141.8466577,46.6629473],[141.8532425,46.65866359999999],[141.8571113,46.6643675],[141.8526417,46.6687215],[141.8597464,46.6968989],[141.87008499999996,46.7081677],[141.8815666,46.7127043],[141.877879,46.719821],[141.8930254,46.747087],[141.9016778,46.75047669999999],[141.8981853,46.764838],[141.9093604,46.7870769],[141.91915999999998,46.7915485],[141.9210061,46.811531499999994],[141.95195329999999,46.8570932],[141.9622636,46.8632941],[141.9623575,46.8753812],[141.97406259999997,46.8957955],[141.9778714,46.8987279],[141.9889214,46.898864399999994],[142.0009527,46.9332818],[141.9996706,46.9432335],[142.0069863,46.944460299999996],[142.00810519999996,46.9686365],[142.0168358,46.9764094],[142.0271838,47.0095599],[142.0339774,47.0136302],[142.027774,47.0216117],[142.0288676,47.03301449999999],[142.0414501,47.0520199],[142.04415880000002,47.0488144],[142.0413861,47.0467009],[142.04834239999997,47.050124],[142.04212659999996,47.053443599999994],[142.0468723,47.0611365],[142.0463826,47.0585169],[142.0499247,47.059039899999995],[142.04713429999998,47.06016940000001],[142.0503018,47.067185599999995],[142.04637239999997,47.06225619999999],[142.0486376,47.07153],[142.05810119999998,47.0784123],[142.05713479999997,47.100631400000005],[142.0623831,47.1065383],[142.0572335,47.114003700000005],[142.0583829,47.1191051],[142.0544833,47.1190392],[142.0529363,47.1236673],[142.0588875,47.1388587],[142.0547354,47.152836199999996],[142.0575786,47.168192299999994],[142.0474956,47.1805497],[142.0512342,47.1902135],[142.0426426,47.21158609999999],[142.0185418,47.2492227],[141.973684,47.2867087],[141.96568719999996,47.3003582],[141.9723195,47.3194554],[141.996746,47.3539142],[141.99940609999996,47.368945000000004],[141.9844592,47.3936113],[141.98374559999996,47.4057277],[141.9725442,47.43041569999999],[141.9749129,47.4357078],[141.9650635,47.44714220000001],[141.9691166,47.45626070000001],[141.9607446,47.4899],[141.9619586,47.5109557],[141.95457689999998,47.5260395],[141.9630967,47.549886199999996],[141.95855229999998,47.5754184],[141.9657826,47.5958035],[141.96170669999998,47.6196822],[141.9789834,47.6323974],[141.9880128,47.6528642],[142.00196089999997,47.66763169999999],[142.00284,47.6962164],[142.00914859999997,47.70822739999999],[142.0309905,47.729938999999995],[142.0469141,47.7614405],[142.064349,47.7721512],[142.060529,47.77950370000001],[142.0650637,47.78136289999999],[142.0647941,47.7872416],[142.0748715,47.793143799999996],[142.0779821,47.80351559999999],[142.0751953,47.8095051],[142.0851517,47.823730299999994],[142.0878097,47.861939799999995],[142.182489,47.9405796],[142.2018385,47.9721759],[142.20213349999997,47.9823404],[142.1869683,48.0037762],[142.18863489999998,48.0133299],[142.1809924,48.031178100000005],[142.182304,48.06535219999999],[142.1727526,48.086916499999994],[142.17587199999997,48.1119694],[142.16648969999997,48.1359773],[142.1733051,48.1455011],[142.1659881,48.17138049999999],[142.16776369999997,48.21169439999999],[142.1524268,48.2379299],[142.1533281,48.289757200000004],[142.14437479999998,48.322848099999995],[142.07372549999997,48.428392499999994],[141.9593829,48.55264789999999],[141.89195479999998,48.643562700000004],[141.8837875,48.6624991],[141.8715674,48.67703729999999],[141.8727523,48.69165219999999],[141.863489,48.71120779999999],[141.8607706,48.73575600000001],[141.85162529999997,48.7440554],[141.8548103,48.7510205],[141.84753299999997,48.7676511],[141.8495385,48.7813616],[141.856889,48.7928028],[141.8701633,48.80060289999999],[141.88377669999997,48.8193642],[141.8957235,48.824219899999996],[141.91763159999996,48.84348030000001],[141.9278134,48.84200920000001],[141.9520483,48.8538813],[141.9784158,48.8763271],[141.9571754,48.920539399999996],[141.9781153,48.9287008],[141.9860065,48.92722229999999],[141.9883801,48.9360977],[141.9975961,48.9385605],[142.0043045,48.9464554],[142.00573679999997,48.9988208],[142.0150548,49.03270869999999],[142.0282727,49.044461299999995],[142.03220749999997,49.079006799999995],[142.03025889999998,49.076811599999985],[142.0400369,49.0888164],[142.02938319999998,49.1203469],[142.03073499999996,49.1465907],[142.0616394,49.165395399999994],[142.06759929999998,49.1777759],[142.0663333,49.191869499999996],[142.0831159,49.20554549999999],[142.0918599,49.22235],[142.09146019999997,49.2307703],[142.0786393,49.2424586],[142.07168429999996,49.259437899999995],[142.0756084,49.2712646],[142.0707133,49.2779162],[142.07143489999999,49.3038177],[142.07810279999998,49.33280289999999],[142.069383,49.339797499999996],[142.07332849999997,49.3436526],[142.0714,49.353291],[142.0791113,49.3591437],[142.0896953,49.40066890000001],[142.097227,49.40659279999999],[142.1001345,49.4255498],[142.12981849999997,49.4536212],[142.1303067,49.479154799999996],[142.1440101,49.51796669999999],[142.1422908,49.548874],[142.147733,49.5726431],[142.1449327,49.6185477],[142.14852689999998,49.633298899999986],[142.1553826,49.64178089999999],[142.1590197,49.6793998],[142.15282379999996,49.69312269999999],[142.1570536,49.6976666],[142.15887489999997,49.7158069],[142.1538538,49.7260467],[142.1592128,49.7623547],[142.15629459999997,49.77215499999999],[142.1633273,49.7763867],[142.16723799999997,49.8033999],[142.1515364,49.8314966],[142.1526387,49.8438655],[142.1430069,49.86977090000001],[142.1361458,49.8760165],[142.13776589999998,49.8934802],[142.14619609999997,49.90588839999999],[142.14664129999997,49.916203700000004],[142.13958039999997,49.93058220000001],[142.14180529999996,49.94346859999999],[142.1307411,49.9503863],[142.1355182,49.9529975],[142.1363282,49.9588648],[142.1476498,49.9647469],[142.15753109999997,49.9827441],[142.15794689999998,49.995395],[142.1540522,49.99893300000001],[142.1567023,50.009697199999984],[142.14768999999998,50.01923889999999],[142.1374655,50.020865799999996],[142.15445989999998,50.0274209],[142.1738918,50.04820620000001],[142.16875,50.05724999999999],[142.17226249999996,50.0611881],[142.1680825,50.0831672],[142.17199999999997,50.09375],[142.17013209999996,50.148427700000006],[142.1620944,50.1706291],[142.16625,50.17925000000001],[142.15736209999997,50.1938252],[142.15316179999996,50.2169802],[142.1587461,50.2212707],[142.1615571,50.234177800000005],[142.1549535,50.252525199999994],[142.1583567,50.2563929],[142.1559298,50.2623204],[142.14533979999996,50.26867289999999],[142.14094929999996,50.284923199999994],[142.12809979999997,50.2973701],[142.12954219999997,50.299449],[142.14182669999997,50.297797300000006],[142.1572279,50.3174133],[142.15099449999997,50.3426429],[142.1533439,50.365013700000006],[142.1463918,50.3775586],[142.127037,50.395367],[142.1223003,50.406852599999986],[142.0986861,50.4283731],[142.0787036,50.4689403],[142.06805799999998,50.4810805],[142.0618004,50.5023456],[142.04771069999998,50.516878600000005],[142.0439905,50.549636400000004],[142.0521444,50.5702743],[142.05037950000002,50.595755999999994],[142.0571735,50.63702849999999],[142.0677709,50.6621119],[142.07599999999996,50.70100000000001],[142.0935217,50.7223737],[142.0881427,50.74150290000001],[142.09350939999996,50.7524025],[142.0915,50.77700000000001],[142.0965242,50.7972283],[142.08622449999996,50.82113319999999],[142.1031731,50.834148400000004],[142.1121025,50.85139339999999],[142.1175849,50.8745258],[142.1159542,50.8928861],[142.1368618,50.89691820000001],[142.183284,50.937481700000006],[142.2239305,50.9863313],[142.23899999999998,51.01200000000001],[142.255708,51.0669064],[142.252779,51.1435212],[142.2443998,51.1668381],[142.2318041,51.1851839],[142.21499739999996,51.1994587],[142.1956426,51.21036509999999],[142.1848816,51.2258835],[142.1843451,51.2380113],[142.1714544,51.2552074],[142.16525849999996,51.2743335],[142.176379,51.27911209999999],[142.17964049999998,51.28453109999999],[142.17858909999998,51.301813799999984],[142.1728438,51.3142183],[142.1379161,51.339915399999995],[142.082507,51.396993399999985],[142.086525,51.4094457],[142.0698041,51.4300428],[142.0866108,51.43891500000001],[142.08897109999998,51.44350930000001],[142.0894479,51.452905099999995],[142.08065829999998,51.4698911],[142.0548481,51.4924028],[141.9226312,51.5694946],[141.88774999999998,51.59675000000001],[141.90574999999998,51.59175],[141.92375,51.59175],[141.93424999999996,51.594249999999995],[141.947,51.603249999999996],[141.95375,51.6035],[141.94775,51.60450000000001],[141.93975,51.6025],[141.92825,51.606],[141.9288144,51.6269441],[141.925,51.62174999999999],[141.92599999999996,51.62575],[141.91824999999997,51.62199999999999],[141.91824999999997,51.62550000000001],[141.9145,51.6135],[141.89925,51.60375],[141.90174999999996,51.600249999999996],[141.89425,51.5975],[141.8833959,51.59994679999999],[141.7991987,51.682687400000006],[141.7388785,51.71169429999999],[141.6937745,51.7272608],[141.6700369,51.7453395],[141.6689265,51.7493334],[141.68183059999998,51.7449376],[141.69511559999998,51.73487919999999],[141.7269373,51.72804489999999],[141.73102499999996,51.721937399999995],[141.7557442,51.712698100000004],[141.7868149,51.71695239999998],[141.80714069999996,51.724672299999995],[141.80967809999999,51.735852599999994],[141.82006359999997,51.7430012],[141.8149996,51.75420689999999],[141.82728410000004,51.7687495],[141.8274021,51.7828958],[141.8161476,51.797120700000015],[141.7934428,51.8064621],[141.78654669999997,51.8218136],[141.7712259,51.830990699999994],[141.7588234,51.84334779999999],[141.735177,51.85473399999999],[141.6901588,51.86000859999999],[141.67234359999998,51.869018999999994],[141.63919689999997,51.87653399999999],[141.6266119,51.886445099999996],[141.6530451,51.8986744],[141.6641682,51.9148348],[141.67370079999998,51.935812],[141.6704594,51.9555768],[141.67600209999998,51.979941499999995],[141.6503656,52.03243590000001],[141.651696,52.049890999999995],[141.630194,52.07328199999999],[141.6314614,52.085308],[141.6377807,52.09469010000001],[141.6345942,52.102491099999995],[141.6632134,52.11673439999999],[141.6764474,52.126974399999995],[141.6943377,52.15846189999999],[141.69311999999996,52.16862489999999],[141.6818225,52.18767439999999],[141.6425738,52.22329270000001],[141.66250529999996,52.2490438],[141.6687468,52.2655409],[141.6591069,52.2898976],[141.6366836,52.308987],[141.6291279,52.32375029999999],[141.6383707,52.33062530000001],[141.6438317,52.34192709999999],[141.6474849,52.367160599999984],[141.64747949999997,52.36323149999999],[141.649577,52.36457449999999],[141.6461277,52.37522580000001],[141.6473642,52.3806013],[141.6468197,52.3763524],[141.6496307,52.3714759],[141.6495073,52.36551139999999],[141.6564435,52.3719934],[141.653595,52.3924682],[141.673615,52.40251709999999],[141.6979319,52.4052007],[141.71382670000003,52.422572],[141.7404985,52.442559],[141.7508025,52.4467718],[141.7675057,52.4623801],[141.7722724,52.4748574],[141.7876684,52.4897651],[141.7886817,52.49659059999999],[141.80337130000004,52.514780699999996],[141.80611609999997,52.52755359999998],[141.8286466,52.554541799999996],[141.8348732,52.57397819999999],[141.8331379,52.5875325],[141.82663060000002,52.59294340000001],[141.8161583,52.5952798],[141.8061724,52.594510799999995],[141.8056655,52.592239400000004],[141.8066823,52.5897126],[141.8152785,52.58987679999999],[141.8037772,52.5891402],[141.8029082,52.5897594],[141.8367952,52.641714900000004],[141.83284379999998,52.6540776],[141.8133477,52.6562583],[141.82848899999996,52.675213799999995],[141.8321228,52.68940330000001],[141.8445107,52.7037166],[141.8385159,52.713947999999995],[141.822145,52.715391799999985],[141.81977849999998,52.7190497],[141.85244169999999,52.7738559],[141.8544036,52.79890009999998],[141.8475165,52.8203868],[141.8575501,52.8836472],[141.8708421,52.8945967],[141.890237,52.9248632],[141.8871958,52.9557061],[141.91396229999998,52.99968979999999],[141.92153539999998,53.031331099999996],[141.9112587,53.0508105],[141.92287799999997,53.0545379],[141.91983529999996,53.064833],[141.9084096,53.0703398],[141.8891496,53.090335700000004],[141.8731734,53.113471800000006],[141.8419351,53.1436966],[141.8301425,53.1614473],[141.8330901,53.17597719999999],[141.83040619999997,53.1973953],[141.8045282,53.2326533],[141.7905279,53.262181],[141.7894649,53.28537049999999],[141.7944217,53.310301],[141.8023523,53.3226586],[141.8018311,53.3311477],[141.7962481,53.3389494],[141.7829338,53.344691000000005],[141.7810186,53.337599100000006],[141.7704269,53.34895920000001],[141.7646481,53.36187979999998],[141.7638322,53.3768896],[141.82980879999997,53.407452],[141.8607307,53.4266278],[141.86930459999996,53.4278785],[141.86516349999997,53.4289044],[141.8571944,53.4261106],[141.8394773,53.41587890000001],[141.8522492,53.428378800000004],[141.88288769999997,53.43909480000001],[142.1622625,53.5245533],[142.2032064,53.53371440000001],[142.25976349999996,53.5381651],[142.27155309999998,53.53406509999999],[142.27009799999996,53.5316101],[142.25549739999997,53.5323857],[142.2556061,53.5361997],[142.24818709999997,53.5293446],[142.23217429999997,53.53178539999999],[142.2168803,53.52675689999999],[142.2287249,53.51150500000001],[142.2451508,53.4982197],[142.2409987,53.48122739999999],[142.2234914,53.4791947],[142.2325015,53.46834449999999],[142.24043009999997,53.4439059],[142.23113889999996,53.4278442],[142.2241437,53.423529],[142.2415191,53.3860064],[142.2800142,53.363694],[142.3242009,53.366021100000005],[142.3260355,53.3721025],[142.346828,53.3874493],[142.3570203,53.3868607],[142.3999142,53.37361310000001],[142.43242259999997,53.378771900000004],[142.4746942,53.4039803],[142.49319069999999,53.419558599999995],[142.5258922,53.4563202],[142.54629850000003,53.4873561],[142.5849223,53.520461600000004],[142.59919169999998,53.5276498],[142.6088476,53.52884240000001],[142.6390334,53.5152249],[142.65960569999996,53.50983339999999],[142.66501309999998,53.5112626],[142.66837919999998,53.50800539999999],[142.670863,53.51047379999999],[142.66428619999996,53.51868189999999],[142.6641869,53.54585070000001],[142.6523745,53.5485631],[142.6399331,53.5421224],[142.6349267,53.543241699999996],[142.5757234,53.5784666],[142.5597632,53.600514799999985],[142.551856,53.6020427],[142.53649999999996,53.59525],[142.5386506,53.5935683],[142.52616070000002,53.5776325],[142.53522069999997,53.567130899999995],[142.53451819999998,53.5616781],[142.5196481,53.55366630000001],[142.5226843,53.55182990000001],[142.5203508,53.54754020000001],[142.514289,53.5467304],[142.4993169,53.56285859999999],[142.4974608,53.5722121],[142.5034046,53.587101399999995],[142.4955082,53.5988849],[142.49471419999998,53.62382289999999],[142.4790931,53.66147569999999],[142.5349045,53.677702999999994],[142.5549996,53.670159000000005],[142.5746977,53.67019080000001],[142.61704439999997,53.685293399999985],[142.6352915,53.6887243],[142.64617319999996,53.67467799999999],[142.64662379999996,53.662352999999996],[142.6787352,53.62501280000001],[142.6887345,53.631483399999986],[142.71949949999998,53.634642],[142.7290535,53.63918699999999],[142.78458589999997,53.70989139999999],[142.7854442,53.728639099999995],[142.76768799999996,53.7711571],[142.77071889999996,53.7809843],[142.7654242,53.7836404],[142.7577907,53.7963355],[142.7579141,53.8107435],[142.7442831,53.82108079999999],[142.7434114,53.831037200000004],[142.7045542,53.8375917],[142.7026069,53.8449348],[142.6979238,53.84690649999999],[142.6837903,53.7822049],[142.6765838,53.7707471],[142.6766753,53.7361727],[142.6708496,53.725319400000004],[142.6241791,53.7048809],[142.5998327,53.68634250000001],[142.58807659999997,53.6930983],[142.58206840000003,53.7053953],[142.5847721,53.715555299999984],[142.6488447,53.7888635],[142.6760959,53.829458899999985],[142.69042969999998,53.8586775],[142.6992166,53.91172009999999],[142.6949465,53.9434136],[142.6819995,53.955599400000004],[142.662465,53.9645755],[142.6482841,53.9802885],[142.6247773,53.9933119],[142.59285629999997,54.01714020000001],[142.5746924,54.0315778],[142.5669515,54.043276399999996],[142.54322750000003,54.053583599999996],[142.51767399999997,54.0816333],[142.50175,54.094],[142.44249559999997,54.126935700000004],[142.4135452,54.1576267],[142.4015343,54.2020238],[142.37269519999998,54.237887399999984],[142.3527785,54.2457831],[142.328196,54.269277200000005],[142.2969523,54.2813778],[142.2760874,54.294829699999994],[142.2614318,54.29941290000001],[142.25823459999998,54.3046309],[142.2624564,54.3101832],[142.2750708,54.313078],[142.3002648,54.30341649999999],[142.3167175,54.2931391],[142.34290190000002,54.2848754],[142.3749483,54.27906960000001],[142.4152887,54.27873139999999],[142.5000572,54.2925724],[142.60914149999996,54.3261853],[142.57782509999998,54.3131384],[142.5908299,54.290821300000005],[142.57808579999997,54.291067000000005],[142.5686484,54.28730899999999],[142.556991,54.29588780000001],[142.5197992,54.29214110000001],[142.514047,54.29402219999999],[142.5143848,54.29099],[142.5187492,54.2915069],[142.511244,54.28632209999999],[142.5185736,54.28350850000001],[142.5061927,54.255918699999995],[142.52108009999998,54.240755],[142.53723929999998,54.2357228],[142.5454245,54.23697289999999],[142.5615383,54.2445561],[142.5656166,54.2525212],[142.55392339999997,54.2627336],[142.5415601,54.289338700000016],[142.5542897,54.29078819999999],[142.5715727,54.285361099999996],[142.59202089999997,54.265577799999996],[142.59867589999996,54.2638111],[142.6077509,54.2669558],[142.60542909999998,54.27620739999999],[142.62105579999997,54.2827811],[142.61553719999998,54.2854658],[142.6220039,54.287675],[142.63111919999997,54.2848615],[142.6328583,54.2901606],[142.6044447,54.3214665],[142.61124669999998,54.325300399999996],[142.6099859,54.32711770000001],[142.64422059999998,54.341905000000004],[142.66949769999997,54.358594399999994],[142.676155,54.37626759999999],[142.6740307,54.383747099999994],[142.6619607,54.3924715],[142.6629524,54.410144800000005],[142.6843786,54.417809399999996],[142.6882383,54.424093899999995],[142.70527299999998,54.4254514],[142.7260709,54.4193045],[142.72598499999998,54.40766669999999],[142.73532989999998,54.4011909],[142.73285149999998,54.38844219999999],[142.7673339,54.359307099999995],[142.76732399999997,54.352683199999994],[142.7851867,54.32580939999999],[142.7871166,54.310484],[142.80320120000002,54.28940589999999],[142.8903066,54.2196662],[142.8887281,54.216041899999986],[142.9171354,54.18552499999999],[142.93071,54.1771649],[142.9565772,54.1516769],[142.9657678,54.147843899999984],[142.9877472,54.11451520000001],[142.98882539999997,54.0957355],[142.9970035,54.0796113],[142.98516019999997,54.058613300000005],[142.9783916,54.0353632],[142.93868149999997,54.0134808],[142.9354495,54.008642],[142.913221,53.99543169999999],[142.8984989,53.9726763],[142.89150119999996,53.9485211],[142.8846538,53.94958270000001],[142.88177629999998,53.9471291],[142.8879744,53.942115900000005],[142.8903991,53.946312],[142.88791279999998,53.9071496],[142.89246859999997,53.8728532],[142.8876583,53.8855152],[142.8557128,53.8843061],[142.860412,53.88565309999999],[142.8611094,53.8932912],[142.8688294,53.89516099999999],[142.86322159999997,53.8973911],[142.8510457,53.88214959999999],[142.8293064,53.8688638],[142.83655059999998,53.862345299999994],[142.85346779999998,53.8673771],[142.8820628,53.864726299999994],[142.8938135,53.872834799999985],[142.8992638,53.84198029999999],[142.91729359999997,53.79720210000001],[142.9032468,53.820086499999995],[142.8708458,53.805669],[142.8694725,53.8006762],[142.8873252,53.7682974],[142.9034154,53.7654433],[142.92803049999998,53.76742219999999],[142.9310131,53.7620824],[142.9210567,53.760611],[142.91605709999996,53.7415158],[142.9267215,53.7381526],[142.94139859999999,53.7258653],[142.9535651,53.72179619999999],[142.9461407,53.7175363],[142.94092119999996,53.70901819999999],[142.9360771,53.7125965],[142.9327082,53.70965009999999],[142.942009,53.70246130000001],[142.9518688,53.7011086],[142.96512969999998,53.7088883],[142.9237573,53.7759565],[142.9177033,53.796128800000005],[142.9346502,53.7613847],[142.9780644,53.691891299999995],[142.9726035,53.69589659999998],[142.9651093,53.694340300000015],[142.94994409999998,53.6851313],[142.9554726,53.678940099999984],[142.9486835,53.664190199999986],[142.95160579999998,53.6541598],[142.9640365,53.6476333],[142.97096729999998,53.65565190000001],[142.989732,53.664864],[142.97712570000002,53.687121700000006],[142.97816629999997,53.691348100000006],[143.0135661,53.6342348],[143.00206109999996,53.63413609999999],[142.9476764,53.61965139999999],[142.964689,53.61269159999999],[142.97295819999997,53.61281509999999],[142.97733230000003,53.6165494],[142.9836177,53.6137393],[142.9889166,53.6181148],[143.0149689,53.61594620000001],[143.0086918,53.6098497],[143.0196335,53.6056396],[143.0141287,53.6333948],[143.0615723,53.560668],[143.0566692,53.561762499999986],[143.0503915,53.5732155],[143.0396077,53.579467900000004],[143.03600009999997,53.58686409999999],[143.0282888,53.5890867],[143.00538,53.582477499999996],[143.0045244,53.5709825],[142.99016389999997,53.5627996],[142.9731224,53.56213369999999],[142.9810685,53.5650665],[142.9782683,53.572919199999994],[142.9720925,53.56570930000001],[142.9633552,53.57007780000001],[142.9645166,53.56525769999999],[142.9695269,53.5630346],[142.9675823,53.5589745],[142.9839411,53.5509041],[142.99490329999998,53.53557],[143.01451299999997,53.5319193],[143.05477829999998,53.53641569999999],[143.06131479999996,53.548429199999994],[143.0521309,53.5605645],[143.0616635,53.5596476],[143.1051973,53.4874981],[143.0932803,53.49355039999998],[143.080386,53.4928261],[143.0803769,53.488621699999996],[143.0905509,53.4864879],[143.10169279999997,53.48922809999999],[143.1038421,53.4871626],[143.1057322,53.48759389999999],[143.1292766,53.451611699999994],[143.1143693,53.4710545],[143.1044984,53.47707080000001],[143.0760669,53.4713173],[143.05765629999996,53.4578661],[143.06121829999998,53.4518609],[143.05455559999996,53.4516692],[143.05595040000003,53.447816499999995],[143.06703329999996,53.437380999999995],[143.0861306,53.4333543],[143.10814619999996,53.437559900000004],[143.1213212,53.442698099999994],[143.12634769999997,53.44886429999999],[143.13077639999997,53.44851830000001],[143.1493375,53.424627],[143.1455898,53.422602],[143.13770449999998,53.4253806],[143.1351156,53.4315364],[143.11906449999998,53.42974999999999],[143.1042054,53.41457359999998],[143.11098469999996,53.4093197],[143.1112617,53.40161729999999],[143.0880098,53.3961537],[143.08265139999997,53.390840100000005],[143.09279019999997,53.3837663],[143.1017851,53.3848006],[143.1030013,53.3819564],[143.1148259,53.37944250000001],[143.1255307,53.38394589999999],[143.1333335,53.391421799999996],[143.14828879999996,53.3904021],[143.158524,53.3969363],[143.1562452,53.4033223],[143.1537669,53.3996977],[143.15621129999997,53.403888499999994],[143.1523107,53.40636239999999],[143.1354287,53.404015],[143.1339837,53.40753959999999],[143.12159319999998,53.4057522],[143.128529,53.41265729999999],[143.1487441,53.42168130000001],[143.2013583,53.3262275],[143.2440859,53.223234500000004],[143.2644761,53.1558232],[143.331145,52.841791],[143.3304477,52.838161799999995],[143.3252764,52.8364314],[143.3124762,52.8761325],[143.31505179999996,52.8880106],[143.309344,52.89843170000001],[143.3127075,52.9078053],[143.30470919999996,52.92824420000001],[143.30463949999998,52.95324359999999],[143.2968798,52.96044679999999],[143.2945544,52.9828294],[143.2851988,52.9915309],[143.2851157,53.0246616],[143.2765487,53.031134400000006],[143.2765366,53.04750430000001],[143.255716,53.0700409],[143.2540369,53.076270699999995],[143.2659915,53.0963385],[143.26023009999997,53.09620319999999],[143.25377939999998,53.0836887],[143.2471168,53.10056929999998],[143.2505393,53.12634140000001],[143.256644,53.1394791],[143.25445529999996,53.1454512],[143.2457274,53.1556816],[143.22441459999996,53.15921989999999],[143.2198065,53.168578799999985],[143.19249629999996,53.18244289999999],[143.18697629999997,53.1899583],[143.15212899999997,53.19782270000001],[143.14431309999998,53.20686150000001],[143.1357729,53.210206],[143.1447637,53.21866409999999],[143.14262330000003,53.222332],[143.13514529999998,53.2233389],[143.134802,53.2262164],[143.1461209,53.23932680000001],[143.14831229999996,53.24957010000001],[143.1418991,53.2670305],[143.13549939999996,53.27454549999999],[143.1280214,53.277278499999994],[143.1366527,53.2838696],[143.1558144,53.2890713],[143.1933519,53.282359],[143.1945562,53.280744199999994],[143.1867188,53.2807265],[143.1905812,53.27820229999999],[143.193419,53.2785936],[143.1982684,53.2833148],[143.1936121,53.2888404],[143.1858981,53.28632619999999],[143.1820196,53.2901407],[143.1810996,53.2870333],[143.1716233,53.288779399999996],[143.17205789999997,53.305243],[143.1819391,53.329975999999995],[143.1768751,53.332974500000006],[143.1853938,53.3361458],[143.1668866,53.33837510000001],[143.1645584,53.3416966],[143.17150529999998,53.34565980000001],[143.1588346,53.344758299999995],[143.1738174,53.3507114],[143.1811184,53.35914170000001],[143.1732917,53.356503599999996],[143.1709045,53.3518418],[143.16249849999997,53.3502824],[143.1563938,53.3522036],[143.1591296,53.35559759999999],[143.14997789999998,53.3569807],[143.15625429999997,53.36637],[143.1343487,53.364299],[143.1290486,53.3663172],[143.0818927,53.341932],[143.0862486,53.3375455],[143.0828476,53.3331987],[143.0884373,53.3239463],[143.07328279999996,53.30570449999999],[143.07026269999997,53.29566539999999],[143.0727249,53.2883385],[143.0692112,53.28337890000001],[143.03668949999997,53.2720562],[143.03176219999997,53.25907780000001],[143.04418619999998,53.2506149],[143.06412039999998,53.247620199999986],[143.054899,53.2295899],[143.0589981,53.22577729999999],[143.0582517,53.216567399999995],[143.0667597,53.2095795],[143.0785655,53.2104299],[143.0802432,53.2167272],[143.0811524,53.2128242],[143.08347789999996,53.22975689999999],[143.07875389999998,53.23453369999999],[143.08427179999998,53.23213470000001],[143.0835047,53.21561090000001],[143.0755949,53.19076509999999],[143.0814475,53.18336239999999],[143.0867824,53.16046619999999],[143.0996013,53.15245869999998],[143.0906877,53.144173800000004],[143.0824587,53.119487799999995],[143.0890837,53.1113015],[143.10478,53.10332470000001],[143.1042087,53.08754540000001],[143.1258944,53.065023700000005],[143.1062713,53.0530128],[143.1003031,53.044897],[143.10544649999997,53.0447873],[143.09901859999997,53.0368135],[143.1046888,53.03590059999999],[143.1069781,53.03151829999999],[143.1153023,53.03132800000001],[143.1174991,53.02927050000001],[143.11317,53.0257361],[143.1273964,53.0207146],[143.1243414,53.0168196],[143.11083379999997,53.0189156],[143.11722009999997,53.0164654],[143.1128878,53.01534079999999],[143.11733279999999,53.0155312],[143.11626259999997,53.0113461],[143.1675786,52.99550240000001],[143.160578,52.9901924],[143.16523429999998,52.97433289999999],[143.1861716,52.95623460000001],[143.1773686,52.95434890000001],[143.16219809999998,52.941784999999996],[143.1710064,52.93631489999999],[143.1706792,52.9307794],[143.1766096,52.9324414],[143.1966644,52.9214204],[143.201935,52.9057549],[143.2133532,52.90783439999999],[143.2258724,52.9024199],[143.2240954,52.8998866],[143.2154044,52.901842699999996],[143.2121609,52.8984608],[143.21532989999997,52.898112100000006],[143.20912059999998,52.89155629999999],[143.21053419999998,52.88344010000001],[143.2165986,52.8809175],[143.22261209999996,52.8852398],[143.22726309999996,52.877227600000005],[143.2189,52.87975930000001],[143.235767,52.8682732],[143.2356597,52.8624724],[143.2400385,52.860915299999995],[143.2335797,52.8493498],[143.2489796,52.84315140000001],[143.25062109999996,52.84930279999999],[143.2562993,52.8480822],[143.251696,52.8533837],[143.2534254,52.8630537],[143.25703559999997,52.8547596],[143.2670282,52.86500250000001],[143.2591197,52.86594],[143.26163289999997,52.8694535],[143.25708989999998,52.873424899999996],[143.2582882,52.8807718],[143.27212840000004,52.8984171],[143.2830825,52.90489670000001],[143.28274899999997,52.91056880000001],[143.26689,52.93302179999999],[143.2774472,52.949811200000006],[143.2852364,52.955278],[143.2807249,52.9581493],[143.2759666,52.9522465],[143.2766037,52.9580208],[143.2871152,52.9584587],[143.2861778,52.955297400000006],[143.2933286,52.9489999],[143.2940608,52.919118399999995],[143.30125989999996,52.9067668],[143.2972902,52.8931098],[143.3040802,52.886304800000005],[143.3029979,52.86367959999999],[143.3119632,52.8497992],[143.3045,52.82949999999999],[143.31250899999998,52.81610799999999],[143.3076811,52.7539641],[143.3142256,52.7129903],[143.31761599999996,52.72360940000001],[143.31441880000003,52.73178310000001],[143.31494449999997,52.77901529999999],[143.31936480000002,52.78665310000001],[143.3174121,52.8040327],[143.32127449999996,52.81418219999999],[143.3138823,52.82805690000001],[143.3195633,52.8326105],[143.3156446,52.8316123],[143.3161475,52.8373169],[143.333044,52.8214378],[143.323431,52.80696429999998],[143.3159925,52.5834632],[143.3065224,52.5352876],[143.279357,52.4453547],[143.2465312,52.39326189999999],[143.2128811,52.35876309999999],[143.18284029999998,52.31991729999999],[143.17496540000002,52.31610359999999],[143.173914,52.3233995],[143.1842565,52.3352407],[143.19246949999996,52.355191899999994],[143.18848369999998,52.362376499999996],[143.17970219999998,52.3673555],[143.1958061,52.38251189999999],[143.2008675,52.4013977],[143.22017669999997,52.4136369],[143.2274294,52.429968],[143.2338399,52.4352829],[143.26130029999996,52.4443182],[143.2740328,52.4532487],[143.2762563,52.4687727],[143.27162149999998,52.4793286],[143.2508397,52.47903130000001],[143.232649,52.47173010000001],[143.2290333,52.4794446],[143.24360310000003,52.491603299999994],[143.2477686,52.4999968],[143.24635239999998,52.5082908],[143.25576160000003,52.51565449999999],[143.26695439999997,52.5360397],[143.2821786,52.5439566],[143.27838059999996,52.54975019999999],[143.266831,52.5536677],[143.2725254,52.563314600000005],[143.2801241,52.57425369999999],[143.29681279999997,52.5827488],[143.3009273,52.587856099999996],[143.2980224,52.5970606],[143.2912338,52.6000973],[143.2842761,52.599365],[143.2667103,52.589749700000006],[143.2778335,52.6133807],[143.2852846,52.62104750000001],[143.2812224,52.62744959999999],[143.2896218,52.6366945],[143.28923819999997,52.64214390000001],[143.2788581,52.6330548],[143.2755589,52.61753019999999],[143.2707283,52.607571],[143.2655516,52.6059731],[143.2660156,52.601107400000004],[143.2586208,52.59954510000001],[143.2532671,52.5944782],[143.2262009,52.59658319999999],[143.2419428,52.583974399999995],[143.253369,52.5874129],[143.25985730000002,52.5842433],[143.2520816,52.5825158],[143.2479644,52.5748047],[143.2501289,52.5698768],[143.236793,52.568059],[143.2385659,52.57150860000001],[143.2341725,52.5728616],[143.2275903,52.5701555],[143.23795709999996,52.56397499999999],[143.23580319999996,52.5616499],[143.24163169999997,52.556214999999995],[143.2250476,52.5544293],[143.2246828,52.5507614],[143.21511000000004,52.5485759],[143.22926669999998,52.547121],[143.2325417,52.53218360000001],[143.2250905,52.532128900000004],[143.222352,52.5247647],[143.2117733,52.52257949999999],[143.2192218,52.518457000000005],[143.21222129999998,52.517102300000005],[143.2290199,52.5139683],[143.23745819999996,52.5246489],[143.2416129,52.5169962],[143.2356584,52.513989599999995],[143.23304589999998,52.50165249999999],[143.2277995,52.49793290000001],[143.2051483,52.4911689],[143.20039000000003,52.4909974],[143.2065135,52.492593],[143.2057625,52.4961171],[143.2004303,52.492246800000004],[143.1940734,52.495153599999995],[143.1995988,52.4833846],[143.1815153,52.48250579999999],[143.1814375,52.485606],[143.176749,52.4823686],[143.1665754,52.48737659999999],[143.17149189999998,52.483690100000004],[143.1648588,52.480944199999996],[143.181451,52.48145379999999],[143.18499679999996,52.47482780000001],[143.1720284,52.4706615],[143.16263789999996,52.4736057],[143.15982159999996,52.469164799999994],[143.1735921,52.47031509999999],[143.1767088,52.4613685],[143.16732639999998,52.4604418],[143.1776315,52.4601575],[143.1794554,52.4619029],[143.1872285,52.4576846],[143.19082260000002,52.4500073],[143.17970749999998,52.4363784],[143.16618349999996,52.42748689999999],[143.1479019,52.4271436],[143.1550848,52.423524],[143.16582439999996,52.4259578],[143.1685066,52.42356],[143.1586254,52.4182503],[143.1537411,52.4198121],[143.15515989999997,52.41196819999999],[143.1499833,52.4034596],[143.14287539999998,52.40107699999999],[143.14374439999997,52.3895611],[143.1380408,52.37683509999999],[143.1334501,52.37022799999999],[143.11776860000003,52.360662],[143.11735150000004,52.35260350000001],[143.122,52.35075],[143.1197078,52.333648],[143.1101149,52.32324210000001],[143.11508379999998,52.322775499999985],[143.1127811,52.31882869999998],[143.11625,52.315749999999994],[143.10819640000003,52.311551699999995],[143.1276373,52.30797299999999],[143.1171691,52.299858300000004],[143.11725,52.289],[143.1282145,52.28917249999999],[143.1311971,52.2822426],[143.1397641,52.2876663],[143.14026829999997,52.28240259999999],[143.14191419999997,52.287209399999995],[143.1463232,52.28509069999999],[143.1456958,52.28899280000001],[143.15201639999998,52.2908524],[143.15956150000002,52.3155052],[143.156544,52.3207895],[143.1693757,52.34293650000001],[143.17027149999998,52.3601112],[143.1754616,52.3559766],[143.1669362,52.321583],[143.180818,52.3087951],[143.16855759999999,52.29918249999999],[143.1598592,52.2843257],[143.1438303,52.22837770000001],[143.1391315,52.145488199999996],[143.1401342,52.111994],[143.1470087,52.0905291],[143.14385929999997,52.0880563],[143.1412554,52.103803400000004],[143.1369102,52.105608999999994],[143.1357676,52.1365898],[143.1304839,52.15369419999999],[143.12555909999998,52.1574763],[143.1302315,52.1633734],[143.12993649999999,52.18063579999999],[143.1413017,52.22344090000001],[143.1389184,52.2390562],[143.1462269,52.2512457],[143.14609119999997,52.260500099999994],[143.135592,52.2384485],[143.1366971,52.2276381],[143.1296353,52.218598699999994],[143.1270021,52.20513129999999],[143.12990959999996,52.200962499999996],[143.12549199999998,52.1969594],[143.12867579999997,52.190634299999985],[143.12158409999998,52.182366],[143.1263551,52.1751053],[143.1202912,52.1608889],[143.1162143,52.1596746],[143.10875239999996,52.16507130000001],[143.1086826,52.171069499999994],[143.0979538,52.180063499999996],[143.0930158,52.17285429999999],[143.0755681,52.170829299999994],[143.0898267,52.1710645],[143.096146,52.16272849999999],[143.0974442,52.12471839999998],[143.0999923,52.1277318],[143.1025028,52.12545949999999],[143.0967929,52.1218422],[143.1016874,52.119320099999996],[143.0975729,52.1090009],[143.0930641,52.1121917],[143.08657299999996,52.1116676],[143.0995041,52.0973842],[143.0948102,52.0961715],[143.09132069999998,52.0883191],[143.09860559999998,52.0861304],[143.098729,52.09398480000001],[143.1093371,52.08676990000001],[143.1242609,52.0587544],[143.11955620376102,52.05597636744054],[143.1255124,52.0557537],[143.1323011,52.04572300000001],[143.1295087,52.04390060000001],[143.1245432,52.05130309999999],[143.1116965,52.0492217],[143.11473209245176,52.053127822580954],[143.1101847,52.05273789999998],[143.1101149,52.046222300000004],[143.0922139,52.0514217],[143.08802570000003,52.0485376],[143.1066844,52.04577859999999],[143.11391289999997,52.04053079999999],[143.1149912,52.029888],[143.1196904,52.025452],[143.12105829999996,52.02812889999999],[143.1250119,52.0272179],[143.129693796534,52.02048354071217],[143.13903449999998,52.01596120000001],[143.14070279999999,52.00744749999999],[143.1363665821597,52.00986046579477],[143.1380153,52.0069374],[143.13281709999998,52.00365489999999],[143.1447744,51.99375320000001],[143.14440969999998,51.985463300000006],[143.1507075,51.97539069999999],[143.1351319,51.961777500000004],[143.1297889,51.96872499999999],[143.1317657,51.9735798],[143.11943289999996,51.9776773],[143.11787189999998,51.9666032],[143.1302315,51.9550949],[143.1054774,51.94018249999999],[143.1067836,51.93209430000001],[143.0994746,51.9292976],[143.10882479999998,51.928774899999986],[143.1240061,51.91856719999999],[143.1540656,51.909623],[143.1441656,51.8932669],[143.1492752,51.87668310000001],[143.1444392,51.87398550000001],[143.1569758,51.87481100000001],[143.1647408,51.8671939],[143.1840339,51.87635519999999],[143.18329229999998,51.8730085],[143.1936416,51.8653455],[143.18904699999996,51.86200960000001],[143.19888529999997,51.8642457],[143.1987405,51.8666622],[143.2035121,51.864247299999995],[143.2064223,51.8664883],[143.2138091,51.8578186],[143.2106119,51.85645689999999],[143.2147694,51.8563741],[143.2099521,51.85049269999999],[143.22051999999996,51.85458160000001],[143.22946789999997,51.8700756],[143.2221964,51.87566139999999],[143.22260679999997,51.88535240000001],[143.2026511,51.9251675],[143.1911176,51.93585499999999],[143.1756493,51.9728875],[143.1857337,51.966274299999995],[143.249631,51.8411492],[143.30597789999996,51.74769439999999],[143.30006899999998,51.735377500000006],[143.3069301,51.73090229999999],[143.3285969,51.69236169999999],[143.31617829999996,51.69058929999999],[143.3183348,51.70274549999999],[143.311353,51.71319669999999],[143.2906678,51.714876799999985],[143.2854402,51.71252199999999],[143.2840401,51.7148885],[143.2752693,51.70120949999998],[143.2543963,51.6852217],[143.2556301,51.65314260000001],[143.250035,51.652117499999996],[143.2446599,51.65610790000001],[143.24880659999997,51.62501059999999],[143.24569519999997,51.6210524],[143.2416505,51.62232139999999],[143.24155520000002,51.61443250000001],[143.2338372,51.6137996],[143.2254606,51.61784829999999],[143.2197288,51.61279360000001],[143.2297978,51.60672220000001],[143.2287115,51.60281899999999],[143.24299159999998,51.5797432],[143.21450109999998,51.5470289],[143.2083428,51.5130526],[143.2209921,51.50780429999999],[143.2253641,51.510532],[143.22851169999998,51.5023374],[143.24470549999998,51.5064194],[143.2374287,51.50841189999999],[143.24687809999998,51.5098409],[143.2462531,51.5144598],[143.2499385,51.51595199999999],[143.2549167,51.5131895],[143.251934,51.505153099999994],[143.2583123,51.50107929999999],[143.268553,51.51056210000001],[143.2671583,51.51522930000001],[143.27142299999997,51.51405079999999],[143.2859874,51.5195455],[143.2840589,51.5148854],[143.294726,51.51524259999999],[143.31125380000003,51.502779],[143.30314279999996,51.49866659999999],[143.31304549999996,51.4955724],[143.3200353,51.4965158],[143.3158457,51.50334670000001],[143.3308393,51.505710699999995],[143.34125549999996,51.513982799999994],[143.3495772,51.51265870000001],[143.3536568,51.518120200000006],[143.3457148,51.5158969],[143.3544615,51.5239915],[143.3555531,51.53957239999999],[143.33869009999998,51.5775346],[143.3422548,51.5994487],[143.33659800000004,51.5995636],[143.3367991,51.59554490000001],[143.3349967,51.61271359999999],[143.33732489999997,51.621607],[143.3484538,51.6331339],[143.357314,51.6335578],[143.3638814,51.62818260000001],[143.3600512,51.629178299999985],[143.36082099999996,51.6101403],[143.3813292,51.5978409],[143.3894348,51.565760000000004],[143.3983612,51.54479380000001],[143.40315429999998,51.5445753],[143.39890029999998,51.5433909],[143.4009817,51.52436699999999],[143.4189767,51.4952117],[143.4238771,51.476261199999996],[143.4253281,51.4784847],[143.42444839999996,51.46736779999999],[143.4307891,51.460771400000006],[143.4368056,51.44032860000001],[143.4411786,51.438685799999995],[143.4370133,51.44043090000001],[143.4376046,51.45748999999999],[143.4245,51.48799999999999],[143.422,51.507],[143.40775,51.526500000000006],[143.41175,51.54625],[143.4005,51.568999999999996],[143.393,51.57200000000001],[143.39649999999997,51.577000000000005],[143.39075,51.57750000000001],[143.393,51.58425],[143.38375,51.59224999999999],[143.38724999999997,51.597],[143.3833516,51.60861609999999],[143.37642069999998,51.6103285],[143.3763832,51.6240016],[143.36612369999997,51.6355647],[143.3595,51.63524999999999],[143.36325,51.6515],[143.351,51.66424999999999],[143.345,51.684],[143.3278406,51.713455899999985],[143.3043772,51.74095909999998],[143.3221033,51.73487919999999],[143.34519449999996,51.6976296],[143.4345442,51.50004409999999],[143.46813619999998,51.384957699999994],[143.47962809999999,51.32553],[143.4777009,51.324296399999994],[143.47560349999998,51.3363496],[143.4574127,51.359441699999984],[143.4425211,51.37044079999999],[143.4184348,51.3640909],[143.4058392,51.35341849999999],[143.37630269999997,51.3536631],[143.37374929999996,51.3476793],[143.3837378,51.338501199999996],[143.37568039999996,51.3315133],[143.38401669999996,51.3256607],[143.39930529999998,51.33063680000001],[143.4228578,51.32790659999999],[143.4237966,51.32495339999999],[143.4140843,51.31928609999999],[143.42062759999996,51.30376239999999],[143.4118259,51.30658449999999],[143.4176999,51.30337159999999],[143.40887810000004,51.296842999999996],[143.41562120000003,51.2948002],[143.42833350000004,51.3046301],[143.45875109999997,51.298223199999995],[143.4734872,51.2867253],[143.47017469999997,51.279295],[143.48154189999997,51.274531499999995],[143.4666771,51.2710244],[143.4697133,51.2640968],[143.47419800000003,51.262744],[143.48797379999996,51.2688278],[143.49120319999997,51.2570942],[143.4838754,51.261032],[143.47787260000004,51.25928969999998],[143.4735596,51.248300799999996],[143.48050119999996,51.2452149],[143.4872557,51.248057700000004],[143.4907418,51.2399911],[143.5009021,51.2396334],[143.493652,51.22959049999999],[143.4809089,51.2341722],[143.4747773,51.23195199999999],[143.47819979999997,51.22363429999999],[143.46709009999998,51.2253678],[143.46506239999997,51.214132199999995],[143.4724116,51.21390709999999],[143.47396189999998,51.21639700000001],[143.488588,51.214441400000005],[143.5048905,51.2242944],[143.51850269999997,51.22348980000001],[143.5232797,51.2260346],[143.5192497,51.22595150000001],[143.51858319999997,51.23689279999999],[143.5035078,51.2621624],[143.496286,51.26631879999999],[143.4961787,51.2778571],[143.47431729999997,51.28502009999999],[143.4914741,51.29138520000001],[143.4772074,51.321575900000006],[143.4811798,51.3228834],[143.52495339999996,51.226785500000005],[143.5994571,51.0147671],[143.6546838,50.8249558],[143.6589378,50.814636099999994],[143.6706644,50.80363109999999],[143.6652812,50.791080599999994],[143.67040429999997,50.77747260000001],[143.6671856,50.7655826],[143.67098629999998,50.741353999999994],[143.6995411,50.656936099999996],[143.69762599999999,50.64604659999999],[143.689295,50.6421776],[143.6996564,50.601142],[143.69754020000002,50.5872012],[143.7227261,50.4969884],[143.75809909999998,50.3967759],[143.79258149999998,50.3166477],[143.83262159999998,50.2387379],[143.87875559999998,50.16738089999998],[143.93360669999998,50.1028097],[143.9804864,50.036587000000004],[143.9970732,50.01923889999999],[143.98707389999998,49.9888216],[143.99900969999996,49.9522658],[144.0687793,49.823355699999986],[144.12084639999998,49.7551812],[144.12604179999997,49.743386],[144.1243386,49.7259253],[144.1188347,49.722870099999994],[144.12010069999997,49.713023400000004],[144.11407109999996,49.7006211],[144.11926389999996,49.68388780000001],[144.11605060000002,49.67519959999999],[144.1342628,49.6152564],[144.1926169,49.545483999999995],[144.2365757,49.50806639999999],[144.2389467,49.5003571],[144.2254499,49.4937356],[144.21436429999997,49.481097899999995],[144.2234248,49.4444611],[144.21849489999997,49.43116359999999],[144.2465937,49.3775427],[144.24090739999997,49.3754297],[144.2407469,49.367826400000006],[144.2540556,49.331570600000006],[144.26932809999997,49.3045767],[144.2722142,49.27222189999999],[144.2792094,49.24770809999999],[144.3318236,49.1755263],[144.3578571,49.1142482],[144.39430829999998,49.0599339],[144.3853927,49.0511734],[144.3923771,49.037087199999995],[144.4258404,49.0116229],[144.4963181,48.975639799999996],[144.5147073,48.9698754],[144.5274129,48.9583834],[144.54579409999997,48.9507007],[144.55931779999997,48.9400746],[144.5817451,48.9312912],[144.59033219999998,48.9242722],[144.6000177,48.922389999999986],[144.61562009999997,48.90774739999999],[144.65999989999997,48.8855787],[144.6767127,48.8675308],[144.68971069999998,48.8614169],[144.68958199999997,48.85785409999999],[144.6771526,48.84925919999999],[144.6713161,48.8267786],[144.68308029999997,48.797613199999994],[144.69287039999998,48.7851873],[144.7034866,48.7785031],[144.6992996,48.7716606],[144.6872967,48.77295989999999],[144.67515169999996,48.7621122],[144.6723997,48.72437790000001],[144.6831393,48.70243249999999],[144.7084272,48.6716361],[144.7285116,48.6541897],[144.7453945,48.6485336],[144.7475123,48.6452578],[144.7387469,48.641671699999996],[144.7280006,48.6515455],[144.7057711,48.65461330000001],[144.6894054,48.650986],[144.6677456,48.63941429999999],[144.6744306,48.6507414],[144.6765089,48.673789899999996],[144.66950789999999,48.692525],[144.65329339999997,48.7056053],[144.6602219,48.73765589999999],[144.6532816,48.7760293],[144.6101566,48.82720449999999],[144.6043535,48.84011389999999],[144.5878839,48.8487809],[144.5825262,48.8647453],[144.5619355,48.892178400000006],[144.5439302,48.9035158],[144.5031363,48.941505199999995],[144.4618514,48.967076600000006],[144.45131729999997,48.9850009],[144.4149042,49.00894939999999],[144.3827882,49.02316419999999],[144.33881879999998,49.033901],[144.3236431,49.0593293],[144.2995325,49.069237599999994],[144.27543280000003,49.08606199999999],[144.262541,49.1003523],[144.2594257,49.110459399999996],[144.24861069999997,49.118166599999995],[144.2390674,49.1382561],[144.2257516,49.14859059999999],[144.2102493,49.1534061],[144.1894546,49.1651516],[144.17722919999997,49.1748686],[144.1637157,49.1942557],[144.1547844,49.1995308],[144.1533387,49.2099544],[144.12473289999997,49.2247885],[144.04967929999998,49.2534158],[143.9439601,49.2766406],[143.8399916,49.293679399999995],[143.61761569999996,49.317975],[143.51454379999998,49.31603770000001],[143.3843185,49.303728199999995],[143.29654449999998,49.2881238],[143.1890309,49.257484299999994],[143.1987834,49.2607332],[143.2109767,49.2721799],[143.22487449999997,49.2729935],[143.2292747,49.27824869999999],[143.22589519999997,49.2826931],[143.223229,49.27608229999999],[143.20506509999998,49.2716829],[143.20930299999998,49.2758023],[143.2059342,49.2753789],[143.19678249999998,49.26262019999999],[143.1742573,49.2592103],[143.1744182,49.252803],[143.18189349999997,49.25817920000001],[143.18532939999997,49.25780639999999],[143.18397219999997,49.2535261],[143.09655899999998,49.2138302],[143.0627632,49.193802899999994],[143.006292,49.14876269999999],[142.96648259999998,49.10825750000001],[142.96892879999996,49.099473999999994],[142.9485762,49.0623065],[142.9435417,49.0322796],[142.9519987,48.9952396],[142.97043349999998,48.9829187],[142.9674482,48.98060069999999],[142.97102230000002,48.9822317],[142.9712784,48.9836417],[142.9795235,48.972571],[142.98012169999998,48.9451739],[142.98674139999997,48.9326287],[142.9790354,48.91733159999999],[142.97900319999997,48.898379999999996],[142.9112077,48.8185104],[142.9032683,48.8030441],[142.8568715,48.74677710000001],[142.8057861,48.665284],[142.78834099999997,48.62041719999999],[142.7514178,48.55634599999999],[142.7224794,48.48382959999999],[142.7124989,48.4397962],[142.67003949999997,48.358180999999995],[142.6612097,48.33355149999999],[142.6603165,48.31765789999999],[142.64666679999996,48.3084533],[142.6354283,48.278901899999994],[142.62689889999996,48.27403210000001],[142.62931019999996,48.2644608],[142.615183,48.2303404],[142.6089361,48.223604099999996],[142.6048189,48.2040439],[142.58981469999998,48.191911499999996],[142.59683129999996,48.1841222],[142.5931004,48.170561199999995],[142.5874248,48.1611298],[142.58205769999998,48.1598595],[142.58409889999996,48.1533929],[142.5771868,48.133533899999996],[142.55893169999996,48.1125926],[142.5587868,48.098418099999996],[142.54651469999996,48.0759291],[142.5441956,48.0615968],[142.546336,48.04048219999999],[142.55074019999998,48.03740169999999],[142.5490489,48.01810699999999],[142.532351,48.00983620000001],[142.5285329,47.9394925],[142.52236249999999,47.9328024],[142.5250876,47.9275115],[142.51744869999996,47.9184668],[142.51855909999998,47.911678699999996],[142.5100163,47.8957782],[142.5143453,47.8700083]],[[143.4927548,51.25589900000001],[143.50006389999996,51.2547684],[143.4944259,51.2501871],[143.4927548,51.25589900000001]],[[143.340302,51.65142589999999],[143.3429902,51.64696099999999],[143.340398,51.64573380000001],[143.33525049999997,51.65100670000001],[143.340302,51.65142589999999]],[[143.34621159999998,51.64586649999999],[143.34549049999998,51.649969899999995],[143.3517022,51.6499847],[143.34621159999998,51.64586649999999]],[[143.3246043,51.65467040000001],[143.32206739999998,51.64463550000001],[143.3180693,51.644846900000005],[143.31282289999996,51.65567229999999],[143.3246043,51.65467040000001]],[[143.34178459999998,51.66033889999999],[143.3361273,51.65908969999999],[143.34073870000003,51.65233369999999],[143.3360038,51.6557657],[143.3335876,51.65025349999999],[143.33072349999998,51.659011],[143.34018410000002,51.6643344],[143.34178459999998,51.66033889999999]],[[143.2695358,51.6598751],[143.2686924,51.67194440000001],[143.27250930000002,51.675763700000005],[143.2811674,51.65673859999999],[143.2695358,51.6598751]],[[143.32307699999998,51.68131699999999],[143.3325022,51.682890199999996],[143.3367589,51.676923],[143.3250618,51.68038899999999],[143.34005,51.673104099999996],[143.33912189999998,51.6696674],[143.33751799999996,51.673737800000005],[143.32338269999997,51.67860120000001],[143.32307699999998,51.68131699999999]],[[143.2843847,51.69195839999999],[143.2856984,51.69674639999999],[143.2930384,51.694317999999996],[143.2983336,51.688331299999994],[143.29556359999998,51.6666475],[143.2920733,51.67074689999999],[143.2942727,51.6841159],[143.2843847,51.69195839999999]],[[143.16575,51.980500000000006],[143.15949999999998,51.98749999999998],[143.16200000000003,51.995],[143.159,51.995249999999984],[143.15825,52.006999999999984],[143.15075,52.0215],[143.14425,52.02525000000001],[143.14799999999997,52.080999999999996],[143.16357129999997,52.01922630000001],[143.1781196,51.98696809999999],[143.16225,51.97825],[143.16575,51.980500000000006]],[[143.1255363,52.05755140000001],[143.1335208,52.04967609999999],[143.13089099999996,52.03877440000001],[143.13254739999996,52.045791400000006],[143.1255363,52.05755140000001]],[[143.13087950000002,52.08588650000001],[143.1288121,52.0839326],[143.12685709999997,52.0916303],[143.13087950000002,52.08588650000001]],[[143.1259542,52.11047229999999],[143.1292054,52.1038679],[143.1225764,52.08777130000001],[143.13050869999998,52.0687819],[143.1243017,52.0821737],[143.1187563,52.08583530000001],[143.11356040000004,52.1019524],[143.11632519999998,52.11133110000001],[143.1259542,52.11047229999999]],[[143.1133998,52.1415221],[143.1213764,52.1391037],[143.1236394,52.12904919999999],[143.12595129999997,52.13022459999999],[143.1228687,52.127147],[143.1061529,52.131321899999996],[143.1103557,52.1336676],[143.11525889999996,52.1317207],[143.1104443,52.1391622],[143.1133998,52.1415221]],[[143.17551009999997,52.416488400000006],[143.1661843,52.42030329999999],[143.170019,52.422993500000004],[143.175475,52.4213031],[143.17551009999997,52.416488400000006]],[[143.2484257,52.462033599999984],[143.2514781,52.4585395],[143.2523927,52.4621202],[143.2460734,52.4631563],[143.2571107,52.4641107],[143.25477449999997,52.4541575],[143.2223439,52.436749600000006],[143.1921047,52.400284899999996],[143.1985098,52.438765800000006],[143.2098502,52.45136399999999],[143.2236582,52.4549928],[143.22672929999996,52.45893170000001],[143.22812409999997,52.45633629999999],[143.2311094,52.46039119999999],[143.244499,52.45846100000001],[143.2484257,52.462033599999984]],[[141.3803905,52.43915159999999],[141.3778692,52.444331299999995],[141.38309959999998,52.4509194],[141.3857067,52.44241839999999],[141.3803905,52.43915159999999]],[[141.3403344,52.46306319999999],[141.3751066,52.469253099999996],[141.38973,52.46465160000001],[141.3837755,52.4607099],[141.3751817,52.462187199999995],[141.3600218,52.4496084],[141.3363862,52.45482599999999],[141.3322878,52.453289599999984],[141.32916919999997,52.4642048],[141.3341761,52.465821600000005],[141.3403344,52.46306319999999]],[[141.3843763,52.5019725],[141.3754606,52.50338320000001],[141.3766301,52.51042279999999],[141.3932383,52.50609339999999],[141.3843763,52.5019725]],[[141.3578278,52.511797300000005],[141.34734029999998,52.5143993],[141.34763,52.51715120000001],[141.3628221,52.51627310000001],[141.3578278,52.511797300000005]],[[143.2675574,52.54597590000001],[143.2708598,52.5434046],[143.2595517,52.5424652],[143.2675574,52.54597590000001]],[[143.28485549999996,52.589663300000005],[143.26968219999998,52.567943299999996],[143.25592519999998,52.5554844],[143.2577062,52.550737000000005],[143.2457489,52.548179600000005],[143.2592162,52.579547899999994],[143.28485549999996,52.589663300000005]],[[143.2252434,52.899371699999996],[143.22745079999999,52.89527],[143.22395589999996,52.89189129999999],[143.2228294,52.8963509],[143.2252434,52.899371699999996]],[[143.23102580000003,53.1085859],[143.2389555,53.116454],[143.2330237,53.1085447],[143.2372292,53.1035567],[143.23102580000003,53.1085859]],[[141.43056390000004,53.146628799999995],[141.4212298,53.14832750000001],[141.42522099999996,53.153352599999984],[141.43235559999997,53.1545171],[141.43056390000004,53.146628799999995]],[[141.4480866,53.30311900000001],[141.44122299999998,53.30270349999999],[141.4319427,53.297098000000005],[141.4344697,53.3039103],[141.4480866,53.30311900000001]],[[141.4482773,53.3106051],[141.4400267,53.3092817],[141.4056963,53.3249725],[141.3936271,53.32589070000001],[141.3881976,53.3238981],[141.3899311,53.321964],[141.38368389999997,53.3221984],[141.37236699999997,53.331829000000006],[141.3666431,53.342843899999984],[141.36597290000003,53.3389828],[141.35352669999997,53.33453110000001],[141.35260249999996,53.3317715],[141.3578089,53.328975],[141.32546110000004,53.3298213],[141.32737109999997,53.338412500000004],[141.31915549999997,53.341428900000004],[141.3187265,53.34670859999999],[141.3350987,53.35082030000001],[141.3823914,53.3494114],[141.4561629,53.317544],[141.3861894,53.3453508],[141.45989649999999,53.3135188],[141.4799809,53.2991585],[141.478157,53.2965038],[141.45785599999996,53.2971091],[141.4614486,53.300487000000004],[141.4556538,53.3033455],[141.4547523,53.309248999999994],[141.45508569999998,53.305551900000005],[141.4482773,53.3106051]],[[141.8307495,53.413266599999986],[141.7920398,53.4103505],[141.7444038,53.399733],[141.712389,53.3883707],[141.7130971,53.380115800000006],[141.69472399999998,53.39158590000001],[141.7038193,53.39940199999999],[141.73732009999998,53.4116567],[141.7766011,53.4188904],[141.8282014,53.420479300000004],[141.8330803,53.41612820000001],[141.8307495,53.413266599999986]],[[142.41554829999998,53.59736259999999],[142.4342556,53.59622379999999],[142.45163,53.584410600000005],[142.47384669999997,53.57577939999999],[142.4603376,53.5741582],[142.4404684,53.580514099999995],[142.4275345,53.57856120000001],[142.4297984,53.580247800000016],[142.4218138,53.584497400000004],[142.4272607,53.57736519999999],[142.4344899,53.578807499999996],[142.4237996,53.57424219999999],[142.4293894,53.5749676],[142.4247427,53.572365299999994],[142.4000737,53.567034899999996],[142.3811797,53.5670145],[142.3682841,53.5597411],[142.3360624,53.55921200000001],[142.33644170000002,53.55454550000001],[142.3029625,53.550944199999996],[142.30125579999998,53.54702819999999],[142.30579879999996,53.542141199999996],[142.2985901,53.5379877],[142.301776,53.5386398],[142.3012507,53.531172999999995],[142.29558439999997,53.5295129],[142.3032161,53.5306077],[142.3027024,53.5379877],[142.3108945,53.53467919999999],[142.3121136,53.529476700000004],[142.29840319999997,53.523413700000006],[142.29882560000001,53.519723600000006],[142.2953891,53.5211961],[142.2992029,53.51941790000001],[142.29591819999996,53.51909249999999],[142.2911065,53.523238000000006],[142.29911459999997,53.5637472],[142.39286699999997,53.593230299999995],[142.41554829999998,53.59736259999999]],[[143.3873534,56.40662129999999],[143.3887374,56.4029229],[143.38374849999997,56.4036353],[143.3873534,56.40662129999999]],[[145.99289149999998,43.37527440000001],[146.0053691,43.3712892],[146.0217735,43.377957],[146.00713399999998,43.36103270000001],[145.9984249,43.3626668],[145.99508219999998,43.368188599999996],[145.98764509999998,43.36675],[145.99289149999998,43.37527440000001]],[[146.166991,43.4232647],[146.1625989,43.4118557],[146.1543323,43.4143663],[146.163386,43.422271599999995],[146.166991,43.4232647]],[[146.0716626,43.4328115],[146.06815959999997,43.4298528],[146.07081770000002,43.423650499999994],[146.07754329999997,43.4270381],[146.0852449,43.4246287],[146.0885391,43.43339780000001],[146.0820012,43.4369241],[146.0833919,43.4405885],[146.091814,43.4424074],[146.0981253,43.447938],[146.10237659999999,43.439011],[146.1092685,43.4376408],[146.1067599,43.43173719999999],[146.0934743,43.4307488],[146.08358369999996,43.41351770000001],[146.08014509999998,43.4128738],[146.0816565,43.4164909],[146.07694389999997,43.4158499],[146.0760185,43.418484],[146.06197979999996,43.4170169],[146.04211539999997,43.4018613],[146.0358551,43.40293319999999],[146.03465349999996,43.4070565],[146.02469439999996,43.4084147],[146.02709229999996,43.4192691],[146.0380395,43.41862230000001],[146.04700259999998,43.4313179],[146.05301859999997,43.4291438],[146.0558765,43.422878999999995],[146.06096939999998,43.4227308],[146.06364279999997,43.4336627],[146.0716626,43.4328115]],[[146.08350459999997,43.53375220000001],[146.11935719999997,43.5406795],[146.13493559999998,43.548903599999996],[146.141001,43.54857739999999],[146.14986049999996,43.539499899999996],[146.1639092,43.53432539999999],[146.2040693,43.5336918],[146.1832357,43.514178300000005],[146.1781731,43.50372519999999],[146.1845148,43.4959666],[146.1963692,43.49479869999999],[146.18890459999997,43.4905042],[146.19306739999996,43.4879277],[146.1877747,43.4874128],[146.18830209999996,43.4841942],[146.18006009999996,43.47972289999999],[146.1664183,43.476596099999995],[146.16336199999998,43.4784948],[146.1646172,43.474795699999994],[146.14770729999998,43.4722858],[146.1159947,43.4584154],[146.1181696,43.4714131],[146.1071026,43.4778097],[146.1033002,43.49480609999999],[146.08691499999998,43.5027816],[146.0776359,43.5181823],[146.0684547,43.52249619999999],[146.0596061,43.5220178],[146.08350459999997,43.53375220000001]],[[146.29483340000002,43.6247132],[146.27606569999998,43.6245704],[146.269494,43.6278775],[146.2970325,43.63024729999999],[146.3101432,43.639640099999994],[146.3077889,43.648895],[146.3112576,43.6515485],[146.3205475,43.6447226],[146.3280348,43.645147699999995],[146.3285847,43.6388569],[146.34447279999998,43.63756599999999],[146.3504796,43.639851699999994],[146.35367009999996,43.63342339999999],[146.3496789,43.62861459999999],[146.3563175,43.62342359999999],[146.3565709,43.61776089999999],[146.33187849999996,43.61850359999999],[146.32230029999997,43.6230701],[146.3081624,43.621063799999995],[146.29483340000002,43.6247132]],[[146.6946672,43.7211358],[146.69300899999996,43.7273489],[146.68478309999998,43.7270312],[146.6894265,43.732849300000005],[146.6967938,43.7276577],[146.7045208,43.7290942],[146.6946672,43.7211358]],[[146.7947593,43.7459017],[146.7885983,43.7455249],[146.7956981,43.75135800000001],[146.7910988,43.7525921],[146.795279,43.7602106],[146.8055197,43.7573203],[146.8068883,43.753525999999994],[146.7947593,43.7459017]],[[146.5979769,43.76455479999999],[146.6058785,43.7642063],[146.60694649999996,43.7761355],[146.59449119999996,43.78363529999999],[146.58494399999998,43.802963299999995],[146.58801249999996,43.808417199999994],[146.5969972,43.8086198],[146.6108082,43.82063329999999],[146.62616199999997,43.8172107],[146.66238559999996,43.82785930000001],[146.681318,43.825319400000005],[146.682417,43.82876509999999],[146.69928159999998,43.83063119999999],[146.70895279999996,43.8230609],[146.70991600000002,43.8304666],[146.7230526,43.8318813],[146.7423222,43.8251546],[146.7484763,43.8171984],[146.7480984,43.8281231],[146.73918249999997,43.83298469999999],[146.7213282,43.8358853],[146.72121579999998,43.84577949999999],[146.7490753,43.8574974],[146.7737154,43.8760449],[146.7871525,43.8722946],[146.79171079999998,43.8636378],[146.8000861,43.858706],[146.80239479999997,43.86231850000001],[146.7939671,43.8645995],[146.7889135,43.8785387],[146.79298289999997,43.87979519999999],[146.805152,43.870087999999996],[146.8134625,43.8773494],[146.81363809999996,43.86709609999999],[146.82567159999996,43.867311099999995],[146.8269271,43.87255269999999],[146.81985459999999,43.874510699999995],[146.81807829999997,43.885469],[146.823686,43.890024399999994],[146.8312223,43.88633339999999],[146.8450793,43.8873613],[146.8450088,43.88433349999999],[146.85182150000003,43.88265390000001],[146.8493094,43.87648579999999],[146.8627209,43.87537849999999],[146.8658704,43.8693253],[146.8746336,43.86863879999999],[146.87400279999997,43.8638791],[146.8926408,43.8468311],[146.906359,43.842833500000005],[146.914579,43.8467903],[146.9091138,43.8421364],[146.9194291,43.83530890000001],[146.9146635,43.830717500000006],[146.9024062,43.82957439999999],[146.9058943,43.8109636],[146.900821,43.811914599999994],[146.8982386,43.80560979999999],[146.8917089,43.811345],[146.8792445,43.8143207],[146.8630149,43.81037539999999],[146.8617015,43.80607989999999],[146.8510909,43.806956],[146.8468983,43.8117233],[146.84606139999997,43.80792890000001],[146.83824689999997,43.8080783],[146.8255103,43.79920849999999],[146.8286561,43.794634499999994],[146.8333728,43.7962391],[146.8338066,43.790968899999996],[146.84668859999996,43.7903775],[146.8489897,43.787101099999994],[146.8423855,43.786747399999996],[146.83523259999998,43.78143419999999],[146.8242204,43.78573149999999],[146.8230395,43.7899397],[146.8164729,43.78849540000001],[146.8104869,43.7919626],[146.80663969999998,43.7882132],[146.80943109999998,43.783279799999995],[146.8017382,43.7795656],[146.79690519999997,43.786005],[146.7932338,43.78100369999999],[146.787396,43.780772899999995],[146.78893339999996,43.771197],[146.79406179999998,43.7710208],[146.78467339999997,43.756500700000004],[146.7698553,43.7663029],[146.76878309999998,43.7601555],[146.77268269999996,43.757692999999996],[146.768029,43.7575865],[146.76467219999998,43.7515409],[146.75888329999998,43.74936929999999],[146.75668539999998,43.75437610000001],[146.74929169999996,43.7552118],[146.75157509999997,43.749241500000004],[146.7344328,43.748219500000005],[146.7329142,43.7446677],[146.728343,43.7462845],[146.7326922,43.7372345],[146.72196179999997,43.7341179],[146.7032907,43.7460185],[146.6919314,43.7435713],[146.6901591,43.73405879999999],[146.68479949999997,43.734686399999994],[146.68048299999998,43.7295075],[146.68314729999997,43.726383299999995],[146.6775236,43.724284399999995],[146.68502929999997,43.7248446],[146.68750569999997,43.72017909999999],[146.6760623,43.714509799999995],[146.6762974,43.7059165],[146.66286920000002,43.7076358],[146.6424828,43.7010097],[146.63872879999997,43.7032802],[146.6407602,43.707733999999995],[146.6485776,43.7101331],[146.650511,43.71398560000001],[146.6387378,43.715591700000004],[146.641085,43.720248399999996],[146.63371739999997,43.717925099999995],[146.6290956,43.7278559],[146.620413,43.7338716],[146.6190642,43.7497945],[146.62645019999997,43.756079099999994],[146.6299777,43.7553473],[146.63141939999997,43.759308299999994],[146.6443686,43.7560942],[146.6437347,43.7618571],[146.6328851,43.76205319999999],[146.62429659999998,43.75733419999999],[146.62459839999997,43.76309940000001],[146.62400679999996,43.756864099999994],[146.61131669999997,43.756660000000004],[146.60665519999998,43.751561599999995],[146.60728479999997,43.747045199999995],[146.61190139999997,43.74714719999999],[146.61417909999997,43.74342239999999],[146.6103485,43.73661680000001],[146.6048944,43.7356017],[146.605257,43.73969219999999],[146.5925825,43.7390158],[146.5971551,43.74584490000001],[146.5865746,43.7431748],[146.5847198,43.747031899999996],[146.5894075,43.7486502],[146.58857369999998,43.7534305],[146.59890519999996,43.7618338],[146.5979769,43.76455479999999]],[[146.2407757,44.4544875],[146.2551793,44.4518226],[146.2627083,44.4432577],[146.28088559999998,44.44275979999999],[146.2786084,44.4400539],[146.2829858,44.43456509999999],[146.32337989999996,44.4258214],[146.33685529999997,44.4173906],[146.39705479999998,44.4216933],[146.4556316,44.41877759999999],[146.49230539999996,44.4230381],[146.5424734,44.43553039999999],[146.55015530000003,44.4399084],[146.55144809999996,44.4454541],[146.5797588,44.4562568],[146.569258,44.44953649999999],[146.55154469999997,44.427386399999996],[146.5444905,44.4073452],[146.53429810000003,44.3939366],[146.53340760000003,44.37999959999999],[146.52422369999996,44.37411589999999],[146.5178454,44.3744074],[146.5164131,44.3677581],[146.5018326,44.3657218],[146.4969671,44.3618713],[146.4988929,44.359079200000004],[146.4933515,44.35788260000001],[146.4940998,44.354037399999996],[146.48355069999997,44.352804199999994],[146.4854175,44.3560377],[146.4550173,44.3766083],[146.4297509,44.375737900000004],[146.3863796,44.357656299999995],[146.3661182,44.3384066],[146.3678187,44.3304601],[146.3623416,44.3269834],[146.3694575,44.3218678],[146.3652425,44.317493400000004],[146.35996249999997,44.3202041],[146.34701279999996,44.31890299999999],[146.3431531,44.3090768],[146.333068,44.307608499999986],[146.3272583,44.3011666],[146.32803619999999,44.296467299999996],[146.3175166,44.2965364],[146.3133323,44.290949600000005],[146.30603139999997,44.2896028],[146.29580139999996,44.27565349999999],[146.2320346,44.2714111],[146.2213084,44.27355049999999],[146.1951408,44.26884129999999],[146.16787339999996,44.2711691],[146.1436585,44.26436979999999],[146.126731,44.2664808],[146.11071719999998,44.2624676],[146.0647919,44.2301689],[146.0481048,44.2004435],[146.0543637,44.194234099999996],[146.04378369999998,44.1904455],[146.04749589999997,44.187502],[146.0456157,44.183583099999986],[146.0330978,44.186037299999995],[146.0260355,44.182254],[146.02833959999998,44.1752742],[146.0204458,44.1766718],[146.0013163,44.169792300000005],[145.99674579999999,44.1734399],[145.98583999999997,44.1715546],[145.9720377,44.161233399999986],[145.97025359999998,44.157849500000005],[145.97381429999996,44.1555038],[145.9677806,44.15372469999999],[145.9682514,44.1508871],[145.9579959,44.1562581],[145.9532914,44.15159719999999],[145.9458241,44.1532003],[145.92126849999997,44.1355044],[145.9068891,44.1220317],[145.8995908,44.108839],[145.89944059999996,44.1029686],[145.9068717,44.0994958],[145.9048426,44.09416970000001],[145.8936471,44.096049799999996],[145.8894186,44.08775260000001],[145.88074559999998,44.0862152],[145.8824126,44.07804769999999],[145.86702879999999,44.06340939999999],[145.86407839999998,44.033439099999995],[145.86788449999997,44.02679950000001],[145.8779468,44.0209779],[145.8508162,44.02010899999999],[145.8547094,44.0292419],[145.84425689999998,44.0319195],[145.8299446,44.0296556],[145.81844329999998,44.0221341],[145.8082402,44.008867],[145.8040935,43.99278269999999],[145.79746309999996,43.991216699999995],[145.7980867,43.985640599999996],[145.79096669999998,43.9794521],[145.789053,43.9488552],[145.78140199999999,43.94211239999999],[145.7801923,43.93307130000001],[145.76525239999998,43.931871799999996],[145.7143253,43.9110123],[145.6885225,43.9102664],[145.67452399999996,43.9055919],[145.6629074,43.9108326],[145.6508642,43.909101199999995],[145.63671290000002,43.9014891],[145.6237149,43.8834086],[145.61921419999996,43.88550229999999],[145.6136996,43.882683699999994],[145.6041469,43.868057],[145.5980837,43.8714119],[145.5891768,43.86757759999999],[145.57557459999998,43.841522600000005],[145.56928749999997,43.7967554],[145.5716908,43.771605099999995],[145.5596423,43.7218776],[145.55461049999997,43.6717829],[145.5482161,43.6552047],[145.5389088,43.6518823],[145.53496059999998,43.671627699999995],[145.53762139999998,43.6900361],[145.5484897,43.7230756],[145.5473041,43.7018347],[145.55075879999998,43.70178430000001],[145.55072129999996,43.7074811],[145.5576816,43.7098988],[145.55116649999997,43.7148097],[145.5543047,43.7147321],[145.55827970000004,43.72580479999999],[145.55123359999996,43.73075699999999],[145.5041313,43.73446839999998],[145.44738109999997,43.725353199999994],[145.433498,43.7210557],[145.440976,43.720241599999994],[145.4402491,43.7179929],[145.4455975,43.7222014],[145.4452166,43.7175257],[145.4356948,43.7181014],[145.4273048,43.7281055],[145.42145089999997,43.7381186],[145.4182175,43.7518772],[145.42575979999998,43.7674524],[145.42650010000003,43.779561099999995],[145.41068310000003,43.818249099999996],[145.3988063,43.8277701],[145.4034305,43.83894380000001],[145.40728479999999,43.8428922],[145.4435831,43.8523823],[145.45217689999998,43.8728659],[145.4732752,43.8986384],[145.53313139999997,43.920964799999986],[145.53448859999997,43.9311339],[145.5402499,43.9303497],[145.5528563,43.9358817],[145.55985149999998,43.943139899999984],[145.5776641,43.945463200000006],[145.5886155,43.9506752],[145.59421599999996,43.967808600000005],[145.59957239999997,43.97232579999999],[145.62758529999996,43.98675320000001],[145.6412029,43.9892137],[145.6542653,44.00402469999999],[145.67725179999996,44.0122449],[145.6810445,44.0184772],[145.67552579999997,44.0266683],[145.6845233,44.026232500000006],[145.69711629999998,44.0329069],[145.7190567,44.0381556],[145.74115279999998,44.050845499999994],[145.7478449,44.0609076],[145.7426119,44.09154589999999],[145.7443714,44.10478289999999],[145.7535982,44.108538499999995],[145.75803460000003,44.11737000000001],[145.7837677,44.1391137],[145.7880163,44.1501731],[145.81613659999996,44.16379330000001],[145.8377927,44.1821655],[145.8557475,44.2020625],[145.8617073,44.2196923],[145.88690399999996,44.2485384],[145.9287304,44.2741555],[145.9472966,44.279444299999994],[145.9544527,44.29074229999999],[145.9665334,44.2967591],[145.98960040000003,44.3199296],[146.0010052,44.33758170000001],[146.0101139,44.3684906],[146.0063159,44.3835805],[146.0126245,44.3830955],[146.0232353,44.3903218],[146.02771729999998,44.398637699999995],[146.0519618,44.418586],[146.08198639999998,44.4740362],[146.1313793,44.508672],[146.1458726,44.5127175],[146.1496425,44.51044710000001],[146.1538763,44.514078299999994],[146.1600655,44.511392],[146.1670688,44.517388000000004],[146.1735731,44.5147917],[146.16920649999997,44.50893219999999],[146.1758755,44.50535990000001],[146.1877084,44.5055522],[146.1944085,44.49335610000001],[146.2262624,44.4818981],[146.2407757,44.4544875]],[[148.8533145,45.357603700000006],[148.84370679999998,45.35438450000001],[148.8428056,45.3495591],[148.8493636,45.3447785],[148.84255620000002,45.33624559999999],[148.80465389999998,45.3361702],[148.7775689,45.3226801],[148.7540781,45.3345525],[148.740592,45.33753149999999],[148.7263656,45.333753],[148.7127614,45.33614570000001],[148.68641140000003,45.33391520000001],[148.6830237,45.3367792],[148.67973269999996,45.3342131],[148.6596644,45.333259],[148.65532989999997,45.3363908],[148.6510545,45.330672],[148.6388504,45.3349447],[148.6220652,45.3303514],[148.6216494,45.32644419999999],[148.6165291,45.3268591],[148.605693,45.3209941],[148.57361909999997,45.3164752],[148.5641617,45.3117107],[148.54319209999997,45.294075199999995],[148.5329622,45.2930883],[148.5145676,45.2780762],[148.50588799999997,45.27870659999999],[148.50428399999998,45.2757169],[148.5088196,45.272453399999996],[148.4999925,45.272115500000005],[148.5023206,45.2633754],[148.49727270000002,45.2565881],[148.4787789,45.261074],[148.4704828,45.258889599999996],[148.470161,45.255532599999995],[148.4586409,45.24878400000001],[148.43630069999998,45.252685299999996],[148.40915409999997,45.2381686],[148.40501809999998,45.2306246],[148.3921248,45.2337734],[148.37895779999997,45.2278912],[148.3265769,45.22277739999999],[148.30015719999997,45.214384800000005],[148.2798462,45.202983399999994],[148.2804429,45.1951181],[148.2735658,45.1952504],[148.2649505,45.1894096],[148.266871,45.1848726],[148.2611954,45.183950100000004],[148.25668389999998,45.1883094],[148.24348750000001,45.18529039999999],[148.2163033,45.1703632],[148.21268499999996,45.16624269999999],[148.2150131,45.16352129999999],[148.2003522,45.1584622],[148.19430109999996,45.1490254],[148.1828159,45.1497745],[148.1741202,45.1454009],[148.1657534,45.145835],[148.1577051,45.14122369999999],[148.15972739999998,45.137787800000005],[148.15281809999996,45.1394112],[148.1322774,45.1263306],[148.0992973,45.11222440000001],[148.0759567,45.0934741],[148.076064,45.0888273],[148.0631196,45.08230129999999],[148.06064670000004,45.0711074],[148.0561084,45.07154310000001],[148.0536944,45.0657161],[148.04100749999998,45.0648446],[148.0298173,45.05615980000001],[148.02628759999996,45.0476422],[148.0090839,45.03540089999999],[148.00760859999997,45.029255599999985],[147.999385,45.02470209999999],[147.9846275,45.00412149999999],[147.9588246,44.998143500000005],[147.9467217,44.989337199999994],[147.93513,44.987640699999986],[147.9249832,44.979944],[147.92160629999998,44.9709464],[147.91070579999996,44.970348599999994],[147.91210859999998,44.964579699999994],[147.9051161,44.9609074],[147.8968522,44.96024119999999],[147.89702119999998,44.9660505],[147.8913081,44.96857059999999],[147.8797316,44.96211819999999],[147.8673479,44.9658891],[147.85119709999998,44.9650354],[147.8261344,44.9549154],[147.7850684,44.9476452],[147.75559899999996,44.959905299999996],[147.7306652,44.976824799999996],[147.7263093,45.0029115],[147.6910597,45.0052783],[147.6541236,44.99380039999999],[147.6204264,44.9668551],[147.6110695,44.941952199999996],[147.6122671,44.9375584],[147.6275986,44.9287517],[147.6503813,44.924125599999996],[147.6510841,44.9184033],[147.6339152,44.909663900000005],[147.6156843,44.88876269999999],[147.6121786,44.8794961],[147.5990103,44.86512009999999],[147.59701609999996,44.8532163],[147.5508338,44.816025100000004],[147.5261655,44.81565019999999],[147.5093239,44.80917120000001],[147.49657,44.799187599999996],[147.4949393,44.78691709999999],[147.48673439999996,44.7810411],[147.46186489999997,44.77934859999999],[147.4515331,44.7759367],[147.4507901,44.772532299999995],[147.4464959,44.7745239],[147.4386692,44.77156109999999],[147.4341094,44.763540299999995],[147.4265993,44.76539139999999],[147.4158468,44.76210210000001],[147.4032962,44.754535499999996],[147.4026847,44.75031450000001],[147.388941,44.74732],[147.37763289999998,44.73986729999999],[147.37454289999997,44.735138400000004],[147.37858769999997,44.732428899999995],[147.3701227,44.731026500000006],[147.3692429,44.7226837],[147.3644578,44.724395],[147.3494482,44.7206864],[147.3472059,44.712502199999996],[147.3431289,44.7160245],[147.33464240000004,44.7136534],[147.32732529999998,44.70558830000001],[147.3276901,44.6987309],[147.3195738,44.6968681],[147.3146868,44.690494],[147.3157704,44.685337700000005],[147.307246,44.6818263],[147.3013052,44.667048599999994],[147.2949028,44.666661399999995],[147.28525760000002,44.6603735],[147.26641469999998,44.63803630000001],[147.2597498,44.6123339],[147.25063559999998,44.6049517],[147.2529691,44.600345499999996],[147.2414571,44.5992989],[147.2403467,44.5944898],[147.2332013,44.592873899999994],[147.22154439999997,44.5808642],[147.2122586,44.5770108],[147.2074601,44.5686266],[147.2016853,44.5727501],[147.1987188,44.570375],[147.1913427,44.571785199999994],[147.1462642,44.5595542],[147.1301374,44.5614281],[147.108956,44.569039399999994],[147.08208019999998,44.560138099999996],[147.02658,44.5183825],[147.0054173,44.491067799999996],[147.0040172,44.4828282],[146.98736069999998,44.4580143],[146.98843899999997,44.4498677],[146.954509,44.4261547],[146.9457342,44.424153],[146.93084659999997,44.4292482],[146.9103706,44.42788819999999],[146.871787,44.4391174],[146.86179849999996,44.4455709],[146.85893389999998,44.456237699999996],[146.87579149999996,44.49888529999999],[146.8968737,44.5196084],[146.92270870000002,44.5245346],[146.9523901,44.54977889999999],[146.95418179999996,44.55595640000001],[146.9320723,44.580187900000006],[146.9306695,44.5902628],[146.9357738,44.5953621],[146.933223,44.6064431],[146.94814949999997,44.6312167],[146.9529158,44.6261525],[146.9511938,44.6170308],[146.9593906,44.5942434],[146.9768947,44.5780272],[146.9924247,44.5750505],[147.0254749,44.5972439],[147.03364490000004,44.6163779],[147.03062739999996,44.6258623],[147.033602,44.63791129999999],[147.0075041,44.6507039],[147.0040494,44.65545399999999],[147.00647950000004,44.65910389999999],[147.0278943,44.661918899999996],[147.03822609999997,44.657424],[147.0464686,44.65933],[147.0478284,44.6539267],[147.0600325,44.65507529999999],[147.0585331,44.6480649],[147.07129509999996,44.644546],[147.0731069,44.63726909999999],[147.094456,44.637876],[147.12979,44.65191459999999],[147.16299439999997,44.6815159],[147.17618019999998,44.68593069999999],[147.1837923,44.69336559999999],[147.1996415,44.7355081],[147.199738,44.75056589999999],[147.1947384,44.7611788],[147.1890548,44.76532660000001],[147.16899989999996,44.76350980000001],[147.1605939,44.76930279999999],[147.12882580000002,44.769658899999996],[147.1235552,44.7730997],[147.1251082,44.7765346],[147.1136941,44.77912109999999],[147.1011454,44.801539999999996],[147.0994958,44.813827399999994],[147.10732519999996,44.8220639],[147.13047270000004,44.8295402],[147.13849779999998,44.8286509],[147.1446186,44.823627699999996],[147.15472519999997,44.82444100000001],[147.1588585,44.8182226],[147.1706897,44.8180457],[147.1939364,44.796706699999994],[147.2108692,44.7978744],[147.2384155,44.8062711],[147.24697709999998,44.812358499999995],[147.2528015,44.8326988],[147.2639434,44.84917179999999],[147.2634968,44.8640603],[147.27287649999997,44.8722487],[147.2800165,44.87337019999999],[147.2844073,44.877886299999986],[147.2939265,44.8768942],[147.2973865,44.8835462],[147.3047411,44.8807866],[147.32491139999996,44.889739399999996],[147.3336889,44.8888035],[147.3808327,44.9098976],[147.419486,44.9380825],[147.4567687,44.97321579999999],[147.4737954,44.982861899999996],[147.4791169,44.9819759],[147.4822846,44.9874491],[147.5054669,44.988538],[147.5105961,44.99263890000001],[147.50492509999998,44.996225900000006],[147.516759,44.996519899999996],[147.5139239,45.00710839999999],[147.52069919999997,45.00887199999999],[147.5142418,45.01331580000001],[147.5159302,45.0202658],[147.5112927,45.0257258],[147.51720959999997,45.02730499999999],[147.5157532,45.0316478],[147.524516,45.03626899999999],[147.5213134,45.04277369999999],[147.524929,45.06551339999999],[147.53497659999996,45.0708592],[147.5328925,45.0885337],[147.5271633,45.0986119],[147.4964011,45.1099283],[147.4967363,45.1124023],[147.5059377,45.11385599999999],[147.5052349,45.11730469999999],[147.5367415,45.1055572],[147.5521119,45.1088834],[147.56604729999998,45.1054474],[147.57337509999996,45.0998057],[147.56933029999996,45.0944209],[147.5851956,45.08398309999999],[147.62228119999997,45.0811432],[147.6332796,45.0749734],[147.64971610000003,45.0778941],[147.688415,45.093731699999985],[147.69573209999996,45.10060839999999],[147.6981917,45.10569919999999],[147.6944339,45.1102141],[147.6994077,45.1228921],[147.6924705,45.13251900000001],[147.6933664,45.1417383],[147.7008754,45.144618599999994],[147.7055114,45.15110249999999],[147.7056204,45.1677619],[147.7286314,45.1758943],[147.7351633,45.1934472],[147.7502587,45.19703090000001],[147.7671533,45.195000300000004],[147.7762037,45.2074556],[147.80121799999998,45.2086348],[147.8097528,45.21440559999999],[147.82149019999997,45.21707730000001],[147.8277504,45.217046999999994],[147.8387743,45.2075529],[147.8441817,45.2071816],[147.85448429999997,45.211053099999994],[147.87051019999998,45.2242566],[147.8726061,45.2291831],[147.8687453,45.2343523],[147.8807259,45.2472738],[147.8813075,45.25679840000001],[147.8857301,45.2582104],[147.8671566,45.2640382],[147.87085889999997,45.27527150000001],[147.8677475,45.28370220000001],[147.8732273,45.296645],[147.86186809999998,45.307040099999995],[147.8628176,45.3141892],[147.85780729999996,45.3181123],[147.8594112,45.3288203],[147.85264129999996,45.345920899999996],[147.856096,45.3534421],[147.8491974,45.3647577],[147.87206739999996,45.3955013],[147.87205819999997,45.400706799999995],[147.9051107,45.430138299999996],[147.9261714,45.438197800000005],[147.9424953,45.4312394],[147.94984729999996,45.4233182],[147.9650366,45.4195982],[147.9624027,45.4127467],[147.9655731,45.39557959999999],[147.9760686,45.38780599999999],[147.9700899,45.3806908],[147.9845874,45.3507564],[148.0051678,45.3351766],[147.9956601,45.330019699999994],[148.00725999999997,45.3095264],[148.00455090000003,45.30075419999999],[148.00924479999998,45.29038439999999],[148.0207059,45.28635549999999],[148.0179888,45.278616],[148.0275469,45.280409899999995],[148.0296135,45.27115289999999],[148.0478753,45.2638728],[148.07582799999997,45.2587197],[148.1149077,45.256197199999995],[148.22077449999998,45.26387189999999],[148.29919,45.2773436],[148.34075509999997,45.288954],[148.3444539,45.29241849999999],[148.3425924,45.297611],[148.35196670000002,45.3018107],[148.35305839999998,45.3078437],[148.3840138,45.31984739999999],[148.3938897,45.32040189999999],[148.3948646,45.323823000000004],[148.4079766,45.327643599999995],[148.4085774,45.3306079],[148.4187913,45.32734560000001],[148.4170318,45.3362871],[148.4249443,45.3457173],[148.4303462,45.34482379999999],[148.44467999999998,45.35245809999999],[148.4490198,45.359559999999995],[148.4604835,45.3600236],[148.4540945,45.368432299999995],[148.46084829999998,45.3764479],[148.46876919999997,45.37442029999999],[148.4780461,45.3816422],[148.4804313,45.388443599999995],[148.4707618,45.3997985],[148.4869087,45.420511299999994],[148.4980989,45.4218291],[148.512226,45.431316599999995],[148.51973089999998,45.4456972],[148.53714640000004,45.448980899999995],[148.5387289,45.45321260000001],[148.5465342,45.45118239999999],[148.5492311,45.458076199999994],[148.5569787,45.4573011],[148.55865779999996,45.46569529999999],[148.56766459999997,45.4707591],[148.57232089999997,45.4834541],[148.5791177,45.4893286],[148.6072751,45.4911873],[148.61525749999998,45.4982502],[148.62923499999997,45.500732],[148.6396041,45.50868909999999],[148.63973019999997,45.5235931],[148.655917,45.5387775],[148.67204549999997,45.536648199999995],[148.7095857,45.5412848],[148.7448943,45.5497755],[148.75257339999996,45.55713990000001],[148.7543651,45.5536954],[148.7617868,45.5531977],[148.78259540000002,45.5532427],[148.7842423,45.5566995],[148.83056939999997,45.5482033],[148.83852480000002,45.5505831],[148.84140549999998,45.5440839],[148.85718229999998,45.5403117],[148.8749921,45.53105299999999],[148.8928395,45.51329129999999],[148.8914663,45.48519919999999],[148.8753274,45.47445969999999],[148.8342225,45.460935799999994],[148.8273454,45.4430683],[148.8301992,45.4270135],[148.8423335,45.42604599999999],[148.8442647,45.419539799999995],[148.8531724,45.4193911],[148.87443689999998,45.4017175],[148.87646199999998,45.3881395],[148.8696693,45.38467670000001],[148.8706818,45.3792796],[148.8621229,45.372958399999995],[148.86150329999998,45.3673366],[148.8568336,45.366781599999996],[148.8533145,45.357603700000006]],[[150.3713483,46.22430609999999],[150.3909177,46.2243488],[150.39517699999996,46.2274532],[150.40857199999996,46.2230776],[150.418075,46.223537900000004],[150.4246223,46.216706699999996],[150.4441904,46.2116361],[150.44798169999999,46.2026204],[150.4582182,46.200697700000006],[150.4670897,46.2068602],[150.4815415,46.206669],[150.4984286,46.2132546],[150.5022991,46.21169179999999],[150.50550829999997,46.2142438],[150.51561759999998,46.20984500000001],[150.5424786,46.21700549999999],[150.5562812,46.2260634],[150.56840749999998,46.2298431],[150.5714089,46.22784939999999],[150.5542508,46.2159346],[150.5481273,46.21508649999999],[150.5396676,46.2068546],[150.5323505,46.2068157],[150.5274193,46.2007872],[150.5051878,46.195522999999994],[150.49939689999997,46.18738479999999],[150.49106599999996,46.186651299999994],[150.47159049999996,46.17492540000001],[150.46670619999998,46.1749087],[150.45678469999996,46.16171460000001],[150.4337686,46.15114849999999],[150.42015369999996,46.1416229],[150.4193491,46.13757509999999],[150.39588189999998,46.1330331],[150.3939271,46.1286123],[150.387345,46.1303522],[150.3837776,46.12652279999999],[150.3801605,46.1271238],[150.3745669,46.11901590000001],[150.3508861,46.1025504],[150.3261049,46.0900267],[150.30515089999997,46.0711742],[150.3051205,46.0615085],[150.2849221,46.0590387],[150.25858279999997,46.039118099999996],[150.24443949999997,46.033317999999994],[150.2191544,46.0160369],[150.1891351,45.98624279999999],[150.1834193,45.9660097],[150.17518219999997,45.95963789999999],[150.1749261,45.9439191],[150.1930162,45.938914799999985],[150.1751366,45.9346749],[150.16696389999998,45.9363864],[150.17227199999996,45.9314029],[150.1704763,45.9286885],[150.13478279999998,45.9168778],[150.134359,45.9127986],[150.1445326,45.9062331],[150.12586040000002,45.8886369],[150.1014228,45.8841803],[150.07725479999996,45.8694851],[150.0738309,45.8613015],[150.05664069999997,45.8595457],[150.0556764,45.8562972],[150.04560869999997,45.85236299999999],[150.04572810000002,45.8463592],[150.0382125,45.8443507],[150.0397038,45.839285999999994],[150.03261739999996,45.8431474],[150.02422209999997,45.8384573],[150.019708,45.82622189999999],[150.006018,45.8262181],[149.99830529999997,45.8205041],[149.9861509,45.82386489999999],[149.97150329999997,45.822298599999996],[149.96903299999997,45.8190218],[149.9494904,45.8257939],[149.9444546,45.82136859999999],[149.93175029999998,45.81923299999999],[149.92800589999996,45.8128172],[149.92194409999996,45.813882799999995],[149.9062264,45.8012063],[149.9060952,45.7965406],[149.91311969999998,45.7898306],[149.8804584,45.786002],[149.865371,45.7793766],[149.8606181,45.767145],[149.85145569999997,45.766318],[149.8458526,45.7586779],[149.8355287,45.75487339999999],[149.8360088,45.7495245],[149.8301904,45.7481769],[149.8273587,45.7423351],[149.8225361,45.7431007],[149.81514659999996,45.737213399999995],[149.79988559999998,45.733990799999994],[149.7964007,45.7263713],[149.7860803,45.72416499999999],[149.7694445,45.7088278],[149.76078359999997,45.69458929999999],[149.7337443,45.6812617],[149.73331779999998,45.6738161],[149.7274572,45.6729202],[149.72205519999997,45.66572279999999],[149.7159572,45.6650246],[149.7168705,45.6612371],[149.6971107,45.65618859999999],[149.69100059999997,45.64252929999999],[149.66809449999997,45.6299976],[149.6678773,45.624603],[149.6619254,45.6213972],[149.6535328,45.62398209999999],[149.6483347,45.616298199999996],[149.6265578,45.6096883],[149.6190315,45.610406899999994],[149.6018574,45.602039899999994],[149.5918769,45.60383759999999],[149.5740026,45.60131549999999],[149.5683727,45.59404129999999],[149.572919,45.58854],[149.54073249999996,45.588237799999995],[149.538694,45.5824863],[149.5269138,45.57825489999999],[149.52684800000003,45.5704557],[149.5211872,45.575081999999995],[149.50866539999998,45.57799669999999],[149.500671,45.57471400000001],[149.4990376,45.57784559999999],[149.49422839999997,45.5758368],[149.48951569999997,45.5787674],[149.4722396,45.57652389999999],[149.4540918,45.58260269999999],[149.42392499999997,45.573270199999996],[149.42018869999998,45.5784539],[149.40855319999997,45.57606959999999],[149.4065818,45.57193149999999],[149.40277840000002,45.577549],[149.3967167,45.57702329999999],[149.4001231,45.582925599999996],[149.4115841,45.5848741],[149.4078639,45.59095009999999],[149.42934839999998,45.592671199999984],[149.4422016,45.6069751],[149.45735869999996,45.6132044],[149.4629806,45.623335],[149.4575357,45.629442399999995],[149.4656253,45.633088599999994],[149.46277679999997,45.6412203],[149.47883779999998,45.6566216],[149.4703406,45.667466],[149.47276799999997,45.6699008],[149.4816166,45.6683713],[149.4920182,45.6744027],[149.5120731,45.6794664],[149.5157102,45.6856633],[149.53050789999998,45.6934446],[149.5625979,45.7323795],[149.5891142,45.7801398],[149.5985261,45.78008369999999],[149.61025,45.7851416],[149.62671879999996,45.813034099999996],[149.63481099999998,45.810927099999994],[149.6399581,45.81386040000001],[149.6461111,45.82352099999999],[149.6416774,45.8313737],[149.64729129999998,45.8306719],[149.6603537,45.838431099999994],[149.6614882,45.843764],[149.67066939999998,45.8505648],[149.6824765,45.84896929999999],[149.6869558,45.8528403],[149.69047489999997,45.848293],[149.7108382,45.8524405],[149.7378266,45.8443619],[149.77049590000001,45.85313550000001],[149.7919106,45.86342429999999],[149.7973716,45.8718363],[149.8286194,45.88906719999999],[149.8443049,45.902802599999994],[149.8504204,45.9108801],[149.8498517,45.9231921],[149.8578071,45.938788],[149.87304749999998,45.9465992],[149.8765397,45.959265],[149.8883682,45.968702699999994],[149.89271879999998,45.9804278],[149.9005723,45.98392429999999],[149.898169,45.9863173],[149.9123096,45.9880542],[149.93780269999996,46.0100816],[149.97502369999998,46.0197928],[149.9831589,46.0269017],[149.9918559,46.05094359999999],[149.9996531,46.0586553],[150.0394624,46.0803196],[150.04832179999997,46.089067099999994],[150.06512049999998,46.0947386],[150.1012766,46.08881779999999],[150.10615289999998,46.0897367],[150.10530529999997,46.0938216],[150.10867679999998,46.0960238],[150.1148459,46.0895135],[150.1349866,46.08889969999999],[150.14623579999997,46.092337199999996],[150.1522654,46.1009563],[150.1649657,46.09477580000001],[150.1707673,46.0990481],[150.1666367,46.104209],[150.1815605,46.1029463],[150.1890546,46.11071199999999],[150.1847684,46.118569699999995],[150.18927449999998,46.14013239999999],[150.17395109999998,46.16004819999999],[150.1849991,46.161820500000005],[150.1873487,46.1666839],[150.19107969999996,46.1659371],[150.20870779999998,46.17696060000001],[150.2214503,46.18999920000001],[150.24158299999996,46.18976159999999],[150.2508366,46.195996400000006],[150.2650228,46.1992361],[150.2701968,46.19495669999999],[150.2880549,46.1980331],[150.29213989999997,46.2033537],[150.3018361,46.20706249999999],[150.3111702,46.223844],[150.3105453,46.2164153],[150.3230175,46.2137149],[150.3389525,46.22809519999999],[150.34346129999997,46.2243785],[150.3616011,46.2242801],[150.3637013,46.2280061],[150.3713483,46.22430609999999]],[[150.5987711,46.23631520000001],[150.60697339999996,46.23455549999999],[150.59379939999997,46.2326671],[150.5987711,46.23631520000001]],[[150.804289,46.484535199999996],[150.8123008,46.4844961],[150.8151396,46.480188899999995],[150.8245931,46.476913599999996],[150.8267416,46.46489909999999],[150.84445789999998,46.44616379999999],[150.8254786,46.44299229999999],[150.81115089999997,46.4511261],[150.8005547,46.447001099999994],[150.77939519999998,46.4595712],[150.7795618,46.4704048],[150.78392389999996,46.470846499999986],[150.7848885,46.474227299999995],[150.7980589,46.47541029999999],[150.804289,46.484535199999996]],[[150.88217759999998,46.5046703],[150.8654117,46.495905699999994],[150.839873,46.4992155],[150.837754,46.50498269999999],[150.83169779999997,46.5059244],[150.82959649999998,46.51069609999999],[150.8421198,46.52059739999999],[150.8547075,46.53743579999999],[150.8814588,46.54612639999999],[150.9103313,46.5431903],[150.918583,46.53381],[150.9042532,46.5418073],[150.89239500000002,46.5339679],[150.9003422,46.5286037],[150.89662719999998,46.5200704],[150.9034118,46.5127567],[150.885965,46.5130532],[150.88217759999998,46.5046703]],[[150.7408286,46.7023608],[150.7343677,46.7034736],[150.70809790000004,46.7224411],[150.7105834,46.731952],[150.72035609999998,46.7395677],[150.74049079999998,46.7350296],[150.748852,46.7283519],[150.749606,46.71513039999999],[150.7408286,46.7023608]],[[152.0881927,46.973407999999985],[152.0805055,46.9587572],[152.0545149,46.9397515],[152.0545632,46.933293799999994],[152.03932279999998,46.9209368],[152.0278698,46.9002206],[151.9969869,46.8902609],[151.94316029999996,46.860678899999996],[151.90484229999998,46.8518418],[151.87681319999996,46.8323357],[151.8768051,46.823415],[151.8730634,46.8233324],[151.86214679999998,46.809885400000006],[151.8218274,46.77686759999999],[151.7983103,46.7685355],[151.7597294,46.776085699999996],[151.7423218,46.7866524],[151.7350745,46.7929643],[151.7306006,46.80776319999999],[151.72372879999998,46.8130538],[151.72755899999999,46.8169122],[151.72420619999997,46.820204999999994],[151.7256439,46.8289739],[151.7056748,46.83828259999999],[151.718874,46.8455644],[151.71640629999996,46.85229669999999],[151.7255071,46.8561853],[151.7327195,46.85133919999999],[151.7460018,46.857520599999994],[151.7869377,46.8583038],[151.79331599999998,46.8519849],[151.8150768,46.857716800000006],[151.8486822,46.8494498],[151.86623189999997,46.85571389999999],[151.87796259999996,46.865435299999994],[151.8741363,46.8756864],[151.8978202,46.89615189999999],[151.91303369999997,46.914715099999995],[151.9109845,46.9240364],[151.92981089999998,46.94559670000001],[151.93646279999996,46.945257999999995],[151.9619653,46.9549841],[151.9698349,46.9543836],[151.9856518,46.96365219999999],[151.98774929999996,46.9699323],[152.0018578,46.9759335],[152.00393910000003,46.9805085],[152.0245922,46.9852186],[152.02682109999998,46.989977599999996],[152.03929599999998,46.98780219999999],[152.04683839999998,46.9953289],[152.05961109999998,47.00004129999999],[152.06986779999997,47.01950839999999],[152.06627369999998,47.02491349999999],[152.0730275,47.026559],[152.0943242,47.042550999999996],[152.10165740000002,47.0555634],[152.11386679999998,47.0605482],[152.1132499,47.067399699999996],[152.122246,47.0849867],[152.1352869,47.091006099999994],[152.13872549999996,47.09596199999999],[152.136687,47.10192889999999],[152.14676139999997,47.104481299999996],[152.15268369999998,47.117978699999995],[152.1604728,47.12190640000001],[152.19303489999996,47.1605403],[152.20472929999997,47.166084299999994],[152.22630499999997,47.1677036],[152.2411397,47.1620105],[152.2210693,47.1583883],[152.19591559999998,47.143511],[152.1980399,47.125740799999996],[152.2029027,47.1186047],[152.2151202,47.1113381],[152.22264109999998,47.111845599999995],[152.22759779999998,47.1376144],[152.26191759999998,47.141772599999996],[152.2596046,47.1513314],[152.2451242,47.1615159],[152.2564584,47.164826],[152.25807849999998,47.15813289999999],[152.26278299999998,47.156119399999994],[152.28264209999998,47.1495602],[152.2918153,47.152799800000004],[152.2855067,47.1422777],[152.28722329999997,47.1319142],[152.27102279999997,47.122727699999984],[152.2757113,47.114737],[152.269215,47.11410720000001],[152.2654277,47.1086948],[152.2594464,47.1088591],[152.24744080000002,47.09786100000001],[152.237581,47.096246799999996],[152.20836639999996,47.0783713],[152.1960746,47.07799529999999],[152.1909338,47.07130240000001],[152.166978,47.05769920000001],[152.1569645,47.0406428],[152.1603978,47.0248367],[152.152791,46.9967595],[152.13997009999997,46.9916553],[152.14132989999996,46.98606759999999],[152.12476189999998,46.9838755],[152.1147144,46.98082329999999],[152.11395260000003,46.97789540000001],[152.09665769999998,46.9780491],[152.0881927,46.973407999999985]],[[152.5126469,47.2981176],[152.49684330000002,47.2984068],[152.49169079999996,47.2921144],[152.4920663,47.296021999999994],[152.48091099999996,47.30004209999999],[152.430177,47.2974445],[152.4327627,47.2999857],[152.42976929999998,47.3007733],[152.43854279999996,47.3059788],[152.4298578,47.312435],[152.41601759999998,47.315093700000006],[152.4208188,47.31804669999999],[152.4190164,47.3416327],[152.41175829999997,47.3495929],[152.417112,47.3606915],[152.44835969999997,47.3781198],[152.5017236,47.3756759],[152.5126684,47.37199489999999],[152.53293509999997,47.3565489],[152.5406438,47.342864999999996],[152.5429773,47.3267886],[152.53391149999996,47.31050369999999],[152.5126469,47.2981176]],[[152.82263549999996,47.52396879999999],[152.82563059999998,47.52735169999999],[152.82800139999998,47.5187179],[152.82047059999996,47.5036308],[152.81228099999998,47.5102895],[152.8209418,47.5090439],[152.8216376,47.51376079999999],[152.80820569999997,47.51627659999999],[152.81111919999998,47.50671],[152.8009559,47.5020963],[152.8030181,47.5054833],[152.7943093,47.518816799999996],[152.8043301,47.523510599999994],[152.82263549999996,47.52396879999999]],[[152.82342319999998,47.531494099999996],[152.83488749999998,47.5448656],[152.8507233,47.5495583],[152.8499328,47.5391969],[152.82342319999998,47.531494099999996]],[[153.00732129999997,47.7961048],[153.0372119,47.802173],[153.0416644,47.8067165],[153.05112719999997,47.79872819999999],[153.0492657,47.7913802],[153.0611514,47.780002999999994],[153.06295569999997,47.77356799999999],[153.0570656,47.769944699999996],[153.0611587,47.758000100000004],[153.0587062,47.746984399999995],[153.053509,47.7431401],[153.04914980000004,47.7246474],[153.04016229999996,47.7168432],[153.04193259999997,47.712988499999994],[153.02420319999996,47.7099926],[153.0240396,47.70254899999999],[153.0048105,47.6961739],[152.9778627,47.6943984],[152.9697436,47.6824221],[152.97000379999997,47.6761594],[152.96393929999996,47.6778931],[152.96676099999996,47.681952599999995],[152.96294149999997,47.6848274],[152.96700779999998,47.6867919],[152.96833539999997,47.69499600000001],[152.9593152,47.70173309999999],[152.96351149999998,47.7070669],[152.9596129,47.7076607],[152.9616594,47.7134866],[152.9729891,47.722711399999994],[152.973544,47.7409455],[152.9678821,47.75153],[152.9730132,47.7535732],[152.97092909999998,47.7558652],[153.00732129999997,47.7961048]],[[153.29240129999997,48.066958199999995],[153.2845491,48.06922200000001],[153.28085839999997,48.07874199999999],[153.2988292,48.0739499],[153.29240129999997,48.066958199999995]],[[153.26146599999998,48.0424375],[153.2309411,48.0373488],[153.2221341,48.0461781],[153.1990027,48.05763139999999],[153.18541999999997,48.0594349],[153.1671837,48.0715546],[153.159129,48.1000051],[153.16346349999998,48.1128129],[153.1795084,48.1224197],[153.2010627,48.1230518],[153.20885180000002,48.113095799999996],[153.21701910000002,48.111059600000004],[153.2245005,48.113491599999996],[153.2290274,48.1083356],[153.2359448,48.1081888],[153.24910640000002,48.09426739999999],[153.2552487,48.091004999999996],[153.2632416,48.09175389999999],[153.2716799,48.0855619],[153.2634053,48.07843020000001],[153.266648,48.05498169999999],[153.27656689999998,48.04990409999999],[153.2744318,48.0443204],[153.2828768,48.0412808],[153.2816738,48.0369874],[153.2719856,48.03719009999999],[153.26146599999998,48.0424375]],[[153.2359314,48.285605999999994],[153.2316184,48.2935727],[153.2391141,48.3013734],[153.25844049999998,48.301334700000005],[153.2681501,48.297891],[153.26652739999997,48.2877968],[153.2549429,48.28273600000001],[153.2359314,48.285605999999994]],[[154.0082145,48.7780259],[154.0151882,48.7843108],[154.0262177,48.7839269],[154.02828809999997,48.7870182],[154.0326065,48.7869776],[154.0390545,48.7802317],[154.0622073,48.78459709999999],[154.0812671,48.7991821],[154.080162,48.8084003],[154.0880477,48.8125725],[154.0935999,48.8216504],[154.0934529,48.8337501],[154.08832669999998,48.840196899999995],[154.09381239999996,48.8423121],[154.09329409999998,48.857007],[154.09979039999996,48.8593258],[154.10256919999998,48.88797199999999],[154.14036149999998,48.8989125],[154.17515519999998,48.90385640000001],[154.18816919999998,48.903465],[154.2066497,48.895389400000006],[154.21042889999998,48.8967859],[154.2125666,48.89095600000001],[154.2254251,48.8871502],[154.2273,48.8804134],[154.2193097,48.87785830000001],[154.2150691,48.8698456],[154.2062741,48.8649777],[154.197852,48.838579799999984],[154.1860074,48.83279609999999],[154.16794539999998,48.81596009999999],[154.15372159999998,48.8142398],[154.12495489999998,48.7996168],[154.10341139999997,48.79984289999999],[154.0702861,48.7781461],[154.0612096,48.747766799999994],[154.0379977,48.7300326],[154.0063369,48.7189561],[153.9986712,48.72010989999999],[153.97877449999996,48.7332559],[153.97598120000004,48.7490824],[153.9961713,48.77634669999999],[154.0082145,48.7780259]],[[153.943702,48.9246423],[153.93563389999997,48.92193879999999],[153.931058,48.9257314],[153.9158338,48.9246036],[153.91282439999998,48.9270532],[153.9153671,48.936871499999995],[153.9006364,48.94403849999999],[153.9028841,48.95157609999999],[153.899636,48.95453160000001],[153.90489579999996,48.9645189],[153.9147824,48.9660474],[153.9232421,48.962948100000006],[153.92692209999998,48.970252200000004],[153.9369911,48.96972050000001],[153.94363219999997,48.97351999999999],[153.9504451,48.9670159],[153.95929099999998,48.9692627],[153.96245059999998,48.9645788],[153.9705884,48.96458229999999],[153.98675139999997,48.95737950000001],[154.0020749,48.9567332],[154.00282599999997,48.959768],[154.0084183,48.959898],[154.0033865,48.950450499999995],[154.0115833,48.933298199999996],[153.9728737,48.92226659999999],[153.943702,48.9246423]],[[153.50153979999996,48.9729109],[153.48415909999997,48.96695249999999],[153.46979320000003,48.972891499999996],[153.4668723,48.97798830000001],[153.4736636,48.9918553],[153.48840239999998,48.99396370000001],[153.50291309999997,48.9893737],[153.50153979999996,48.9729109]],[[154.472596,49.771051599999986],[154.4646889,49.75454349999999],[154.4547325,49.7494971],[154.4552207,49.735349799999995],[154.4441163,49.7274268],[154.41819249999998,49.7338755],[154.3859822,49.752935399999984],[154.39551439999997,49.76056700000001],[154.38910719999998,49.774394499999985],[154.3926957,49.78809950000001],[154.39965769999998,49.79415879999999],[154.39937169999996,49.804441999999995],[154.43541529999996,49.81714309999999],[154.4626021,49.8153155],[154.4772899,49.8099708],[154.4929862,49.7870276],[154.472596,49.771051599999986]],[[150.6913519,59.05403],[150.6535601,59.028180799999994],[150.60407,59.004468499999994],[150.5562714,58.9976305],[150.46765299999998,59.002262800000004],[150.47976469999998,59.0181344],[150.4977826,59.029739500000005],[150.5038236,59.0434133],[150.5171676,59.0492406],[150.5318406,59.061499099999985],[150.59780959999998,59.082184299999994],[150.61076669999997,59.0893958],[150.62446829999996,59.088913299999994],[150.6284434,59.0833077],[150.6256163,59.079153899999994],[150.6351703,59.079661099999996],[150.6391346,59.086554299999996],[150.65260469999998,59.0877752],[150.6498206,59.0923633],[150.65623099999996,59.09828710000001],[150.6850916,59.10762869999999],[150.6873232,59.13099110000001],[150.70611209999998,59.14532930000001],[150.727036,59.1281932],[150.7532117,59.123941599999995],[150.77414899999997,59.1161169],[150.7825577,59.09563670000001],[150.77904669999998,59.090559800000015],[150.76616139999996,59.0848566],[150.74289859999996,59.0817139],[150.7175517,59.070875],[150.7061899,59.06076569999998],[150.6913519,59.05403]],[[151.7886771,59.15056369999999],[151.7818009,59.1539921],[151.7820463,59.158384399999996],[151.786758,59.1563791],[151.7886771,59.15056369999999]],[[149.10691569999997,59.181228600000004],[149.0977948,59.17147820000001],[149.10010339999997,59.1637153],[149.0543126,59.1616551],[149.0320761,59.1550709],[149.0179921,59.1470419],[149.0073757,59.13617709999999],[149.00664469999998,59.12917430000001],[149.0169642,59.1175407],[148.98608989999997,59.1116252],[148.97225749999998,59.114954],[148.96764689999998,59.1221353],[148.9534365,59.131704000000006],[148.9539408,59.135598599999994],[148.95902619999998,59.138609499999994],[148.97655519999998,59.13728699999999],[148.98836669999997,59.1421748],[148.9860191,59.156288399999994],[148.99033509999998,59.1618637],[149.00983669999997,59.1538893],[149.03177579999996,59.1579022],[149.0342794,59.16126040000001],[149.02962059999996,59.1676609],[149.03366139999997,59.172718100000004],[149.0339805,59.1866015],[149.0471131,59.201692999999985],[149.04491849999997,59.20782210000001],[149.06762359999996,59.19670560000001],[149.1136354,59.21077079999999],[149.137086,59.2106077],[149.1419825,59.2053987],[149.1342068,59.20157219999999],[149.13041859999998,59.1926548],[149.10691569999997,59.181228600000004]],[[149.0725304,59.3075643],[149.06928909999996,59.3171526],[149.0727226,59.3194039],[149.0835875,59.3175254],[149.0979254,59.3077662],[149.0980336,59.30464630000001],[149.0725304,59.3075643]],[[151.43595409999998,59.55959390000001],[151.44370379999998,59.557517399999995],[151.41450399999997,59.55924900000001],[151.43595409999998,59.55959390000001]],[[151.3764449,59.559450099999985],[151.404878,59.557964799999986],[151.39513599999998,59.5568393],[151.3764449,59.559450099999985]],[[151.27562589999997,59.55929630000001],[151.2676438,59.5608214],[151.2827505,59.559883600000006],[151.2731278,59.56151019999999],[151.2778415,59.56495880000001],[151.2849829,59.5607666],[151.3244312,59.5577109],[151.3487439,59.5591983],[151.34848429999997,59.5565075],[151.35754939999998,59.55575840000001],[151.27562589999997,59.55929630000001]],[[154.34638159999997,59.570060199999986],[154.3508323,59.57635179999999],[154.36134689999997,59.5694561],[154.3603819,59.566002000000005],[154.3492354,59.5658183],[154.34638159999997,59.570060199999986]],[[154.3539356,59.57624990000001],[154.3562181,59.580142900000006],[154.35902359999997,59.5755088],[154.36976769999998,59.5717969],[154.38720629999997,59.579340400000014],[154.3755761,59.57223320000001],[154.3632827,59.5712522],[154.367316,59.5701277],[154.365382,59.5674862],[154.3539356,59.57624990000001]],[[150.421359,59.59879469999999],[150.4156542,59.58185300000001],[150.4074845,59.57587079999998],[150.393239,59.5718815],[150.38841019999998,59.57466320000001],[150.3729522,59.5741461],[150.3698945,59.578166499999995],[150.37230989999998,59.58306669999999],[150.394912,59.5920581],[150.41704140000002,59.5950953],[150.421359,59.59879469999999]],[[154.22149189999996,59.631500200000005],[154.23184029999996,59.6309735],[154.2349695,59.6267277],[154.2274793,59.6307238],[154.22149189999996,59.631500200000005]],[[154.370774,59.83356489999999],[154.3617081,59.82429589999999],[154.35370439999997,59.8202941],[154.36479799999998,59.831187299999996],[154.370774,59.83356489999999]],[[154.4030968,59.8684842],[154.4179372,59.8767143],[154.403854,59.86629739999999],[154.3967433,59.838498300000005],[154.3691521,59.8292828],[154.39363919999997,59.84104219999999],[154.39108989999997,59.8439744],[154.39676059999996,59.845109],[154.4030968,59.8684842]],[[154.4762978,49.0964636],[154.4701283,49.13078599999999],[154.4575381,49.139944199999995],[154.4532106,49.15949719999999],[154.4599736,49.16538140000001],[154.4784647,49.16881179999999],[154.4811469,49.16271199999999],[154.4886678,49.15966],[154.51592439999996,49.165163899999996],[154.5271736,49.1598319],[154.53822999999997,49.15874960000001],[154.56600129999998,49.146092399999986],[154.57822679999998,49.134771],[154.5984884,49.129542599999986],[154.6037507,49.1190584],[154.60330009999998,49.10762540000001],[154.5840311,49.08947680000001],[154.57365629999998,49.086058499999986],[154.55755230000003,49.0861428],[154.5335412,49.0728819],[154.51374649999997,49.0709069],[154.49849009999997,49.079874700000005],[154.49349049999998,49.0886306],[154.4762978,49.0964636]],[[154.8266798,49.375003500000005],[154.8241854,49.3694217],[154.8381168,49.365254199999995],[154.8393828,49.3541226],[154.8505729,49.350449999999995],[154.83718339999996,49.3472419],[154.84321299999996,49.3430899],[154.8373765,49.331914899999994],[154.843913,49.3238353],[154.83715119999997,49.3228983],[154.83249219999996,49.3188177],[154.8342323,49.31563809999999],[154.8262238,49.31342180000001],[154.83014119999999,49.30971949999999],[154.82372399999997,49.3055438],[154.8277661,49.29925969999999],[154.8239654,49.29517190000001],[154.8000857,49.2881185],[154.78997649999997,49.2805794],[154.7748274,49.2861783],[154.7618542,49.27914849999999],[154.7472006,49.278269699999996],[154.74682040000002,49.2747939],[154.739618,49.2751899],[154.73530769999996,49.2690992],[154.7274944,49.2684591],[154.7305629,49.26318379999999],[154.7177151,49.2612373],[154.71884629999997,49.257155399999995],[154.7130956,49.25902210000001],[154.7116627,49.2566746],[154.7094103,49.2609433],[154.69492429999997,49.2681616],[154.68562779999996,49.26838209999999],[154.67532809999997,49.263996000000006],[154.65664919999998,49.2719594],[154.62581989999998,49.278430699999994],[154.6190071,49.289017699999995],[154.6152239,49.28849949999999],[154.62067539999998,49.290478500000006],[154.620595,49.3147542],[154.6125805,49.33243929999999],[154.6184814,49.33672500000001],[154.61998879999996,49.3462668],[154.61208429999996,49.352323],[154.61122869999997,49.3604556],[154.632327,49.365041100000006],[154.6401054,49.378711],[154.64211699999998,49.3956905],[154.6545893,49.4112943],[154.6521405,49.4160547],[154.6605974,49.417209899999996],[154.67203969999997,49.42435299999999],[154.70261689999998,49.456430000000005],[154.70914539999998,49.483536699999995],[154.7319469,49.5065424],[154.7312924,49.5109122],[154.7433054,49.51811039999999],[154.73947850000002,49.5229536],[154.74491269999996,49.532452299999996],[154.76543159999997,49.5534906],[154.7652747,49.57047399999999],[154.76944009999997,49.579770499999995],[154.77983769999997,49.5896146],[154.7966364,49.5921601],[154.81089769999997,49.600465],[154.81304879999996,49.6100634],[154.8190999,49.61228799999999],[154.81458569999998,49.615922000000005],[154.8177829,49.619255],[154.81544269999998,49.63222869999999],[154.84115299999996,49.6350082],[154.8553714,49.6304671],[154.8601136,49.625546799999995],[154.85790879999996,49.61859640000001],[154.8727441,49.6166544],[154.877497,49.60991739999999],[154.9175973,49.609185700000005],[154.9058264,49.6029752],[154.90136589999997,49.5924991],[154.9029484,49.57041489999999],[154.89304839999997,49.56176729999999],[154.89182,49.55540109999999],[154.8910542,49.5390678],[154.8942366,49.535229699999995],[154.8896004,49.531185],[154.8668244,49.52756920000001],[154.83709749999997,49.5062045],[154.8279753,49.49167450000001],[154.8290838,49.48267669999999],[154.82153529999997,49.482357799999996],[154.8218411,49.47716639999999],[154.81681999999998,49.4767446],[154.81341359999996,49.470655],[154.80833889999997,49.445225],[154.81079039999997,49.4176182],[154.8165143,49.4034407],[154.82885779999998,49.4012327],[154.8239654,49.399436599999994],[154.8276253,49.3944607],[154.8222059,49.39131400000001],[154.8265618,49.3871779],[154.8355097,49.38860259999999],[154.82978049999997,49.37930999999999],[154.83653219999997,49.3762867],[154.8266798,49.375003500000005]],[[155.0148609,50.201089800000005],[155.0064227,50.19733479999999],[154.99869259999997,50.1877032],[154.9679491,50.185638899999994],[154.9575341,50.1913919],[154.9610075,50.1939849],[154.95655509999997,50.20080479999999],[154.9589235,50.206598899999996],[154.9725169,50.212850599999996],[154.9911529,50.21262399999999],[155.0148609,50.201089800000005]],[[155.5176839,50.364498899999994],[155.5476254,50.36292650000001],[155.56810139999996,50.3734927],[155.5665243,50.3800065],[155.5730903,50.3809951],[155.57163389999997,50.3846039],[155.57874979999997,50.38455259999999],[155.58034839999996,50.3887152],[155.59573889999996,50.3833827],[155.6022003,50.3718795],[155.60992239999996,50.3686513],[155.6365836,50.3735201],[155.6412935,50.37862100000002],[155.64830479999998,50.37702680000001],[155.6623435,50.3890264],[155.6777903,50.3956628],[155.6979257,50.4104149],[155.72151840000004,50.4313444],[155.7376063,50.436854299999986],[155.74744459999997,50.451677200000006],[155.75621549999997,50.454589],[155.77173469999997,50.4748367],[155.7693744,50.482790699999995],[155.77794130000004,50.4887706],[155.7843733,50.50638980000001],[155.7766271,50.5170048],[155.8023788,50.527528200000006],[155.8015823,50.5340497],[155.8200918,50.5415681],[155.83185909999997,50.55398900000001],[155.8361453,50.56484650000001],[155.83068150000003,50.5715451],[155.8526677,50.61878290000001],[155.85586509999996,50.630628],[155.85263419999998,50.63922920000001],[155.85775319999996,50.6515047],[155.876682,50.665314900000006],[155.8857125,50.6679977],[155.90906919999998,50.6955164],[155.92858079999996,50.709538499999994],[155.9424109,50.712867599999996],[155.94780479999997,50.71951080000001],[155.96755740000003,50.729257000000004],[155.9805125,50.7398976],[156.033116,50.767587799999994],[156.049118,50.76736729999999],[156.0690039,50.75622049999998],[156.0890454,50.7556538],[156.1150682,50.7474098],[156.1249441,50.747857800000006],[156.13042739999997,50.7541305],[156.1349004,50.752674],[156.13715889999997,50.74562769999999],[156.1474647,50.748916],[156.1472835,50.7424754],[156.1563635,50.7414456],[156.1542606,50.73535169999999],[156.1467719,50.7322722],[156.1533701,50.72356899999999],[156.1472842,50.703433200000006],[156.13665999999998,50.6970761],[156.12991419999997,50.68673160000001],[156.1327118,50.68036210000001],[156.1388634,50.6780565],[156.1437812,50.680142599999996],[156.1464447,50.67412759999999],[156.1336125,50.6659497],[156.12467589999997,50.6516237],[156.1293402,50.64766790000001],[156.1283773,50.6411162],[156.1344366,50.6297645],[156.15018370000004,50.62385470000002],[156.15427139999997,50.60665159999999],[156.1706763,50.6014129],[156.16630249999997,50.5894409],[156.1538984,50.5780154],[156.1472601,50.552850600000006],[156.15073519999999,50.5445728],[156.14898239999997,50.5327212],[156.1561905,50.5265108],[156.1566157,50.517958500000006],[156.16981209999997,50.50653200000001],[156.16378249999997,50.50772599999999],[156.15891159999998,50.5020863],[156.15200049999999,50.50203029999999],[156.13622579999998,50.486598099999995],[156.12790800000002,50.4856677],[156.1139482,50.4936847],[156.10741429999996,50.49412019999999],[156.0737943,50.48371230000001],[156.05968590000003,50.4782438],[156.0484528,50.46769410000001],[156.0373163,50.4623876],[156.03348609999998,50.4571079],[156.0363614,50.4514313],[156.02055789999997,50.4337074],[156.02407689999998,50.4194633],[156.0215878,50.407204699999994],[156.0264337,50.4014699],[156.02039429999996,50.3917368],[156.0096413,50.3845406],[155.98802269999996,50.3794626],[155.9507722,50.323898699999994],[155.9430742,50.321729],[155.93707279999998,50.31310820000001],[155.9243202,50.30961140000001],[155.92851579999999,50.303537399999996],[155.91873049999998,50.290470299999996],[155.9223247,50.2869195],[155.90981349999998,50.28219760000001],[155.8878529,50.246347300000004],[155.87825059999997,50.2431706],[155.8533168,50.244831],[155.81847400000004,50.2313246],[155.80087439999997,50.2136763],[155.8025908,50.208947200000004],[155.7935786,50.202856399999995],[155.78960889999996,50.1948623],[155.7948228,50.190551400000004],[155.78626689999996,50.1925545],[155.7685858,50.1837858],[155.75431639999996,50.18138119999999],[155.73438229999996,50.191500100000006],[155.7153869,50.1873374],[155.6949109,50.1903255],[155.6917298,50.1871622],[155.6830823,50.1881995],[155.67849309999997,50.1841842],[155.6663614,50.18297679999999],[155.65963719999996,50.177483900000006],[155.6500375,50.17858150000001],[155.6386864,50.1861799],[155.62344609999997,50.183019800000004],[155.61652059999997,50.185070399999994],[155.59648549999997,50.17823630000001],[155.5911308,50.171469800000004],[155.5816573,50.17157970000001],[155.5816787,50.16480370000001],[155.56273699999997,50.1596283],[155.55288249999998,50.1493548],[155.5425104,50.1504118],[155.5220318,50.14461440000001],[155.48218489999996,50.119367399999994],[155.4618966,50.0996199],[155.4599976,50.090211200000006],[155.4521549,50.0858469],[155.43264179999997,50.0599422],[155.4307079,50.0366456],[155.4240158,50.03022779999999],[155.42649149999997,50.016893299999985],[155.41483999999997,50.0153559],[155.4078501,50.005389399999984],[155.39156379999997,49.9995528],[155.3882459,50.00412399999999],[155.39476899999997,50.0117088],[155.3907377,50.0159695],[155.39655,50.022185799999995],[155.3928566,50.03097040000001],[155.38162619999997,50.0392279],[155.34773109999998,50.054700299999986],[155.3069776,50.06048630000001],[155.2625361,50.054466100000006],[155.2401531,50.0548312],[155.2279115,50.0485278],[155.2214044,50.05134199999999],[155.2219033,50.0601144],[155.215466,50.064054000000006],[155.21113689999999,50.0758572],[155.2137387,50.0819091],[155.23357630000004,50.09612370000001],[155.2366233,50.1089545],[155.2597627,50.1507814],[155.2614605,50.15932240000001],[155.2540469,50.18561659999999],[155.26152489999998,50.2077988],[155.25462359999997,50.22020669999999],[155.21687949999998,50.2403727],[155.2042705,50.27177749999999],[155.1990321,50.27475260000001],[155.2128401,50.2947456],[155.2391821,50.30452530000001],[155.2423002,50.301905],[155.26036619999996,50.3011828],[155.28402329999997,50.303016],[155.3143966,50.2943361],[155.3323889,50.28356720000001],[155.34267249999996,50.28219260000001],[155.3540611,50.2849794],[155.37330329999998,50.295590399999995],[155.388785,50.3109063],[155.38958429999997,50.31622639999999],[155.38648099999997,50.317115199999996],[155.3948012,50.32525149999999],[155.38637369999998,50.3319808],[155.387696,50.339467499999984],[155.3943264,50.340181300000005],[155.4004731,50.346244899999995],[155.4095656,50.346006299999985],[155.41046259999996,50.350834799999994],[155.4163206,50.3488871],[155.4501995,50.35780679999999],[155.4637581,50.35266089999999],[155.5176839,50.364498899999994]],[[156.1939305,50.71850359999999],[156.1912557,50.72926929999999],[156.2047023,50.7492494],[156.1993124,50.76794240000001],[156.2187356,50.77223409999999],[156.2371328,50.7695471],[156.2553799,50.77340280000001],[156.3184252,50.80676529999999],[156.3703448,50.841946799999995],[156.40122769999996,50.8497],[156.43607499999996,50.8534457],[156.4643991,50.863702499999995],[156.47308409999997,50.8635163],[156.4839256,50.8702875],[156.48793819999997,50.8491919],[156.4996219,50.839314699999996],[156.5075076,50.83918430000001],[156.4973795,50.8358998],[156.4988708,50.8248405],[156.50215919999997,50.8239459],[156.49500839999996,50.818042399999996],[156.5026179,50.7991965],[156.5022558,50.7775888],[156.5054905,50.76990850000001],[156.513631,50.7649736],[156.5092564,50.76439169999999],[156.4952659,50.7455938],[156.48642,50.742155100000005],[156.48017049999999,50.726119399999995],[156.4832309,50.72349260000001],[156.47779939999998,50.724611599999996],[156.4660406,50.7176087],[156.4625967,50.7072416],[156.4541316,50.70305599999999],[156.4533484,50.6981906],[156.4605635,50.6956625],[156.4506179,50.69601929999999],[156.44962879999997,50.6903128],[156.4343476,50.67314],[156.42663249999998,50.671825],[156.41854139999998,50.660245],[156.4130723,50.6607177],[156.4051115,50.655749199999995],[156.4049828,50.6484877],[156.4137,50.63667469999999],[156.4037855,50.6338653],[156.4018178,50.6305722],[156.39221549999996,50.63735679999999],[156.384745,50.6355989],[156.38284119999997,50.632008199999994],[156.36553819999997,50.6361456],[156.3588434,50.635237200000006],[156.35564359999998,50.6311626],[156.3415807,50.6336822],[156.33402760000004,50.62674739999999],[156.3165933,50.6340735],[156.2993186,50.6336642],[156.29309179999998,50.638469300000004],[156.28301739999998,50.63429469999999],[156.2753124,50.63492769999999],[156.25834759999998,50.650339599999995],[156.22512999999998,50.66887669999999],[156.20885159999997,50.670596999999994],[156.2029615,50.67632539999999],[156.1904839,50.6773537],[156.1826867,50.684881],[156.17870090000002,50.70196709999999],[156.1733955,50.7070072],[156.1939305,50.71850359999999]],[[155.6590068,50.8073059],[155.6462532,50.8098761],[155.6305342,50.8043625],[155.60537099999996,50.80301240000001],[155.59164879999997,50.8058804],[155.5672119,50.804825099999995],[155.54666279999998,50.80917989999999],[155.53643149999996,50.806593400000004],[155.52334440000004,50.8099716],[155.51752,50.8182037],[155.5042591,50.82648439999999],[155.4830777,50.83420120000001],[155.4848144,50.8415],[155.4639933,50.869943199999994],[155.464363,50.8771603],[155.4555961,50.8852218],[155.4636575,50.8835522],[155.46914969999997,50.8888398],[155.46761999999998,50.895182600000005],[155.4766858,50.90347349999999],[155.4735091,50.9131704],[155.479188,50.916281100000006],[155.48955969999997,50.9135203],[155.53096619999997,50.9230537],[155.5430922,50.9189914],[155.56601279999998,50.91999590000001],[155.57465669999996,50.9161808],[155.5853812,50.9170892],[155.61615289999997,50.9064239],[155.6300604,50.91008469999999],[155.65203329999997,50.9032462],[155.65869749999996,50.89924939999999],[155.65673079999996,50.89022500000001],[155.6619649,50.8748219],[155.66709299999997,50.8707507],[155.668417,50.8612782],[155.6646381,50.861302],[155.6598326,50.8553662],[155.6677922,50.8455571],[155.6800249,50.84821980000001],[155.676296,50.843154600000005],[155.6668653,50.8419669],[155.6669069,50.8290912],[155.67329259999997,50.8190563],[155.6590068,50.8073059]],[[157.6907214,51.5051554],[157.6927562,51.501256600000005],[157.68694639999998,51.50224300000001],[157.6907214,51.5051554]],[[157.70773049999997,51.50375929999999],[157.7049292,51.5029693],[157.69230639999998,51.50637210000001],[157.6985711,51.51091849999999],[157.70773049999997,51.50375929999999]],[[158.61952989999997,52.78065720000001],[158.62500430000003,52.775991],[158.61770599999997,52.7737323],[158.6124328,52.7776849],[158.61952989999997,52.78065720000001]],[[159.55191939999997,53.212821],[159.54593,53.209360200000006],[159.5405576,53.211020399999995],[159.54229829999997,53.2153925],[159.53391229999997,53.2219918],[159.5361219,53.22616709999999],[159.5411503,53.22159969999999],[159.5515278,53.2213235],[159.5480329,53.21710300000001],[159.55191939999997,53.212821]],[[160.02399709999997,53.263851],[160.0224093,53.26720279999999],[160.03231389999996,53.267261799999986],[160.02399709999997,53.263851]],[[163.25397469999996,56.73286220000001],[163.2453052,56.7297293],[163.24250059999997,56.7327441],[163.24820129999998,56.734512499999994],[163.25397469999996,56.73286220000001]],[[156.58706719999998,57.1792151],[156.5906131,57.1764034],[156.58241629999998,57.1694502],[156.58706719999998,57.1792151]],[[162.4418258,57.82815810000001],[162.45388159999996,57.83128979999999],[162.4637779,57.8213832],[162.44925849999998,57.825149800000005],[162.44777699999997,57.8228826],[162.4484374,57.82539220000001],[162.4418258,57.82815810000001]],[[155.5334806,59.1956226],[155.5157278,59.2061928],[155.5373674,59.2140245],[155.5313109,59.1983261],[155.5334806,59.1956226]],[[155.31489829999998,59.21509679999998],[155.3232157,59.21213229999999],[155.3236219,59.20950299999999],[155.31891660000002,59.209280499999984],[155.31489829999998,59.21509679999998]],[[155.5521583,59.338529900000005],[155.5843419,59.334154],[155.60302839999997,59.3410748],[155.59241289999997,59.3361224],[155.59528819999997,59.3323358],[155.5903476,59.326063899999994],[155.5972034,59.3254741],[155.59423679999998,59.322883699999984],[155.6009933,59.3213018],[155.5135305,59.32356659999999],[155.53936070000003,59.33694129999999],[155.5521583,59.338529900000005]],[[154.45874239999998,59.4435888],[154.4711691,59.4406774],[154.46236069999998,59.4410633],[154.45874239999998,59.4435888]],[[163.2066773,59.5582934],[163.2152027,59.5621146],[163.218585,59.55873909999998],[163.21738600000003,59.55296029999999],[163.20723119999997,59.537554499999985],[163.1910937,59.523280299999996],[163.19395959999997,59.5339379],[163.2058954,59.55005829999999],[163.2066773,59.5582934]],[[163.6959632,59.87476199999999],[163.70535489999997,59.87323810000001],[163.7039468,59.8696528],[163.6962247,59.8711217],[163.6959632,59.87476199999999]],[[154.46522029999997,59.9861526],[154.4688221,59.9809935],[154.46595869999996,59.979745499999986],[154.4615787,59.984657199999994],[154.4671268,59.983059999999995],[154.46522029999997,59.9861526]],[[162.07771539999996,60.475659199999996],[162.0852256,60.4869716],[162.09253189999998,60.48819769999999],[162.09357259999996,60.4839905],[162.0840883,60.47459109999999],[162.07771539999996,60.475659199999996]],[[162.1545804,60.5416635],[162.1474064,60.5434312],[162.151368,60.5486368],[162.16529009999996,60.5499574],[162.1545804,60.5416635]],[[162.78326249999998,60.820228699999994],[162.78183079999997,60.8030545],[162.7689592,60.796057299999994],[162.7649006,60.7979101],[162.77976259999997,60.82157840000001],[162.78326249999998,60.820228699999994]],[[163.2816195,60.863805199999994],[163.28234910000003,60.86902849999999],[163.2882499,60.872350099999984],[163.30123179999998,60.86278129999999],[163.2891941,60.853878599999994],[163.2703542,60.85250949999998],[163.2816195,60.863805199999994]],[[159.88306169999998,60.9107869],[159.8900923,60.8973552],[159.8851986,60.89434139999999],[159.8634602,60.897329799999994],[159.8608165,60.900405199999994],[159.88306169999998,60.9107869]],[[160.3420687,60.9068484],[160.3396279,60.9107033],[160.3446436,60.91067729999999],[160.3468886,60.9069137],[160.3420687,60.9068484]],[[160.3504528,60.9523209],[160.34389789999997,60.953387799999994],[160.348388,60.956749999999985],[160.3548494,60.95574740000001],[160.3504528,60.9523209]],[[159.7524226,61.267102300000005],[159.75417139999996,61.2647245],[159.74510549999997,61.2652455],[159.7524226,61.267102300000005]],[[159.9363427,61.37593379999999],[159.9366918,61.378750100000005],[159.95326389999997,61.37789639999999],[159.9363427,61.37593379999999]],[[163.0184348,61.457381999999996],[163.01707369999997,61.4523648],[163.011264,61.45101369999999],[162.98566719999997,61.45138509999998],[162.9858222,61.45575449999999],[163.00685849999996,61.46157919999999],[163.0104436,61.468985799999984],[163.01731789999997,61.468366599999996],[163.0179858,61.46521339999999],[163.025921,61.461671599999995],[163.0184348,61.457381999999996]],[[163.00191639999997,61.47782019999998],[162.9959449,61.4874582],[162.9999939,61.4911008],[163.01323599999998,61.4933418],[163.00191639999997,61.47782019999998]],[[162.5822784,61.56099619999999],[162.5324752,61.5663771],[162.51811509999996,61.5647086],[162.51101399999996,61.56624360000001],[162.5144797,61.56989039999999],[162.5088934,61.57260440000001],[162.57519949999997,61.58979569999999],[162.58423899999997,61.5875247],[162.58836249999996,61.579406299999995],[162.6011116,61.57425529999998],[162.6462494,61.5737609],[162.6541908,61.56813780000001],[162.6331658,61.562272199999995],[162.6107973,61.5670021],[162.5822784,61.56099619999999]],[[162.5857848,61.6144588],[162.58960959999996,61.6156931],[162.59112770000002,61.613678400000005],[162.5857848,61.6144588]],[[160.2153593,61.6811351],[160.2315314,61.6819272],[160.2341624,61.678946799999984],[160.231919,61.68007699999999],[160.2153593,61.6811351]],[[159.4704408,61.759322600000004],[159.4732247,61.76264659999998],[159.4758005,61.76029529999999],[159.4704408,61.759322600000004]],[[158.4725475,61.7859482],[158.4720325,61.783614799999995],[158.4644794,61.7828032],[158.4725475,61.7859482]],[[163.4719424,62.3549917],[163.48740530000003,62.3547104],[163.4919208,62.34680720000001],[163.48750589999997,62.33966830000001],[163.4606034,62.343502499999985],[163.4650719,62.343907800000004],[163.4644054,62.3498806],[163.4719424,62.3549917]],[[163.498106,62.3673131],[163.50054949999998,62.36641109999999],[163.49412959999998,62.3644673],[163.498106,62.3673131]],[[178.76072289999996,51.645653599999996],[178.76256819999998,51.6348938],[178.768909,51.6342545],[178.7805498,51.6241381],[178.78749869999996,51.6260285],[178.78388109999997,51.6343577],[178.78937420000003,51.6362522],[178.7946689,51.631714],[178.80463059999997,51.63485719999999],[178.81066019999997,51.6279212],[178.8223493,51.6268755],[178.82855059999997,51.6209142],[178.8348591,51.627078700000006],[178.8409746,51.62562009999999],[178.84114089999997,51.62220649999999],[178.8505876,51.6157216],[178.8639396,51.623648499999994],[178.86471209999996,51.62127060000001],[178.9016139,51.6156849],[178.90159249999996,51.6103151],[178.91191899999998,51.6098954],[178.91759989999997,51.60617409999999],[178.91430619999997,51.5951784],[178.91661819999996,51.588006400000005],[178.92666579999997,51.5866131],[178.9327812,51.580275699999994],[178.9567709,51.5791231],[178.9680254,51.589176200000004],[178.98269689999998,51.585566],[178.9903451,51.5801479],[178.98585779999996,51.57583509999999],[178.99007590000002,51.5733939],[178.9856985,51.5708933],[178.9939785,51.5632222],[178.99280099999996,51.5591953],[178.99897009999998,51.557386],[178.99792669999997,51.5521277],[179.0171501,51.54425669999999],[179.02385289999998,51.53153399999999],[179.0432829,51.5232639],[179.05354819999997,51.52379740000001],[179.06578119999998,51.505073],[179.081735,51.49753280000001],[179.0851575,51.491778299999986],[179.09117099999997,51.49211890000001],[179.0966052,51.4863504],[179.107334,51.4820377],[179.1344887,51.47694950000001],[179.14203109999997,51.4693177],[179.1605169,51.464084299999996],[179.1905898,51.4665106],[179.18770369999996,51.4605182],[179.1931593,51.4552538],[179.1862124,51.450928100000006],[179.1934329,51.4461072],[179.2007017,51.4477655],[179.2060769,51.4409213],[179.21350909999998,51.4418157],[179.2133188,51.43794859999999],[179.21940740000002,51.4339022],[179.2129326,51.4267249],[179.23159,51.419426],[179.22844649999996,51.412594299999995],[179.2437136,51.41003129999999],[179.2484879,51.4056244],[179.2594099,51.4089472],[179.2646563,51.4044431],[179.27882909999997,51.4138489],[179.2967409,51.417238099999985],[179.2911594,51.40764370000001],[179.27272439999996,51.4011334],[179.2795372,51.3894855],[179.31950209999997,51.3989178],[179.33515549999998,51.40613299999999],[179.3411703,51.40383550000001],[179.3502509,51.40702309999999],[179.3506694,51.40205040000001],[179.3633852,51.40343219999999],[179.3635275,51.4003107],[179.371537,51.400651499999995],[179.378618,51.404925],[179.38266809999996,51.4040717],[179.3891514,51.41235060000001],[179.39997819999996,51.4077718],[179.3995875,51.3963039],[179.40718349999997,51.3871388],[179.4067329,51.38239490000001],[179.41723279999997,51.38524489999998],[179.4249505,51.3826594],[179.4364518,51.3839617],[179.4468105,51.3805735],[179.4526845,51.37465689999999],[179.4622761,51.3760064],[179.4657884,51.3702637],[179.45391240000004,51.37025690000001],[179.4443107,51.365055500000004],[179.43483079999996,51.3695012],[179.42293109999997,51.3612894],[179.4011968,51.3609323],[179.38613349999997,51.3552979],[179.38813399999998,51.36136380000001],[179.38037219999998,51.36409419999999],[179.39259769999998,51.3732505],[179.389117,51.378531300000006],[179.32623979999997,51.3633138],[179.3206501,51.358808599999996],[179.3166161,51.35872479999999],[179.31862229999996,51.3619773],[179.30098409999997,51.363866400000006],[179.2588735,51.3575859],[179.2360586,51.348342699999996],[179.23248589999997,51.35279870000001],[179.2089575,51.3608083],[179.2136085,51.3637626],[179.21112479999996,51.3686927],[179.218635,51.373967099999994],[179.2161039,51.3767925],[179.2231947,51.3772788],[179.2280978,51.38122310000001],[179.2248872,51.386479300000005],[179.1975635,51.3944228],[179.1674155,51.39592569999999],[179.16871369999998,51.40211729999999],[179.15904159999997,51.407796099999985],[179.15999649999998,51.4131095],[179.13940249999996,51.41875019999999],[179.1351163,51.4164084],[179.1261738,51.4215602],[179.1265306,51.4260492],[179.1040456,51.43165990000001],[179.1008243,51.43795360000001],[179.0917316,51.4401757],[179.09006329999997,51.4458514],[179.0758723,51.445488499999996],[179.0719825,51.4519276],[179.0674549,51.450841200000006],[179.06404849999998,51.45494619999999],[179.0569192,51.4537662],[179.04968799999997,51.4604413],[179.0530498,51.46703509999999],[179.0425613,51.4672842],[179.0390906,51.4725406],[179.03106809999997,51.47343279999999],[179.0358478,51.48143799999999],[179.0301722,51.4827042],[179.0306094,51.4865926],[179.0187541,51.48869530000001],[179.01255009999997,51.4995866],[178.99373440000002,51.503914300000005],[178.9909127,51.50963889999999],[178.9789984,51.5121479],[178.964008,51.520866099999985],[178.9682207,51.5249383],[178.9664775,51.53016830000001],[178.95120259999996,51.53571190000001],[178.9504087,51.54124729999999],[178.930874,51.547281599999984],[178.9247721,51.545083999999996],[178.9239943,51.5480864],[178.91615150000004,51.5478229],[178.9124823,51.5439597],[178.90323670000004,51.55398389999999],[178.8913947,51.553650399999995],[178.8949084,51.555117999999986],[178.8930577,51.55968390000001],[178.8792711,51.55970059999999],[178.87885809999997,51.5691945],[178.86658969999996,51.5660501],[178.86189039999996,51.56025749999999],[178.8591801,51.5633049],[178.8491499,51.5630588],[178.8541871,51.56957129999999],[178.84253019999997,51.5779497],[178.83368969999998,51.5799498],[178.82760110000004,51.57951310000001],[178.8228857,51.574099],[178.81422219999996,51.5782697],[178.7991428,51.57442580000001],[178.7943177,51.57648890000001],[178.78400979999998,51.5696646],[178.77940179999996,51.5734723],[178.7656689,51.574622500000004],[178.7656462,51.5796144],[178.7601996,51.58238780000001],[178.76341259999998,51.5856713],[178.7610843,51.5892942],[178.75285329999997,51.5829066],[178.7502701,51.58625189999999],[178.74440969999998,51.582433299999984],[178.7428691,51.5863621],[178.73873949999998,51.5846833],[178.7367502,51.58773420000001],[178.72535529999996,51.58792300000001],[178.7143274,51.593189699999996],[178.6991286,51.59109260000001],[178.70192059999997,51.598125100000004],[178.69275029999997,51.60049999999999],[178.6863289,51.609379999999994],[178.66867319999997,51.6105609],[178.6639327,51.618126499999995],[178.6334467,51.6224063],[178.6257868,51.6366235],[178.61634489999997,51.637730499999996],[178.6251315,51.641871],[178.63906859999997,51.64235469999999],[178.64786619999998,51.6525801],[178.64671759999996,51.6578447],[178.66325139999998,51.6616354],[178.6778748,51.6581779],[178.6863508,51.64503700000001],[178.7118101,51.63914869999999],[178.71584409999997,51.644674900000005],[178.7192866,51.6373269],[178.73530629999996,51.6332356],[178.74263399999998,51.63824979999999],[178.7491786,51.637004700000006],[178.7498653,51.6420118],[178.76072289999996,51.645653599999996]],[[178.7823737,51.5662601],[178.7859786,51.5682809],[178.78830669999996,51.566450199999984],[178.7823737,51.5662601]],[[178.6309683,51.659305999999994],[178.6304051,51.6621145],[178.63941189999997,51.6627767],[178.63896669999997,51.6566271],[178.6309683,51.659305999999994]],[[178.2228059,51.828119799999996],[178.2080966,51.8300844],[178.20550559999998,51.833423999999994],[178.21220039999997,51.83590350000001],[178.2309008,51.832502399999996],[178.23450559999998,51.8276821],[178.25367339999997,51.8235063],[178.2790303,51.8221054],[178.2847491,51.8256057],[178.2849312,51.8220656],[178.2933855,51.8188823],[178.3039963,51.821853299999994],[178.31429599999998,51.8197975],[178.31299779999998,51.8164814],[178.3181515,51.8152417],[178.3110022,51.8136493],[178.30996149999996,51.810465499999985],[178.3340692,51.8083096],[178.3402169,51.797727800000004],[178.35044139999997,51.795684099999995],[178.3459139,51.78943639999999],[178.35796239999996,51.788056100000006],[178.37305249999997,51.77220520000001],[178.3806649,51.77044599999999],[178.37883,51.767129499999996],[178.3828264,51.764108300000004],[178.366996,51.7694234],[178.36375059999997,51.774366099999995],[178.3347773,51.76906819999999],[178.3064824,51.776290800000005],[178.27792779999996,51.803768999999996],[178.2529807,51.81101600000001],[178.2532704,51.81492939999999],[178.24085709999997,51.817542599999996],[178.2323384,51.8148697],[178.22966689999998,51.819446000000006],[178.22223189999997,51.821356],[178.2228059,51.828119799999996]],[[178.481459,51.91853809999999],[178.46922239999998,51.9278743],[178.46401689999996,51.9300633],[178.4590703,51.92777340000001],[178.45695729999997,51.9319885],[178.45237909999997,51.9325685],[178.45448969999998,51.9390333],[178.43390109999999,51.9416988],[178.43597169999998,51.9470359],[178.4420812,51.9475585],[178.44533800000002,51.9512483],[178.4546506,51.9505407],[178.4636414,51.953853499999994],[178.46274729999996,51.9581943],[178.45175379999998,51.9622435],[178.45709599999998,51.9694122],[178.45156069999996,51.97522549999999],[178.443954,51.976824799999996],[178.4585345,51.974439000000004],[178.4618282,51.979871300000006],[178.4579357,51.9842593],[178.46327139999997,51.9870177],[178.47063659999998,51.984635700000005],[178.4774448,51.9870713],[178.48814609999997,51.9817481],[178.5013291,51.98704039999999],[178.51387379999997,51.98052560000001],[178.5318661,51.9793295],[178.5696908,51.96796499999999],[178.57684959999997,51.9591563],[178.5887289,51.95209460000001],[178.58815839999997,51.94465319999999],[178.5801393,51.94066070000001],[178.5739874,51.9307488],[178.5472619,51.9179551],[178.5377777,51.90213659999999],[178.52997079999997,51.9041648],[178.5142613,51.8989864],[178.5025978,51.898866399999996],[178.49749299999996,51.905479099999994],[178.4855916,51.90716189999999],[178.481459,51.91853809999999]],[[177.778337,51.94393420000001],[177.7787554,51.9476906],[177.7841788,51.9455314],[177.778337,51.94393420000001]],[[179.57980779999997,52.0176185],[179.6157479,52.0181982],[179.62013709999997,52.02738009999999],[179.62523789999997,52.02463679999999],[179.651424,52.0248189],[179.67114159999997,52.0099406],[179.7029433,52.00509399999999],[179.70281939999998,51.99482959999999],[179.7089803,51.98729139999999],[179.7188093,51.98735169999999],[179.7285492,51.983135199999985],[179.73187889999997,51.97685640000001],[179.76380679999997,51.9741759],[179.7702808,51.96812849999999],[179.769281,51.96200040000001],[179.77297819999998,51.9614007],[179.76978490000002,51.954085700000014],[179.7627635,51.95269249999998],[179.76332089999997,51.948145600000004],[179.7576838,51.9488157],[179.75577719999998,51.9458786],[179.7450554,51.948747099999984],[179.7332055,51.943616],[179.7313108,51.93416199999999],[179.747306,51.9258974],[179.74868069999997,51.9222973],[179.74023869999996,51.91782519999999],[179.7386384,51.91196709999999],[179.7027383,51.904210600000006],[179.6823894,51.8946143],[179.6723108,51.896251799999995],[179.6571781,51.87863600000001],[179.63057590000003,51.8709298],[179.6113186,51.871867],[179.6013161,51.8808893],[179.59560039999997,51.879388899999995],[179.58504529999996,51.8859674],[179.5812576,51.885096199999985],[179.5827177,51.88793710000001],[179.57844419999998,51.890126800000004],[179.5512633,51.8895032],[179.54481189999998,51.8910716],[179.543491,51.895079999999986],[179.52686899999998,51.8997415],[179.5173962,51.8969645],[179.5190744,51.902837],[179.51303029999997,51.9129025],[179.48746429999997,51.9184348],[179.47899749999996,51.9236923],[179.4718706,51.9397522],[179.485835,51.944716400000004],[179.4902286,51.95535360000001],[179.4887418,51.9592819],[179.47779109999996,51.96447440000001],[179.4816951,51.9726279],[179.47831359999998,51.982328100000004],[179.5274611,51.983711],[179.53393799999998,51.98639490000001],[179.53505979999997,51.99322339999999],[179.549456,51.9961014],[179.55267439999997,52.0012813],[179.57980779999997,52.0176185]],[[177.63834710000003,51.96468290000001],[177.6475476,51.9576517],[177.65904839999996,51.9599528],[177.6754736,51.95650249999999],[177.67660619999998,51.95333109999999],[177.68401979999996,51.95508],[177.70615879999997,51.95031589999999],[177.6989812,51.9452602],[177.67970679999996,51.9489371],[177.67828519999998,51.9447741],[177.67323199999998,51.9449229],[177.67402589999998,51.941989799999995],[177.6714081,51.94455589999999],[177.6715368,51.9422543],[177.6605451,51.94393420000001],[177.6468444,51.94101750000001],[177.64379359999998,51.94540499999999],[177.6260186,51.94934469999999],[177.6210201,51.9531824],[177.6203549,51.9591958],[177.6355845,51.9669304],[177.634356,51.972664400000006],[177.6434809,51.9693497],[177.63834710000003,51.96468290000001]],[[178.33972869999997,51.963245099999995],[178.34306,51.9759987],[178.3493578,51.9731799],[178.35224389999996,51.96409119999999],[178.358885,51.965129100000006],[178.3639705,51.96228979999999],[178.36271519999997,51.959856900000005],[178.3555488,51.962477],[178.3498245,51.95510649999999],[178.3339781,51.9539329],[178.3262747,51.9454851],[178.32019689999998,51.946576300000004],[178.320744,51.9531923],[178.31455889999998,51.95403859999999],[178.31884499999998,51.960250299999984],[178.33972869999997,51.963245099999995]],[[178.3143282,51.96813680000001],[178.31465539999996,51.9623757],[178.30936609999998,51.96397219999999],[178.3143282,51.96813680000001]],[[178.3001821,51.968326399999995],[178.29791279999998,51.9704737],[178.28131559999997,51.968758099999995],[178.27683089999996,51.9729916],[178.26797959999996,51.974452199999995],[178.263452,51.9803174],[178.28282889999997,51.98684949999999],[178.29247889999996,51.9762664],[178.30354029999998,51.97129950000001],[178.3001821,51.968326399999995]],[[178.3348032,51.98208879999999],[178.345105,51.980668499999986],[178.33687669999998,51.977718499999995],[178.3348032,51.98208879999999]],[[177.40598739999996,51.930103],[177.40159389999997,51.92536270000001],[177.3956823,51.92588210000001],[177.3945558,51.9227094],[177.38389129999996,51.9224812],[177.3802543,51.9158738],[177.37747009999998,51.9173727],[177.3738331,51.914464200000005],[177.3713279,51.9189675],[177.3696649,51.9154139],[177.3647726,51.9157878],[177.3470378,51.9046322],[177.3478532,51.89897889999999],[177.3421669,51.896728],[177.3467147,51.89361170000001],[177.33415240000002,51.890126800000004],[177.3346299,51.8836529],[177.32461449999997,51.8704764],[177.3321032,51.8657827],[177.3330796,51.85605600000001],[177.32930299999998,51.853839400000005],[177.3305894,51.8408706],[177.32183569999998,51.836241599999994],[177.3242905,51.82781939999999],[177.3148835,51.8285375],[177.3101897,51.825614800000004],[177.3016763,51.8287099],[177.29271769999997,51.835575299999995],[177.2941714,51.84379190000001],[177.2841936,51.847540099999996],[177.28223559999998,51.85277239999999],[177.2714639,51.854462299999994],[177.2712117,51.859187],[177.2611105,51.85834870000001],[177.25112739999997,51.862807999999994],[177.2502208,51.8675748],[177.22852169999996,51.8755703],[177.22804429999997,51.8818988],[177.2183186,51.8829452],[177.20945119999996,51.8759843],[177.20212879999997,51.8806603],[177.2042048,51.8868821],[177.1979982,51.891646400000006],[177.19910319999997,51.8943445],[177.22189129999998,51.9004419],[177.2223794,51.903861],[177.234149,51.90987779999999],[177.2446042,51.904013299999995],[177.2476056,51.9087241],[177.2547215,51.9074718],[177.2529459,51.910112699999985],[177.2663136,51.91957339999999],[177.29162869999996,51.91826939999999],[177.28838859999996,51.92337109999998],[177.2925138,51.92750959999999],[177.29998109999997,51.92557109999999],[177.30944390000002,51.9307381],[177.3291099,51.92952749999999],[177.3272324,51.9388481],[177.3211169,51.9422146],[177.33092310000004,51.9458653],[177.33040809999997,51.95060680000001],[177.3419523,51.954382499999994],[177.3429501,51.9642334],[177.36780879999998,51.9752453],[177.3831296,51.9737847],[177.3903072,51.978569500000006],[177.4284775,51.976878799999994],[177.4467087,51.98552109999999],[177.4619007,51.982468299999994],[177.4695074,51.98565320000001],[177.48037569999997,51.9819199],[177.4841512,51.983581699999995],[177.496082,51.99301320000001],[177.4859977,52.004229499999994],[177.50414379999998,52.0086098],[177.5050414,52.0148354],[177.4985504,52.0181039],[177.50025629999996,52.0246796],[177.5058353,52.02739280000001],[177.502917,52.03570309999999],[177.5074124,52.04377419999999],[177.50583439999997,52.04806419999999],[177.50028849999998,52.0491982],[177.5153088,52.052147399999996],[177.5281405,52.0671347],[177.5420666,52.073597799999995],[177.55004879999998,52.0837587],[177.5484717,52.0991045],[177.54232409999997,52.102168999999996],[177.5589323,52.1066765],[177.55933999999996,52.1158878],[177.56353499999997,52.1179565],[177.56112100000004,52.12126349999998],[177.57843729999996,52.122943199999995],[177.5833189,52.1287857],[177.58154839999997,52.133811900000005],[177.605651,52.1351278],[177.6147491,52.1305738],[177.618134,52.124438500000004],[177.62566029999996,52.1251762],[177.6317114,52.11954079999999],[177.6379891,52.120579500000005],[177.65862999999996,52.11084090000001],[177.66521209999996,52.1116876],[177.6591557,52.10394509999999],[177.6670682,52.0932581],[177.67330169999997,52.090647799999985],[177.6703513,52.0798851],[177.6618648,52.0718172],[177.65640379999996,52.071527],[177.65843149999998,52.06867140000001],[177.6397687,52.06745789999999],[177.631073,52.062428600000004],[177.6357078,52.0523915],[177.63207079999998,52.04834700000001],[177.642982,52.043589499999996],[177.6418179,52.040883799999996],[177.62493070000002,52.039814699999994],[177.62020469999996,52.037],[177.6217282,52.0346603],[177.6063377,52.02849189999999],[177.60828939999996,52.022339099999996],[177.59948189999997,52.02353089999999],[177.58720809999997,52.01958609999999],[177.5884527,52.016776699999994],[177.60039929999996,52.0161692],[177.5907111,52.012157800000004],[177.58929489999997,52.0060491],[177.5792474,52.00645519999999],[177.5672257,51.9956954],[177.55437789999996,52.002096099999996],[177.5455427,52.00070910000001],[177.54456099999996,51.99770029999999],[177.5532567,51.994189199999994],[177.56847019999998,51.9936673],[177.5777668,51.97915429999999],[177.57461789999996,51.9742077],[177.5596416,51.9815791],[177.5482678,51.9831456],[177.5350445,51.9738739],[177.5244069,51.973341899999994],[177.52988929999998,51.9691844],[177.53437399999999,51.97371859999999],[177.5368845,51.9586404],[177.54508139999996,51.95497089999999],[177.56468829999997,51.95595939999999],[177.56858829999996,51.95062999999998],[177.57827099999997,51.94951899999999],[177.6060319,51.9531791],[177.6081133,51.9503688],[177.6030225,51.950352200000005],[177.60088199999998,51.9471648],[177.6071048,51.9301526],[177.60266299999998,51.92700349999999],[177.60674,51.92615],[177.59721819999996,51.92196510000001],[177.5996268,51.9262195],[177.59530839999996,51.927685],[177.58836149999996,51.923083299999995],[177.5811034,51.929960799999996],[177.5762379,51.92048619999999],[177.5643872,51.9287715],[177.5569689,51.930103],[177.55434570000003,51.9269803],[177.5586963,51.9234141],[177.55415259999998,51.9184745],[177.5591093,51.91534109999999],[177.5562447,51.916555499999994],[177.5507837,51.910897],[177.54696429999998,51.9172966],[177.54117069999998,51.91704850000001],[177.5329846,51.9244827],[177.50961719999998,51.924545599999995],[177.5048643,51.935934299999985],[177.49868449999997,51.939023299999995],[177.4887389,51.9356201],[177.4929982,51.92812489999999],[177.47304800000003,51.9366256],[177.46681449999997,51.9292562],[177.470752,51.925620699999996],[177.4802685,51.92442309999999],[177.47921699999998,51.9131373],[177.47431399999996,51.90807749999998],[177.46925,51.91170120000001],[177.46301649999998,51.910966499999994],[177.458666,51.917697],[177.4449331,51.9195763],[177.4497829,51.9291376],[177.4590093,51.93176679999999],[177.4565524,51.938689299999986],[177.43881759999996,51.93356620000001],[177.4307817,51.93530260000001],[177.42635459999997,51.9280711],[177.40598739999996,51.930103]],[[178.125565,51.990185700000005],[178.1251895,51.993555],[178.1099653,51.998086699999995],[178.09633159999998,51.998261699999986],[178.10236079999999,52.0072474],[178.09350089999998,52.023451400000006],[178.0965889,52.0316082],[178.08880589999998,52.036305],[178.09582229999998,52.0443695],[178.1052232,52.0440184],[178.10877339999996,52.047274],[178.1223035,52.03994010000001],[178.1241918,52.0416757],[178.11513659999997,52.04698779999999],[178.1182372,52.0504056],[178.1465875,52.052027900000006],[178.14806339999998,52.0447245],[178.16274049999998,52.0408112],[178.1662488,52.036798700000006],[178.1769405,52.0366096],[178.18066829999998,52.0182557],[178.1774926,52.0145185],[178.1899059,52.0031959],[178.1723857,51.9911866],[178.14637359999998,51.99244519999999],[178.1443566,51.988127600000006],[178.13554819999996,51.98705069999998],[178.125565,51.990185700000005]],[[175.86964530000003,52.3747063],[175.88425949999998,52.37120429999999],[175.90877289999997,52.3745021],[175.9449573,52.36836230000001],[175.96688029999999,52.358917000000005],[175.9731301,52.3610328],[175.9728522,52.35898879999999],[175.9619557,52.3569724],[175.9436155,52.3366958],[175.90873799999997,52.3351438],[175.8891819,52.3452649],[175.8840197,52.3567204],[175.8747257,52.36027690000001],[175.8751154,52.36983500000001],[175.86964530000003,52.3747063]],[[173.55172279999996,52.47173659999999],[173.55491989999996,52.4779906],[173.55756999999997,52.4745403],[173.5623314,52.4779998],[173.58393069999997,52.47717380000001],[173.58867289999998,52.4721157],[173.59266219999998,52.4727254],[173.59280349999997,52.481956999999994],[173.6024809,52.4916197],[173.60188389999996,52.5009711],[173.6153964,52.5022107],[173.6163103,52.50573419999999],[173.62230779999996,52.505923599999996],[173.62546199999997,52.497603100000006],[173.6308157,52.4986089],[173.63865849999996,52.49274320000001],[173.65125419999998,52.4972046],[173.66184089999996,52.5063001],[173.67227199999996,52.5060542],[173.67996449999998,52.5117157],[173.70248439999997,52.50800019999999],[173.7482536,52.511865900000004],[173.77354139999997,52.509593499999994],[173.7712777,52.50376850000001],[173.76164319999998,52.5012476],[173.75839229999997,52.49702169999999],[173.73013259999996,52.488333700000005],[173.70824569999996,52.477709700000005],[173.7008643,52.464716900000006],[173.69112249999998,52.4616904],[173.6982679,52.455081],[173.69397639999997,52.4450506],[173.68944349999998,52.4428648],[173.7003107,52.435118],[173.702648,52.42882490000001],[173.69617579999996,52.4209985],[173.71227979999998,52.4201413],[173.70909329999998,52.41440909999999],[173.7134278,52.4069352],[173.71074559999997,52.4005009],[173.716582,52.39974159999999],[173.720026,52.3898099],[173.71717209999997,52.38730859999999],[173.7224366,52.3762385],[173.7185669,52.3704442],[173.7222147,52.3695926],[173.72549769999998,52.358258499999984],[173.7216461,52.355971700000005],[173.71664639999997,52.35890719999999],[173.7097371,52.35616829999999],[173.7091041,52.3597459],[173.70156129999998,52.35943819999999],[173.69252799999998,52.36521],[173.670022,52.3635167],[173.67092009999996,52.36128560000001],[173.65984799999998,52.36104979999999],[173.6536145,52.356397599999994],[173.6412549,52.3559652],[173.6384332,52.35942480000001],[173.6414451,52.362208200000005],[173.6383903,52.3624387],[173.6435723,52.36395869999999],[173.64578929999996,52.37185029999999],[173.63206029999998,52.3759267],[173.6236489,52.3727172],[173.622694,52.3767585],[173.60640809999998,52.3786204],[173.6066651,52.3841327],[173.61574169999997,52.39288719999999],[173.61463809999998,52.3974044],[173.6025667,52.39745689999999],[173.5930073,52.3911783],[173.589102,52.3993423],[173.56201169999997,52.4012144],[173.5562074,52.3999772],[173.5567151,52.3955966],[173.5473025,52.38806159999999],[173.5433328,52.391309299999996],[173.5379147,52.38815329999999],[173.535608,52.3908182],[173.52819439999996,52.3866473],[173.52514739999998,52.3885462],[173.5049772,52.3833993],[173.4977245,52.38498400000001],[173.47217919999997,52.38044570000001],[173.45542069999996,52.388598599999995],[173.44139809999996,52.38850029999999],[173.43664529999998,52.39237649999999],[173.41522309999996,52.389987599999984],[173.4096529,52.3866372],[173.4073906,52.39617059999999],[173.40030670000002,52.3997808],[173.3526707,52.40338760000001],[173.3639519,52.410374299999994],[173.37352749999997,52.423072600000005],[173.3783662,52.424158600000005],[173.3808875,52.4328201],[173.3973348,52.4337948],[173.4022593,52.4293139],[173.4111857,52.4293662],[173.41562639999998,52.431882099999996],[173.41160419999997,52.435763599999994],[173.4149945,52.4368167],[173.42428559999996,52.432486499999996],[173.4259593,52.4365812],[173.43248249999996,52.4384126],[173.4317636,52.44350729999999],[173.43934889999997,52.4535511],[173.4470415,52.45349230000001],[173.4503889,52.44908529999999],[173.4526205,52.45048460000001],[173.4747434,52.440014999999995],[173.4805906,52.442637500000004],[173.486678,52.43899360000001],[173.4995162,52.439857999999994],[173.5157275,52.44741779999999],[173.52880599999997,52.4473263],[173.5356939,52.46035679999999],[173.5465729,52.46814849999999],[173.5465944,52.4722595],[173.55172279999996,52.47173659999999]],[[174.06287639999996,52.7292813],[174.0667245,52.72591430000001],[174.07761409999998,52.7270737],[174.0848307,52.73786309999999],[174.09425689999998,52.7410173],[174.0996112,52.7364721],[174.1096541,52.7361779],[174.113436,52.7301729],[174.12914759999998,52.7322093],[174.12977709999998,52.728456499999986],[174.14097539999997,52.7273379],[174.1445941,52.7177893],[174.15190319999996,52.71457040000001],[174.156505,52.70535089999999],[174.10472049999998,52.7083548],[174.08997649999998,52.7138885],[174.06735259999996,52.7169234],[174.0639257,52.7146847],[174.0537898,52.7232957],[174.059051,52.7237861],[174.06287639999996,52.7292813]],[[174.01632959999998,52.72988920000001],[174.0210693,52.7304869],[174.01810809999998,52.7268686],[174.007132,52.72528309999999],[174.00809219999996,52.7208209],[174.00424760000004,52.720894599999994],[174.00429260000004,52.71856330000001],[173.99497929999998,52.719577099999995],[173.9916229,52.725595],[173.9729848,52.7268514],[173.94389889999997,52.7507554],[173.95047509999998,52.7525909],[173.9509,52.750182999999986],[173.96184559999998,52.74734209999999],[173.96695839999998,52.750104099999994],[173.9641786,52.745569],[173.9760214,52.743407600000005],[173.98118799999997,52.7480441],[173.98364419999996,52.7423586],[173.9915408,52.74501930000001],[173.9945126,52.7406666],[173.9957798,52.7440853],[174.00283809999996,52.743440099999994],[173.9958322,52.7363014],[174.0064367,52.7362598],[174.01511149999996,52.73327140000001],[174.01632959999998,52.72988920000001]],[[173.92395969999998,52.7521913],[173.89438879999997,52.749959800000006],[173.8751435,52.7595092],[173.8598417,52.772992200000004],[173.87941959999998,52.7739246],[173.8813555,52.7707725],[173.8910674,52.76858049999999],[173.8935666,52.772279299999994],[173.89689089999996,52.771429099999985],[173.90646100000004,52.763664299999995],[173.9278757,52.75717830000001],[173.9351262,52.749330199999996],[173.93085759999997,52.74632210000001],[173.92395969999998,52.7521913]],[[173.07697659999997,52.79938020000001],[173.07332939999998,52.79806979999999],[173.0673004,52.8000121],[173.06945669999996,52.80202419999999],[173.07697659999997,52.79938020000001]],[[173.1974416,52.84029950000001],[173.2029057,52.8373339],[173.183582,52.83248940000001],[173.18484019999997,52.82522879999999],[173.17972399999996,52.8242446],[173.1811059,52.8162017],[173.17719459999998,52.8129567],[173.1722602,52.8227783],[173.1573035,52.8203608],[173.16138709999998,52.806023100000004],[173.16567279999998,52.8077618],[173.16756879999997,52.8030916],[173.1741518,52.8058601],[173.17235909999997,52.8021381],[173.17826539999996,52.79902],[173.1761243,52.79205389999999],[173.16524929999997,52.797650299999994],[173.15009629999997,52.797142799999996],[173.13960739999996,52.790322],[173.13906169999998,52.786048799999996],[173.11703670000003,52.78397939999999],[173.1019409,52.7905973],[173.1039533,52.7980424],[173.09450659999996,52.79832029999999],[173.0907402,52.8035705],[173.07807409999998,52.8055135],[173.0741635,52.81940850000001],[173.0772632,52.823407],[173.0730552,52.829587800000006],[173.0547177,52.8325062],[173.0510796,52.8238479],[173.0394268,52.8242497],[173.0203403,52.8175095],[173.00638430000004,52.8162031],[172.9958328,52.80629459999999],[172.9992913,52.79614230000001],[172.9914067,52.7919012],[172.9850579,52.7922746],[172.97253429999998,52.77982649999999],[172.9658688,52.778954999999996],[172.96048569999996,52.7744728],[172.9634148,52.7718771],[172.9545644,52.7682083],[172.9534244,52.761827999999994],[172.9415899,52.757920699999985],[172.94245249999997,52.7556288],[172.9279023,52.7536261],[172.9245268,52.745462499999995],[172.91927359999997,52.749035799999994],[172.90415349999998,52.74559519999998],[172.904581,52.7500613],[172.89512889999997,52.7530799],[172.9015642,52.7613292],[172.89745139999997,52.7711868],[172.88860589999996,52.7788401],[172.89396659999997,52.7809254],[172.8884793,52.7842316],[172.8918041,52.7882724],[172.8760737,52.797263],[172.8659199,52.7992355],[172.8525402,52.793826],[172.84867839999998,52.795062300000005],[172.84553059999996,52.78584849999999],[172.82804719999996,52.793061],[172.8194978,52.80380329999999],[172.8129924,52.803394],[172.8050069,52.7966098],[172.8064066,52.7870213],[172.7815353,52.777053499999994],[172.7772256,52.7788782],[172.7746895,52.7883251],[172.76495999999997,52.78936590000001],[172.7604459,52.7842359],[172.75523089999996,52.793565400000006],[172.74852279999996,52.7949457],[172.7475392,52.79150039999999],[172.7411822,52.7910814],[172.7368326,52.793323699999995],[172.7564067,52.8122533],[172.76062849999997,52.825699400000005],[172.75825469999998,52.8356559],[172.7652318,52.8406351],[172.76394999999997,52.85847899999999],[172.76834719999997,52.86649220000001],[172.79630679999997,52.8827111],[172.7892113,52.8901724],[172.74542769999996,52.8759624],[172.73432149999996,52.8772264],[172.7323732,52.8807903],[172.72718259999996,52.8816495],[172.71681369999996,52.8756301],[172.69885749999997,52.87638160000001],[172.69767779999998,52.8787046],[172.67206259999998,52.87343090000001],[172.66850949999997,52.877661599999996],[172.66078629999998,52.87756040000001],[172.65236979999997,52.8716901],[172.6431048,52.8716215],[172.62074549999997,52.8629432],[172.61714229999998,52.86560729999999],[172.6155856,52.8620223],[172.6125189,52.86537249999999],[172.6092251,52.86368770000001],[172.6095334,52.86823269999999],[172.6159067,52.8703422],[172.61404799999997,52.87304309999999],[172.629583,52.8789845],[172.62707889999996,52.89352939999999],[172.6304847,52.8996322],[172.64970970000002,52.911847],[172.6364611,52.92509720000001],[172.61304789999997,52.920709399999986],[172.5687874,52.92185779999999],[172.5396246,52.91421750000001],[172.5369149,52.9107537],[172.5266114,52.910166499999995],[172.5134572,52.903487199999994],[172.51269919999996,52.90605909999999],[172.5001632,52.9091586],[172.49575409999997,52.9184395],[172.4733624,52.915343199999995],[172.46621159999998,52.91016629999999],[172.4581409,52.9214449],[172.44667249999998,52.9189864],[172.44528169999998,52.92115179999999],[172.4988411,52.9407936],[172.5106689,52.95203480000001],[172.52448899999996,52.9509913],[172.53735839999996,52.9598476],[172.54835649999998,52.9578621],[172.5530021,52.9717368],[172.5942707,52.9812171],[172.61761969999998,52.9905066],[172.6307538,53.0003805],[172.6413673,53.002486699999984],[172.6813876,53.003739100000004],[172.7029843,53.0022256],[172.72044329999997,52.9973333],[172.7274529,52.99889580000001],[172.72826419999998,53.0051646],[172.7404986,53.0082792],[172.7783049,53.011374],[172.79594249999997,53.001620200000005],[172.8358096,52.998807899999996],[172.84262439999998,52.9958196],[172.8709062,52.9981634],[172.87486529999998,52.9947942],[172.88818679999997,52.9963568],[172.89482319999996,52.992176799999996],[172.90557209999997,52.99398860000001],[172.9079666,52.98953850000001],[172.90139599999998,52.981036700000004],[172.9050991,52.97807339999999],[172.91758209999998,52.9739539],[172.92840919999998,52.9780801],[172.92923530000002,52.975213],[172.94691589999996,52.9722766],[172.95356949999996,52.97352620000001],[172.9564479,52.97857549999999],[172.96700699999997,52.9769296],[172.97351989999999,52.9854875],[172.99800999999997,52.9928859],[173.0507072,52.9899602],[173.06231699999998,52.9839879],[173.07419209999998,52.9827506],[173.0986903,52.9892939],[173.11945349999996,52.990318299999984],[173.1324679,52.98687989999999],[173.1374083,52.981188],[173.1523125,52.977921499999994],[173.1544935,52.974370099999994],[173.1636567,52.9736276],[173.16440139999997,52.96131059999999],[173.1733707,52.9581527],[173.1522763,52.9389541],[173.1263619,52.93163499999999],[173.12863189999996,52.921818800000004],[173.1601843,52.926286999999995],[173.1623571,52.9231837],[173.1526938,52.918935399999995],[173.15215640000002,52.915897699999995],[173.1586945,52.9115906],[173.1708526,52.9130488],[173.21072849999996,52.938045399999986],[173.22396449999997,52.938598799999994],[173.2350473,52.94370339999999],[173.24995239999998,52.9433037],[173.2480022,52.934716800000004],[173.234733,52.928294699999995],[173.23828669999997,52.923781399999996],[173.2474019,52.9240621],[173.25234869999997,52.9298788],[173.26892949999998,52.932673],[173.27796369999996,52.9305739],[173.2815659,52.925590699999994],[173.30337169999999,52.9242859],[173.30090809999996,52.9131205],[173.3084493,52.9107479],[173.30268529999998,52.9073536],[173.2951762,52.89010530000001],[173.27807059999998,52.8864736],[173.27716790000002,52.8792258],[173.264812,52.8786273],[173.26196289999996,52.875192000000006],[173.26589319999997,52.8636321],[173.2851155,52.85944799999999],[173.3376421,52.8618392],[173.3694931,52.8575864],[173.376777,52.85329349999999],[173.3830827,52.854766600000005],[173.4069925,52.84747910000001],[173.4256246,52.85183849999999],[173.43018390000003,52.85006990000001],[173.4242091,52.8478393],[173.41926739999997,52.8360536],[173.4253053,52.82893970000001],[173.4118977,52.827932200000006],[173.36990029999998,52.8354441],[173.36230149999997,52.8306775],[173.3490412,52.8319326],[173.3064136,52.8269872],[173.298779,52.8174867],[173.30660409999996,52.8092746],[173.2874785,52.81504610000001],[173.2967074,52.81876],[173.2931149,52.8266853],[173.257887,52.8408217],[173.22990129999997,52.8570943],[173.2184018,52.8564832],[173.2015218,52.84678819999999],[173.20257109999997,52.843061199999994],[173.1974416,52.84029950000001]],[[173.25670119999998,52.9369486],[173.2527852,52.9372848],[173.2551348,52.94097679999999],[173.25670119999998,52.9369486]],[[167.5481504,54.758566099999996],[167.54662509999997,54.7631977],[167.5271541,54.76895290000001],[167.5208187,54.77412369999999],[167.52237889999998,54.778200500000004],[167.51001609999997,54.78010659999999],[167.4966388,54.7905605],[167.498692,54.7960645],[167.49248379999997,54.7963525],[167.45625259999997,54.81731889999999],[167.45211119999996,54.81687380000001],[167.4527013,54.8203757],[167.4472028,54.823903500000014],[167.4555938,54.824432599999994],[167.45725029999997,54.82740479999999],[167.44172039999998,54.837338299999985],[167.45124759999996,54.8443521],[167.44228359999997,54.861261400000004],[167.4370801,54.86171840000001],[167.4410713,54.8699936],[167.44358179999998,54.8674746],[167.4611369,54.869556800000005],[167.4636984,54.8666797],[167.46926399999998,54.86754559999999],[167.4843889,54.8549253],[167.51074429999997,54.84628719999999],[167.5247991,54.8506389],[167.5273848,54.84889090000001],[167.51909669999998,54.8479056],[167.51738809999998,54.8450449],[167.527162,54.8355043],[167.5435585,54.8278127],[167.56311179999997,54.8252231],[167.55635799999996,54.81156009999999],[167.54004479999998,54.8094039],[167.5371403,54.80317850000001],[167.5399844,54.7991508],[167.5677037,54.797555499999994],[167.56673809999998,54.79512480000001],[167.5790441,54.793943399999996],[167.58127569999996,54.7905103],[167.59168269999998,54.7960958],[167.60308739999996,54.79471040000001],[167.6112735,54.7889731],[167.6223564,54.787491499999994],[167.62811779999998,54.782245100000004],[167.63351439999997,54.7864769],[167.6468611,54.7893536],[167.6496613,54.78618],[167.667895,54.785041599999985],[167.6664734,54.783504199999996],[167.6716071,54.78203479999999],[167.6799327,54.7834485],[167.67610249999998,54.78039199999999],[167.67662279999996,54.77351409999999],[167.6882958,54.7716204],[167.6810431,54.7706178],[167.6717198,54.762265],[167.67522269999998,54.75721959999999],[167.68271419999996,54.754839100000005],[167.7027744,54.762501699999994],[167.7291164,54.7630016],[167.72995859999997,54.751410500000006],[167.73688939999997,54.74995609999999],[167.73255229999998,54.7469908],[167.7333828,54.7345672],[167.7421921,54.73242949999999],[167.7532321,54.737289],[167.74955209999996,54.7265595],[167.74229940000004,54.7218257],[167.74964329999997,54.7124309],[167.7544337,54.71220159999999],[167.75541009999998,54.69856080000001],[167.7771038,54.6857187],[167.7875268,54.68215239999999],[167.803942,54.682949400000005],[167.8187102,54.6873343],[167.8325879,54.6958607],[167.83304929999997,54.6908939],[167.8451943,54.6861621],[167.8437889,54.683402199999996],[167.8591204,54.67129669999999],[167.8561163,54.668998],[167.86389469999997,54.667378600000006],[167.86499979999996,54.6531921],[167.875793,54.6522114],[167.87485959999998,54.6488781],[167.8805566,54.644439399999996],[167.8958988,54.64557549999999],[167.8995466,54.6433219],[167.9086232,54.6488284],[167.92312860000004,54.6480711],[167.92955519999998,54.65439],[167.9343831,54.6540238],[167.9405093,54.65007609999999],[167.93700629999998,54.6484187],[167.93854589999998,54.6432956],[167.93250019999996,54.639208700000005],[167.9380524,54.6351384],[167.92658329999998,54.63196829999999],[167.92466819999999,54.625583799999994],[167.940225,54.604730899999986],[167.95847469999998,54.5956041],[167.9621655,54.58471900000001],[167.96708459999996,54.581461],[167.9774058,54.578283599999985],[167.99086779999996,54.5807864],[167.9959197,54.577895700000006],[168.00599279999997,54.5587565],[168.03157029999997,54.53554129999999],[168.0555332,54.5268022],[168.069219,54.5261763],[168.07578379999998,54.52018170000001],[168.0887282,54.5166943],[168.1015062,54.5023307],[168.10047629999997,54.49799439999999],[168.0907908,54.4958019],[168.08242499999997,54.5028773],[168.0592614,54.511226],[168.05545269999996,54.51798959999999],[168.0283946,54.5307603],[168.02153349999998,54.5395966],[168.00664719999997,54.5422418],[168.0024791,54.5457332],[167.9874319,54.54639279999999],[167.9498166,54.5634937],[167.9367596,54.5649555],[167.93901259999998,54.5668931],[167.93353559999997,54.56771100000001],[167.9364002,54.5758832],[167.9258323,54.58999409999999],[167.91768639999998,54.59175],[167.9162088,54.5966631],[167.9052305,54.601380500000005],[167.88087839999997,54.6070984],[167.87519219999996,54.61533729999999],[167.8374803,54.63466649999999],[167.81061529999997,54.6434554],[167.8049022,54.6425955],[167.7877092,54.6508458],[167.7670938,54.646779900000006],[167.75358619999997,54.64867939999999],[167.7378501,54.6616489],[167.72935509999996,54.66338249999999],[167.72270319999998,54.66995970000001],[167.71282869999996,54.6736619],[167.71102489999998,54.68070099999999],[167.700516,54.679944299999995],[167.7073717,54.685452],[167.6994699,54.68836060000001],[167.6815152,54.7035546],[167.6566726,54.715213600000006],[167.6361,54.716081200000005],[167.61967419999996,54.7237899],[167.61239469999998,54.7342817],[167.6138914,54.7378093],[167.59079219999998,54.7410656],[167.57696269999997,54.7470187],[167.5758684,54.751765],[167.5597483,54.7509043],[167.5481504,54.758566099999996]],[[166.12001899999998,55.0356099],[166.1048806,55.036771900000005],[166.0915232,55.04841179999998],[166.0908151,55.05734149999999],[166.0763794,55.0629177],[166.0714173,55.07545590000001],[166.0841417,55.082088999999996],[166.08748379999997,55.089979699999994],[166.08653429999998,55.0973316],[166.07944249999997,55.1005882],[166.082865,55.12112799999999],[166.0794264,55.1280602],[166.05182649999998,55.1476755],[166.0468912,55.16440689999999],[166.0132724,55.1856857],[165.9928849,55.187192499999995],[165.99055949999996,55.190506000000006],[165.9759589,55.19421200000001],[166.00211000000002,55.2003844],[165.9997809,55.2100202],[165.98986739999998,55.2195319],[165.9359389,55.2452678],[165.9228886,55.2467786],[165.91545759999997,55.2533249],[165.89929999999998,55.24995859999999],[165.89620469999997,55.2563395],[165.88881249999997,55.2601425],[165.80681199999998,55.276032199999996],[165.8022996,55.272636],[165.7996794,55.27965079999999],[165.7857267,55.284207800000004],[165.7704091,55.2797355],[165.7532269,55.2855832],[165.761472,55.288705199999995],[165.76116619999996,55.29277999999999],[165.7703984,55.28962159999999],[165.78396249999997,55.295380099999996],[165.791887,55.2946663],[165.7973718,55.2994147],[165.80559969999996,55.298262300000005],[165.8098376,55.303881200000006],[165.81816309999996,55.3027087],[165.8279063,55.309554199999994],[165.86471559999998,55.310971],[165.87831969999996,55.3169117],[165.9234077,55.32503059999999],[165.92736119999998,55.32922680000001],[165.93466759999998,55.32928480000001],[165.94298779999997,55.3380968],[165.9419805,55.3436931],[165.95357179999996,55.3494507],[165.9664196,55.3646675],[165.9694022,55.36231369999999],[165.98138089999998,55.36364309999999],[165.9985203,55.35678540000001],[166.0167271,55.35891240000001],[166.0309079,55.3560352],[166.066081,55.3440748],[166.0831439,55.333700199999996],[166.1043817,55.3309143],[166.12992929999996,55.32090099999999],[166.13586539999997,55.3255159],[166.1512399,55.31959779999999],[166.17532609999998,55.320150299999995],[166.1804169,55.3152694],[166.18622119999998,55.314619099999994],[166.196419,55.31776029999999],[166.2120402,55.3123753],[166.2413406,55.3172169],[166.24809979999998,55.3281191],[166.2565944,55.32865159999999],[166.2765312,55.31696050000001],[166.28652509999998,55.302559],[166.2994641,55.3006978],[166.28549519999999,55.28836619999999],[166.2665212,55.2852319],[166.258142,55.2694986],[166.2492961,55.2692816],[166.2422043,55.2653053],[166.2426281,55.258583400000006],[166.256302,55.25374689999999],[166.2585282,55.24630440000001],[166.24844309999997,55.2266337],[166.2543708,55.22274180000001],[166.24599159999997,55.21772649999999],[166.24123439999997,55.2012017],[166.2487972,55.17800999999999],[166.2627286,55.1666529],[166.26779789999998,55.1489752],[166.2771535,55.1435735],[166.2901998,55.126802700000006],[166.2890679,55.117594],[166.3209969,55.104893999999994],[166.33522329999997,55.0957109],[166.35101879999996,55.0913842],[166.35038849999998,55.0719486],[166.3573033,55.067685299999994],[166.36805889999997,55.051580099999995],[166.387698,55.044354999999996],[166.39977339999996,55.023169900000006],[166.399371,55.01130119999999],[166.4139032,54.9995459],[166.4169931,54.9892122],[166.43057579999999,54.982847],[166.43246409999998,54.97588959999999],[166.44518849999997,54.96307999999999],[166.4687919,54.9509317],[166.5005922,54.94055149999999],[166.50898219999996,54.9338827],[166.5331972,54.9279156],[166.5484214,54.9148686],[166.56225619999998,54.913774],[166.5795404,54.91755419999999],[166.5917122,54.91426419999999],[166.59386340000003,54.911140599999996],[166.58761380000004,54.9027026],[166.5904301,54.8980326],[166.58708810000002,54.89088160000001],[166.63265879999997,54.873745500000005],[166.6435271,54.8650836],[166.6510963,54.8479798],[166.6378999,54.8454903],[166.63647290000003,54.84143770000001],[166.65170249999997,54.82899],[166.64810299999996,54.8168784],[166.6549212,54.8059567],[166.65271639999997,54.8007343],[166.6677153,54.777285799999994],[166.67203899999998,54.761834699999994],[166.6695285,54.7544986],[166.67754289999996,54.7446778],[166.67150789999997,54.71318699999999],[166.6786909,54.6953522],[166.67094469999998,54.67897969999999],[166.6461128,54.6870242],[166.63680549999998,54.69856080000001],[166.6018283,54.7110992],[166.595301,54.7165243],[166.5764746,54.7206639],[166.56212859999997,54.73467149999999],[166.5678674,54.73794560000001],[166.56839969999996,54.742218],[166.5607687,54.7542982],[166.5141642,54.774216499999994],[166.5048677,54.78784410000001],[166.48682979999998,54.78850609999999],[166.48764789999998,54.807239700000004],[166.5082204,54.81843310000001],[166.50742649999998,54.82446899999999],[166.49850009999997,54.83246609999999],[166.48592859999997,54.8359836],[166.45006479999998,54.8231834],[166.4420664,54.83191610000001],[166.4345294,54.8333188],[166.4153947,54.8240375],[166.40780930000003,54.82728120000001],[166.40183869999998,54.836541200000006],[166.389581,54.8380149],[166.3781118,54.8260513],[166.3792892,54.8214047],[166.37603759999996,54.8215348],[166.37729109999998,54.82683459999999],[166.3687402,54.8366092],[166.33201269999998,54.8559528],[166.339649,54.8697636],[166.3073713,54.8686276],[166.2837946,54.8922947],[166.2873244,54.906175499999996],[166.29169109999998,54.909031299999995],[166.2887621,54.91375550000001],[166.28110169999997,54.9161266],[166.2448887,54.915127399999996],[166.23721349999997,54.9189567],[166.2374139,54.9240469],[166.2327468,54.92428739999999],[166.2317437,54.9356394],[166.2137085,54.94105379999999],[166.2000883,54.941087700000004],[166.178474,54.955916099999996],[166.17550309999996,54.961038],[166.1758229,54.972598000000005],[166.1808085,54.97653],[166.17191969999996,54.9822036],[166.16489229999996,54.9993367],[166.1564755,55.0037642],[166.15400249999996,55.01553359999999],[166.14045199999998,55.023133],[166.1252775,55.0263784],[166.12001899999998,55.0356099]],[[165.93722199999996,55.20606690000001],[165.9361712,55.20350239999999],[165.9312792,55.204477999999995],[165.93342219999997,55.2088518],[165.93722199999996,55.20606690000001]],[[164.4886833,59.201971],[164.5430142,59.228518],[164.5637691,59.229415499999995],[164.5897222,59.23966439999999],[164.5950061,59.229547200000006],[164.58648739999998,59.216353500000004],[164.59453940000003,59.1895428],[164.60751059999998,59.1813951],[164.6190494,59.18466269999999],[164.61703779999996,59.1827829],[164.6212703,59.18016110000001],[164.6391204,59.1813635],[164.6320689,59.1655144],[164.63300229999996,59.15034429999999],[164.6405286,59.13069110000001],[164.66689999999997,59.097676799999995],[164.69793049999998,59.079753399999994],[164.708029,59.06043609999998],[164.7171217,59.0553099],[164.719753,59.049331899999984],[164.7334309,59.045276],[164.7259462,59.0432258],[164.73485379999997,59.034303499999986],[164.7048721,59.005513],[164.6957606,58.9816297],[164.69131619999996,58.98004149999999],[164.69013869999998,58.971612300000004],[164.68499149999997,58.96901979999999],[164.6907529,58.963201],[164.68926969999998,58.9563259],[164.6934834,58.9560423],[164.6885937,58.9509227],[164.6875209,58.938695299999985],[164.70222199999998,58.93418629999999],[164.70059129999999,58.9294469],[164.7046387,58.92716690000001],[164.7022744,58.92441049999999],[164.7054005,58.92443550000001],[164.6967208,58.916844999999995],[164.69671549999998,58.9100215],[164.68398839999998,58.90292649999999],[164.684557,58.8997194],[164.6723449,58.901886099999984],[164.6700878,58.89040779999999],[164.64451699999998,58.8776322],[164.64106769999998,58.8712405],[164.62500119999999,58.8689221],[164.62335970000004,58.865089],[164.6137843,58.86459250000001],[164.5976615,58.870599899999995],[164.5708072,58.870916099999995],[164.56249509999998,58.8672705],[164.51050039999998,58.8610253],[164.4881684,58.86709849999999],[164.4706133,58.86722189999999],[164.44225159999996,58.8627701],[164.4259813,58.85325159999999],[164.3907425,58.8500426],[164.3638292,58.84163430000001],[164.33635529999998,58.8405275],[164.31679259999999,58.826018899999994],[164.26262939999998,58.80525170000001],[164.2560969,58.808692],[164.24056959999996,58.80463139999999],[164.23170629999998,58.8111735],[164.21797599999996,58.815431999999994],[164.18397899999997,58.8139042],[164.139394,58.80024929999999],[164.1361365,58.7980797],[164.1389179,58.79586329999999],[164.1231546,58.78718679999999],[164.11692509999997,58.77978230000001],[164.07933,58.76359240000001],[164.0566868,58.7585305],[164.0473822,58.752247600000004],[164.0315813,58.75084929999999],[164.01716569999996,58.74389070000001],[163.9973563,58.7428797],[163.94416539999997,58.7036633],[163.91915920000002,58.69798369999999],[163.90868509999999,58.700884900000005],[163.86021489999996,58.69699429999999],[163.8085502,58.669554999999995],[163.80428549999996,58.66289059999999],[163.7911803,58.6575295],[163.7697655,58.63939890000001],[163.7472993,58.6287006],[163.7231688,58.6230821],[163.71240649999996,58.6135711],[163.69626759999997,58.6118431],[163.679021,58.6055267],[163.67405619999997,58.598963299999994],[163.6771783,58.595764300000006],[163.6508203,58.58946600000001],[163.62542240000002,58.5890774],[163.60260109999996,58.58173699999999],[163.58198399999998,58.5707113],[163.5771131,58.56343480000001],[163.575359,58.54634289999999],[163.5552531,58.54247000000001],[163.54384299999998,58.52385950000001],[163.50888309999996,58.50314],[163.4983742,58.479976900000004],[163.50488659999996,58.46143430000001],[163.493557,58.455200199999986],[163.48921979999997,58.448447200000004],[163.483142,58.451635799999984],[163.480382,58.45789709999998],[163.46382200000002,58.46609190000001],[163.4536336,58.4796158],[163.4404412,58.4883726],[163.44897329999998,58.4977207],[163.44867289999996,58.5092717],[163.4385261,58.52155139999999],[163.41128289999997,58.5388584],[163.4087509,58.542663100000006],[163.41247109999998,58.5528924],[163.442595,58.5618904],[163.52553959999997,58.568060800000005],[163.5575196,58.5735657],[163.57154489999996,58.5788517],[163.5936114,58.59632890000001],[163.628456,58.6343021],[163.6432564,58.67407349999999],[163.66323349999996,58.7027855],[163.6834842,58.71360460000001],[163.7184951,58.7403842],[163.7382093,58.762666],[163.7624028,58.8000875],[163.77228139999997,58.82264489999999],[163.7749207,58.886413600000004],[163.8346428,58.93455449999999],[163.8521576,58.9540587],[163.87336849999997,58.96858009999999],[163.92025349999997,58.9891099],[163.92523169999998,59.00255019999998],[163.94287529999997,59.0005776],[163.95103719999997,59.0122499],[163.9357521,59.01559189999998],[163.92854149999997,59.0249288],[163.8822627,59.01983190000001],[163.86791559999998,59.01987329999999],[163.8619101,59.01574630000001],[163.82826979999996,59.01911669999999],[163.7946188,59.013654299999985],[163.81849379999997,59.01147669999999],[163.8604456,59.014601600000006],[163.9167881,59.00061069999999],[163.9204493,58.99436059999999],[163.9111018,58.9997929],[163.86766079999998,59.009224100000004],[163.80383489999997,59.011756899999995],[163.7681341,59.014657199999995],[163.72475,59.00258470000001],[163.7213087,58.9957796],[163.68591429999998,58.9859784],[163.72434499999997,59.00657650000001],[163.76129779999997,59.01544109999998],[163.83337939999998,59.02028469999999],[163.89743330000002,59.0221582],[164.01657429999997,59.0379619],[164.09674819999998,59.056471200000004],[164.1373757,59.072923599999996],[164.1857278,59.08602799999999],[164.3135861,59.11447290000002],[164.3515098,59.1288318],[164.37056689999997,59.14345560000001],[164.37408859999996,59.1563241],[164.3953907,59.1762925],[164.4343954,59.185649199999986],[164.4459853,59.1939731],[164.4886833,59.201971]],[[164.6690302,59.58937509999999],[164.65317699999997,59.60038310000001],[164.65314979999997,59.611254100000004],[164.64156659999998,59.61853430000001],[164.64672449999998,59.6269546],[164.66241,59.629234999999994],[164.6742923,59.6258574],[164.6779204,59.62122939999998],[164.6785356,59.61380319999999],[164.68410759999998,59.608365899999995],[164.6833028,59.5971704],[164.6918638,59.59514099999999],[164.6860885,59.591098599999995],[164.6690302,59.58937509999999]],[[163.7857361,59.986437499999994],[163.77147459999998,59.986949200000005],[163.76962849999998,59.9895529],[163.80391889999999,60.0016827],[163.800627,59.9931456],[163.78598200000002,59.98127890000001],[163.7857361,59.986437499999994]],[[172.1017781,60.8461121],[172.0974639,60.84734000000001],[172.0997262,60.85080159999998],[172.10528109999998,60.8488324],[172.1017781,60.8461121]],[[172.4821544,61.1145],[172.4966597,61.110835599999994],[172.4919069,61.1016962],[172.4813926,61.0978488],[172.46115799999998,61.09689989999999],[172.4594092,61.10425740000001],[172.4641514,61.1088296],[172.4821544,61.1145]],[[172.8406697,61.25865219999999],[172.8423471,61.255938400000005],[172.836891,61.257154099999994],[172.8406697,61.25865219999999]],[[164.68312229999998,62.5846512],[164.67759429999998,62.5842026],[164.67540839999998,62.58532979999999],[164.6825153,62.5880732],[164.68312229999998,62.5846512]],[[164.67883589999997,62.6201449],[164.68376039999998,62.6217706],[164.6816254,62.61880029999999],[164.67883589999997,62.6201449]],[[164.55231330000004,62.6641236],[164.5365732,62.663645800000005],[164.5434103,62.6677282],[164.55231330000004,62.6641236]],[[178.69705859999996,64.6063572],[178.68861429999998,64.61026389999999],[178.68279669999998,64.6170093],[178.6910418,64.6147695],[178.69705859999996,64.6063572]],[[178.7277304,64.626241],[178.7332678,64.6259347],[178.7374815,64.62382320000002],[178.73598749999996,64.6218627],[178.7277304,64.626241]],[[176.4727235,65.0494111],[176.4508259,65.0475283],[176.449753,65.0531582],[176.4727235,65.0494111]]],[[[143.13330259999998,52.0152927],[143.12981845720014,52.0203042309584],[143.1341455220224,52.01379825597132],[143.13330259999998,52.0152927]]]]}}]}